is_weekend,is_peak_hour,trip_distance_km,passenger_count,ride_type,vehicle_type,weather,traffic_level,surge_multiplier,fare
0,0,11.90209428,1,UberX,Hatchback,Clear,Medium,1.0,23.53
1,1,22.56202325,1,LyftPlus,SUV,Clear,Medium,2.5,55.94
1,0,10.35544802,3,UberX,Sedan,Clear,Medium,2.0,31.34
1,1,22.16291844,1,UberX,SUV,Cloudy,Low,1.0,34.82
1,0,22.82553445,1,UberX,Van,Clear,Medium,1.0,38.85
0,0,7.155081562,1,UberXL,Sedan,Clear,High,1.0,17.31
0,1,19.27988856,2,UberX,SUV,Rainy,Medium,1.0,37.73
0,1,11.52352669,1,UberXL,Sedan,Clear,Low,1.0,20.18
0,1,23.81836264,1,LyftPlus,Sedan,Clear,Medium,1.0,42.79
0,1,12.39294427,1,UberX,Sedan,Clear,Medium,1.0,28.36
1,0,18.26675656,1,UberX,SUV,Clear,Medium,1.0,32.25
0,0,14.02729707,5,UberX,SUV,Rainy,Very Heavy,1.0,31.77
0,0,5.128972108,2,Standard,Sedan,Clear,High,2.0,24.03
0,1,5.647951086,1,UberX,SUV,Rainy,Medium,2.5,34.92
0,1,8.381327179,3,UberXL,Sedan,Rainy,Medium,2.0,30.17
1,0,12.43155967,1,UberX,Sedan,Rainy,Low,2.5,37.54
0,0,20.39125638,2,LyftPlus,Sedan,Rainy,Medium,1.0,39.0
1,1,16.08635034,1,UberX,Hatchback,Rainy,Medium,1.5,36.33
1,1,19.75453501,2,UberXL,Sedan,Clear,High,1.0,37.1
0,0,8.829291073,1,UberXL,Sedan,Clear,Low,2.0,28.96
1,0,10.95573864,1,LyftPlus,Sedan,Clear,Medium,1.5,28.85
0,0,3.087325563,1,UberX,SUV,Rainy,Medium,1.0,12.07
0,0,21.48785228,1,Lyft,Hatchback,Rainy,High,1.0,41.22
0,0,24.9367141,2,UberX,Hatchback,Clear,Low,1.0,40.07
0,1,11.82882514,1,Standard,Hatchback,Cloudy,Medium,1.0,25.4
0,0,2.254814298,1,Lyft,Sedan,Clear,Low,2.5,20.74
1,0,6.753857256,2,Lyft,Van,Clear,Medium,2.0,27.81
0,0,17.3412157,1,UberXL,Sedan,Clear,Low,1.0,29.48
1,0,9.975350931,2,UberX,Sedan,Clear,Low,1.0,18.78
0,0,17.00341512,1,UberX,SUV,Rainy,Low,1.0,30.64
0,0,20.51479273,1,Lyft,SUV,Clear,Medium,2.5,49.37
1,0,8.333152565,4,Standard,Sedan,Clear,Medium,2.0,29.42
0,1,18.79733729,1,UberX,Van,Snowy,High,1.0,39.52
1,0,19.49564374,1,LyftPlus,SUV,Rainy,Low,1.0,39.3
0,0,12.08352035,2,UberX,SUV,Clear,Low,1.5,26.37
0,0,16.74494908,1,Standard,Sedan,Clear,Medium,1.0,31.07
1,1,6.939104674,2,UberX,Sedan,Clear,High,2.0,32.33
0,1,11.28133828,3,UberX,Van,Snowy,Medium,1.0,23.49
0,0,20.58900649,1,UberXL,Hatchback,Cloudy,Medium,1.0,35.59
0,1,11.71778747,3,Lyft,SUV,Rainy,High,1.0,31.07
1,1,9.945248444,1,Lyft,SUV,Clear,Medium,1.0,18.45
1,1,21.37464046,1,UberXL,Hatchback,Clear,Medium,1.0,40.6
0,0,5.193751833,3,UberXL,SUV,Clear,Low,1.0,12.93
0,1,14.59312751,2,UberX,Sedan,Clear,Low,2.0,40.3
0,1,8.828707035,3,UberX,SUV,Clear,Very Heavy,1.5,28.34
1,1,17.28957607,4,UberX,SUV,Rainy,Medium,1.0,36.83
0,1,12.82027935,1,Lyft,Van,Clear,Medium,1.0,23.98
0,0,9.908565846,1,Lyft,Hatchback,Clear,Very Heavy,1.0,22.72
0,1,5.542124333,1,Lyft,Sedan,Rainy,High,1.0,17.55
1,1,6.262090496,1,Lyft,Sedan,Clear,Medium,1.0,15.52
0,0,12.13541004,1,UberX,SUV,Cloudy,High,2.0,34.93
1,0,4.860727584,2,Lyft,SUV,Clear,High,2.0,22.62
1,0,4.73320757,1,UberX,Sedan,Clear,High,1.0,10.3
0,0,12.29644277,2,Lyft,SUV,Clear,Low,1.5,27.86
1,1,10.66286974,2,UberX,Hatchback,Snowy,Medium,1.5,31.52
0,0,23.77408437,1,Lyft,Sedan,Rainy,Medium,2.5,58.38
1,1,11.84103645,1,UberXL,Hatchback,Clear,Low,1.0,23.0
0,0,18.00964421,1,UberXL,Sedan,Clear,Medium,1.5,34.99
1,0,16.8037279,1,Lyft,Sedan,Rainy,Medium,1.0,34.69
0,0,8.348746157,2,UberX,Sedan,Clear,Low,1.0,15.76
1,1,18.64630673,1,UberX,SUV,Snowy,Medium,1.0,36.21
0,0,8.57210388,3,Lyft,Van,Snowy,Medium,1.0,24.14
0,1,23.61500291,2,LyftPlus,Hatchback,Rainy,Medium,1.0,47.13
1,1,15.53177261,1,UberX,Sedan,Snowy,High,1.0,30.2
0,0,20.58131877,2,UberX,Sedan,Clear,High,1.5,41.08
1,1,10.59829763,1,UberXL,SUV,Clear,Very Heavy,1.5,30.67
0,1,4.058044483,1,Lyft,Sedan,Clear,Medium,2.5,28.5
0,0,18.9438151,1,UberXL,Hatchback,Clear,High,1.0,35.8
1,0,3.436797684,1,LyftPlus,Sedan,Snowy,High,2.0,28.58
1,0,14.09366358,1,UberXL,Sedan,Clear,High,1.0,25.55
0,1,8.053625711,5,UberX,Sedan,Cloudy,High,1.0,23.47
1,0,18.79367386,1,UberX,Hatchback,Rainy,Medium,1.0,32.68
0,1,26.36418303,1,UberXL,Sedan,Clear,Medium,1.5,51.89
1,1,13.53990556,1,Lyft,Sedan,Clear,High,1.0,31.1
0,1,21.14292434,1,UberX,SUV,Clear,High,1.5,41.22
0,0,13.63911024,1,Standard,SUV,Clear,High,1.5,29.9
0,0,14.65263846,1,UberX,Van,Clear,Low,2.5,41.55
0,0,24.17642981,1,UberXL,Sedan,Clear,Medium,2.0,52.23
0,0,21.84985778,1,UberX,Sedan,Clear,Medium,1.0,36.18
0,0,21.00739319,1,LyftPlus,SUV,Rainy,High,1.5,46.49
1,0,10.52598107,2,Lyft,Sedan,Clear,High,2.0,34.9
1,1,13.86853852,1,UberX,Sedan,Clear,Medium,2.5,43.33
0,0,8.115653104,2,Standard,Sedan,Cloudy,High,1.5,26.51
0,0,12.70043841,1,UberX,Hatchback,Clear,Low,1.5,28.09
1,0,13.64730094,1,Lyft,Sedan,Clear,Medium,1.0,25.18
0,1,20.34342765,1,LyftPlus,Hatchback,Rainy,Medium,1.5,45.14
1,0,20.88606828,1,Lyft,Van,Cloudy,High,1.0,39.74
0,1,11.36622507,1,Standard,Van,Cloudy,High,1.0,23.88
0,0,2.494039478,5,LyftPlus,SUV,Clear,Medium,1.0,10.95
0,0,5.353223068,1,Standard,Van,Clear,Medium,1.0,12.39
0,0,22.32853759,6,UberX,SUV,Clear,Medium,1.0,40.35
1,0,7.146723157,1,UberX,Sedan,Snowy,Medium,2.0,26.72
0,1,15.28467253,1,Lyft,Hatchback,Clear,Very Heavy,1.5,34.91
1,0,2.429801435,1,Lyft,SUV,Clear,High,1.0,8.92
0,0,11.17246977,1,UberXL,Sedan,Cloudy,Medium,1.0,21.02
0,1,24.71426966,3,UberX,Hatchback,Snowy,Medium,2.5,64.08
0,1,4.880151679,2,LyftPlus,SUV,Rainy,Low,1.0,16.76
1,0,12.63188844,2,Standard,Hatchback,Clear,Medium,1.0,22.82
0,0,10.73276922,1,UberXL,Hatchback,Clear,High,1.0,21.31
1,0,21.91264491,1,UberX,Sedan,Cloudy,Low,2.0,46.13
1,1,21.16421187,6,UberX,Sedan,Clear,High,1.0,43.98
1,1,8.364732713,1,UberX,Hatchback,Clear,Medium,2.5,33.24
1,0,4.704100679,2,Lyft,SUV,Clear,Very Heavy,1.0,18.7
1,0,17.54040823,1,Standard,Sedan,Cloudy,Low,1.0,30.1
0,0,10.40768832,5,UberX,Sedan,Clear,High,1.0,24.78
0,0,19.52637782,2,Lyft,Sedan,Rainy,High,1.0,37.63
0,0,2.118759865,6,Lyft,SUV,Clear,Low,1.0,11.41
0,0,5.84021686,1,UberX,Sedan,Clear,Medium,1.0,14.21
0,0,6.13410937,1,Lyft,Sedan,Snowy,High,1.0,17.83
1,1,16.69718805,1,Lyft,SUV,Clear,Medium,1.0,30.12
1,0,5.604195129,2,LyftPlus,Sedan,Rainy,Medium,1.5,21.49
0,1,20.7419098,2,UberXL,Sedan,Clear,Very Heavy,1.5,45.2
0,1,5.498087241,1,Lyft,Van,Clear,Low,1.5,18.73
1,0,8.835835177,1,UberX,SUV,Rainy,Medium,2.5,33.85
0,0,24.83967298,1,UberX,Sedan,Cloudy,High,1.0,43.08
1,0,12.16540127,3,UberX,Hatchback,Rainy,Medium,1.0,24.93
1,1,17.6091476,1,UberX,Sedan,Clear,Medium,1.0,32.92
0,0,6.831197755,1,UberX,SUV,Clear,Medium,1.0,13.32
0,1,11.52583831,1,UberX,Sedan,Cloudy,High,1.0,25.51
0,0,18.12705422,1,Lyft,Hatchback,Clear,Medium,2.0,40.81
1,0,17.7377779,4,Lyft,Sedan,Cloudy,High,1.5,39.82
1,0,10.31092369,1,UberX,Sedan,Clear,Medium,1.0,21.84
1,0,22.99280781,1,UberX,SUV,Cloudy,High,1.0,41.85
1,0,17.04976954,1,Lyft,Hatchback,Cloudy,Medium,1.0,30.21
0,0,10.43642951,1,UberX,SUV,Clear,Very Heavy,2.5,38.43
0,0,13.72580246,1,UberXL,Hatchback,Rainy,Low,1.0,27.08
0,0,15.96313985,1,Lyft,Sedan,Clear,Medium,1.0,30.1
0,1,6.792299645,1,UberX,Hatchback,Clear,Low,2.5,31.25
0,0,13.09252123,1,UberX,SUV,Clear,Medium,2.5,42.14
0,0,11.10392079,3,UberX,Sedan,Clear,Low,1.0,19.33
1,0,11.33501997,2,UberX,Hatchback,Clear,High,1.0,24.39
0,0,19.19171822,5,Standard,Hatchback,Clear,High,1.0,36.89
0,0,12.30968726,4,UberX,Van,Clear,Low,2.0,34.64
1,1,23.81631971,1,UberXL,SUV,Clear,Low,1.0,41.19
0,0,8.056432843,1,Lyft,SUV,Clear,High,2.0,31.76
1,0,12.90999035,2,UberX,Hatchback,Clear,Medium,1.0,24.95
0,1,12.73463393,1,UberX,Sedan,Rainy,Medium,1.0,29.4
0,1,20.87050583,1,LyftPlus,Van,Rainy,Low,1.5,43.26
1,1,13.69071394,1,LyftPlus,Sedan,Cloudy,Medium,1.0,28.65
0,0,14.88465582,1,UberX,Sedan,Clear,Low,1.0,24.61
0,1,3.784177965,1,UberX,Sedan,Clear,High,1.0,14.92
1,1,11.87199896,1,Lyft,SUV,Rainy,Medium,1.5,28.96
0,0,9.484654994,1,UberX,Sedan,Rainy,High,1.0,21.47
0,0,24.47177565,2,UberX,Sedan,Clear,Medium,1.0,41.32
1,0,9.30782803,1,UberX,SUV,Rainy,Medium,1.0,23.72
1,0,23.1388516,5,UberX,SUV,Clear,Medium,1.0,40.82
0,0,16.74764221,1,UberX,Hatchback,Clear,Very Heavy,2.0,42.6
1,1,9.753499566,1,UberXL,Sedan,Rainy,Medium,1.0,22.24
0,0,14.96359316,1,Lyft,Sedan,Clear,Low,1.0,26.36
0,1,22.39150973,1,UberXL,Sedan,Clear,Medium,1.0,40.19
0,0,21.46532782,1,UberX,SUV,Clear,Low,1.5,39.62
1,0,8.31836424,1,UberXL,Sedan,Clear,Low,1.0,18.89
0,1,9.119946345,3,Lyft,Sedan,Clear,Medium,2.0,31.91
0,1,11.92518879,2,UberX,SUV,Clear,Medium,1.0,26.45
0,0,5.124575663,1,UberX,Hatchback,Snowy,Very Heavy,1.0,19.0
1,1,3.569898408,1,UberX,Sedan,Rainy,Low,1.0,11.3
0,1,14.52902738,1,UberX,SUV,Clear,High,1.0,29.58
0,0,22.52590533,1,Standard,Sedan,Clear,Medium,1.0,37.11
1,0,11.01723535,1,Lyft,Sedan,Clear,Low,1.0,18.28
0,0,18.27384374,5,UberX,Sedan,Rainy,Very Heavy,1.0,39.51
0,1,18.62111031,1,Lyft,SUV,Clear,High,2.0,46.63
1,0,10.07036974,2,UberX,SUV,Clear,Medium,2.0,29.91
0,0,5.376376991,1,UberX,Hatchback,Clear,High,1.0,14.83
0,0,7.391601687,2,UberX,Hatchback,Clear,Very Heavy,1.0,18.99
1,0,15.80567593,1,Lyft,SUV,Rainy,Medium,2.0,42.62
1,0,21.89180148,2,UberX,Sedan,Rainy,Low,1.0,38.34
0,1,17.17724028,3,UberX,Hatchback,Cloudy,Low,2.5,49.44
0,0,4.203862764,1,UberX,Hatchback,Clear,High,1.0,13.79
0,0,8.6983864,1,UberX,Hatchback,Rainy,High,1.5,22.75
0,1,4.760280668,5,Lyft,Sedan,Clear,High,1.0,15.48
1,0,15.79154082,2,LyftPlus,Hatchback,Clear,Low,1.0,25.3
0,0,8.163589114,1,Lyft,Hatchback,Clear,Very Heavy,1.0,20.3
1,0,18.94210475,1,Lyft,SUV,Clear,Medium,1.0,31.58
0,1,4.817914165,1,Standard,Hatchback,Clear,Medium,1.0,15.94
1,1,22.766659,1,UberX,Hatchback,Cloudy,Low,1.0,38.21
1,0,15.95643897,1,UberX,SUV,Clear,Very Heavy,1.0,31.9
0,0,18.38540525,1,UberXL,Hatchback,Clear,Medium,1.0,31.11
0,0,24.970906,1,UberX,Hatchback,Cloudy,Medium,1.0,43.91
0,0,4.779898213,2,UberXL,Van,Clear,Very Heavy,1.0,14.84
0,0,23.01187527,3,UberX,Van,Rainy,Very Heavy,1.0,44.84
0,0,6.368776223,1,UberX,SUV,Cloudy,Low,1.0,12.12
0,0,9.570812926,2,UberXL,Sedan,Clear,Very Heavy,1.0,21.39
0,1,22.63779024,1,Standard,Sedan,Clear,High,2.5,57.9
0,0,23.77193343,1,UberX,Van,Rainy,Low,1.5,45.24
0,1,13.35948854,3,UberX,Sedan,Rainy,Low,1.0,31.88
1,0,17.31440456,1,Lyft,Sedan,Clear,Medium,1.0,32.86
1,0,16.36192658,1,UberX,SUV,Clear,Medium,1.0,29.09
0,0,21.67364379,1,UberX,Sedan,Clear,High,1.0,38.54
0,1,5.713178776,1,UberX,SUV,Cloudy,Low,1.0,14.28
1,1,20.51205371,2,Lyft,Hatchback,Clear,High,1.0,41.62
0,1,13.60744264,6,LyftPlus,Sedan,Cloudy,High,1.0,34.77
0,1,12.58273056,2,Lyft,Hatchback,Snowy,Medium,1.0,26.52
0,1,11.1081471,3,UberX,SUV,Rainy,Very Heavy,1.0,31.22
0,0,13.32675913,2,UberX,SUV,Rainy,High,1.0,28.36
1,1,13.79238136,3,UberX,Sedan,Clear,Low,1.0,26.05
0,0,24.80656502,1,Standard,Hatchback,Clear,High,1.0,45.19
0,0,15.70400068,3,Lyft,Sedan,Clear,Very Heavy,1.0,32.58
0,0,9.568929859,1,UberX,Sedan,Clear,Low,1.0,19.56
0,0,23.89057965,3,Lyft,SUV,Clear,Very Heavy,1.0,46.26
0,0,6.945803446,1,UberXL,Van,Rainy,Low,1.0,16.02
0,1,20.53725192,2,Standard,SUV,Clear,Medium,1.5,45.39
0,1,19.72882406,2,LyftPlus,Hatchback,Rainy,High,1.0,40.12
0,0,17.50276143,6,UberX,SUV,Clear,High,1.0,33.66
0,1,14.77010211,2,Lyft,Sedan,Clear,High,1.0,33.53
0,1,15.54978943,1,UberXL,Sedan,Clear,Medium,1.0,29.82
0,0,21.3169616,1,UberX,Sedan,Snowy,High,2.0,51.29
1,0,20.57405363,1,Lyft,Sedan,Cloudy,High,2.0,47.12
0,0,7.175042269,1,UberXL,SUV,Clear,Medium,1.0,15.41
0,0,20.84555893,1,UberX,Sedan,Clear,Medium,1.0,36.4
0,0,11.94998758,1,Lyft,Hatchback,Cloudy,High,1.0,22.81
0,1,8.122729974,1,Lyft,Van,Clear,Medium,2.5,32.65
0,0,21.73907812,3,UberX,SUV,Clear,Medium,1.5,42.23
1,0,15.2763352,3,UberX,Sedan,Clear,Low,1.0,27.42
0,0,19.04904749,1,Lyft,Sedan,Clear,High,1.0,35.87
0,0,9.438948006,1,UberX,SUV,Clear,Low,1.5,24.65
1,1,5.513818456,1,LyftPlus,SUV,Clear,Medium,1.0,18.5
1,0,14.97918802,1,UberX,Sedan,Rainy,Low,1.0,27.99
0,0,5.251963812,1,UberX,Sedan,Clear,Low,1.0,10.7
1,0,18.4235027,1,UberX,SUV,Clear,Medium,1.0,30.61
0,0,10.37842733,1,UberXL,SUV,Clear,Medium,2.0,30.66
0,1,12.93734598,1,Lyft,Hatchback,Clear,Medium,2.0,35.7
1,0,11.23051179,1,UberXL,Van,Clear,Low,1.0,19.36
0,0,4.594457202,1,UberX,Hatchback,Rainy,Very Heavy,1.0,15.61
1,1,8.10040952,2,LyftPlus,Sedan,Clear,Low,1.0,17.26
1,0,17.33326531,2,UberX,Hatchback,Clear,High,1.0,32.99
0,0,5.105576581,1,UberX,SUV,Clear,High,1.0,15.12
0,0,17.34294957,1,UberX,Hatchback,Rainy,Medium,1.0,31.23
0,0,23.76368794,1,UberX,Hatchback,Clear,Medium,2.0,51.43
0,0,17.63297176,1,UberX,Sedan,Clear,Very Heavy,1.0,36.48
1,0,22.21660256,1,UberX,Sedan,Clear,Medium,1.0,37.99
0,1,6.426815757,1,UberX,Sedan,Rainy,Low,1.0,18.92
0,0,8.390822535,1,LyftPlus,Sedan,Clear,Medium,1.0,16.21
0,1,22.42725206,1,UberX,SUV,Rainy,Medium,1.0,43.33
1,0,19.11506312,2,Lyft,Hatchback,Rainy,High,1.0,36.7
0,1,7.98215359,1,Lyft,Sedan,Cloudy,Very Heavy,1.0,23.36
0,0,15.6445001,1,UberX,SUV,Clear,Low,1.0,23.33
1,0,17.30748621,1,UberXL,SUV,Clear,Medium,1.0,32.53
0,1,12.77797939,1,UberXL,Sedan,Cloudy,Medium,1.0,26.39
0,0,5.29498616,3,UberX,Hatchback,Clear,Very Heavy,1.0,17.24
0,0,8.960163897,1,Standard,SUV,Clear,Medium,1.0,17.11
0,0,20.59201662,1,Lyft,SUV,Clear,High,1.0,39.89
0,0,19.38906284,1,LyftPlus,Hatchback,Cloudy,Medium,1.0,35.25
0,1,13.82564988,1,LyftPlus,SUV,Clear,High,1.0,28.47
0,1,22.70616149,1,UberX,Sedan,Clear,Medium,1.0,37.76
0,1,11.8742242,1,UberX,Hatchback,Rainy,Very Heavy,1.0,29.34
1,1,10.19533703,3,UberX,SUV,Clear,Medium,1.0,19.61
1,1,23.50352225,1,LyftPlus,Hatchback,Cloudy,High,1.0,44.35
0,0,19.34612154,1,LyftPlus,Sedan,Clear,Medium,1.0,34.56
0,0,13.46928721,1,UberXL,Sedan,Rainy,High,1.0,29.62
1,0,5.058759194,2,UberX,Hatchback,Clear,Medium,2.5,26.35
1,0,7.913348997,3,UberX,Sedan,Cloudy,Low,1.0,15.77
0,0,19.26136532,2,LyftPlus,SUV,Cloudy,Medium,2.0,44.35
1,1,10.33196036,2,Standard,SUV,Rainy,Medium,1.0,24.03
1,0,22.30777522,5,UberX,SUV,Cloudy,Low,1.0,36.82
1,1,22.69644166,1,UberX,Sedan,Clear,Low,2.5,53.56
0,1,22.84153176,2,UberX,Sedan,Cloudy,Medium,2.0,52.81
1,0,9.709347646,5,UberX,Sedan,Rainy,Medium,1.0,22.42
0,0,21.09140177,1,LyftPlus,SUV,Cloudy,Medium,1.0,36.88
0,1,11.61209224,1,UberXL,Van,Rainy,Medium,1.0,25.79
0,0,7.29620692,2,Lyft,Sedan,Clear,Low,1.5,23.11
0,0,2.857400937,3,UberXL,Hatchback,Rainy,Low,1.0,10.77
0,1,10.42942421,3,UberX,Sedan,Clear,High,1.0,25.53
0,0,24.15070531,2,UberX,Hatchback,Rainy,Low,1.0,41.32
1,0,9.306111563,4,Lyft,Sedan,Clear,High,1.0,22.52
0,1,8.578050436,1,Lyft,Sedan,Clear,Medium,1.5,24.81
1,0,25.49202927,1,UberX,SUV,Snowy,Very Heavy,1.5,51.28
0,0,2.014008807,1,UberX,SUV,Cloudy,Low,1.0,9.22
0,0,18.72123626,1,UberX,Sedan,Cloudy,High,1.0,34.67
0,0,9.398815219,1,UberX,Sedan,Rainy,Medium,1.5,26.5
0,0,3.345093646,1,Lyft,Sedan,Rainy,Low,1.0,9.17
0,0,22.60545367,1,UberXL,Hatchback,Rainy,Medium,1.0,41.63
0,0,6.349629237,3,UberXL,Van,Clear,Medium,1.0,16.52
0,0,16.25439474,1,LyftPlus,Sedan,Cloudy,Medium,1.0,27.49
1,0,8.735197355,3,UberXL,SUV,Cloudy,Medium,2.5,34.99
0,0,3.618924411,3,UberX,Sedan,Rainy,Very Heavy,1.0,15.92
0,0,4.911217785,1,UberX,Sedan,Cloudy,Medium,1.0,11.12
1,0,5.260282886,1,LyftPlus,Sedan,Clear,Medium,1.5,19.9
0,1,4.677399189,2,Lyft,Hatchback,Clear,High,1.0,14.52
0,0,19.39980529,2,UberX,Sedan,Snowy,High,1.0,39.05
0,0,14.02242681,1,Lyft,Hatchback,Clear,Low,2.0,32.32
1,1,9.529721877,1,UberXL,Sedan,Rainy,High,1.0,22.69
0,0,12.93038825,1,LyftPlus,Hatchback,Clear,Medium,1.0,25.48
0,1,23.40405148,1,Standard,SUV,Rainy,Low,1.0,41.98
0,0,22.27222365,1,Lyft,Sedan,Rainy,Medium,1.0,42.67
0,0,19.27581555,1,Lyft,Hatchback,Rainy,Low,1.5,38.7
0,0,21.69774117,1,UberX,Sedan,Clear,Medium,1.0,36.46
1,0,9.311184009,4,Lyft,Sedan,Clear,Medium,1.5,23.92
0,1,10.18312827,1,Lyft,Sedan,Rainy,Medium,1.0,23.54
0,1,8.29641784,3,UberXL,Sedan,Cloudy,Medium,2.0,32.07
0,0,17.03595338,2,Lyft,Sedan,Clear,High,1.0,32.53
0,0,17.88538749,2,LyftPlus,Sedan,Clear,Medium,1.0,31.77
1,0,13.14679671,1,UberX,Sedan,Clear,High,2.0,37.46
0,0,11.01600015,1,UberX,Sedan,Cloudy,High,1.0,24.0
1,0,22.88367208,2,Lyft,Van,Rainy,High,1.0,42.96
1,0,18.89136869,3,LyftPlus,Hatchback,Snowy,High,2.5,55.87
1,1,13.2962949,1,LyftPlus,Sedan,Clear,Low,2.5,38.28
0,0,17.0264267,1,Lyft,Hatchback,Clear,Medium,1.5,35.75
1,1,7.786423681,2,LyftPlus,SUV,Rainy,Medium,1.0,20.7
0,1,5.487156496,1,Lyft,Sedan,Clear,Medium,1.0,15.94
0,0,10.84318982,1,UberX,Sedan,Clear,Low,1.0,19.72
0,1,12.19010399,2,Lyft,Van,Clear,Medium,1.0,26.28
1,0,10.00691945,1,UberX,Hatchback,Clear,Very Heavy,1.0,19.83
0,0,3.006889887,1,UberX,Hatchback,Clear,Medium,1.0,9.5
1,0,3.862134325,3,UberX,SUV,Clear,Medium,1.0,13.01
0,0,20.29128059,1,UberX,SUV,Clear,Low,1.0,33.18
0,1,10.61320698,1,UberX,SUV,Clear,High,1.0,26.16
0,0,10.1096582,1,UberX,Hatchback,Rainy,Medium,1.0,21.43
0,1,14.98286354,1,UberX,Hatchback,Clear,Low,2.0,37.24
0,1,4.25497161,2,UberX,Sedan,Clear,Very Heavy,1.0,15.68
1,1,6.160965477,1,UberXL,SUV,Clear,High,1.0,16.16
1,0,22.23070744,1,Lyft,SUV,Clear,High,1.0,39.95
0,0,17.05985336,1,LyftPlus,Sedan,Rainy,Very Heavy,1.0,34.85
0,1,24.69773503,1,LyftPlus,Sedan,Cloudy,Medium,1.0,43.23
0,0,26.4838539,1,UberXL,Hatchback,Cloudy,High,1.0,45.25
0,0,9.673020174,1,Lyft,Van,Clear,Low,1.0,18.65
0,0,9.152922261,1,UberX,Hatchback,Clear,High,2.0,28.33
1,0,23.11141272,1,UberX,Sedan,Clear,Low,1.0,39.01
0,1,23.22371548,1,Lyft,Sedan,Snowy,Low,1.0,44.14
0,0,15.6758779,3,Lyft,Sedan,Rainy,Medium,1.0,31.83
0,1,19.87736023,1,LyftPlus,SUV,Clear,Low,1.5,38.55
0,0,22.2427327,1,Lyft,Hatchback,Clear,Medium,1.0,38.27
0,0,9.842940877,1,UberX,Hatchback,Clear,Medium,2.0,31.32
0,0,16.71776901,2,LyftPlus,Hatchback,Clear,Medium,1.5,33.47
1,0,21.29935581,1,Lyft,Sedan,Cloudy,Low,1.0,35.97
0,1,16.99205126,4,LyftPlus,Sedan,Clear,Low,1.0,30.42
0,0,6.265428054,1,Lyft,Van,Rainy,Medium,1.0,15.74
0,0,10.60217272,2,UberX,Hatchback,Clear,High,1.0,22.95
0,1,8.376202318,1,UberX,SUV,Clear,Low,1.0,16.86
0,0,6.712972873,2,UberX,Sedan,Clear,Medium,1.5,19.29
0,0,8.582344848,2,UberX,SUV,Rainy,High,1.0,21.76
0,0,25.07284186,1,UberX,SUV,Clear,Low,1.0,39.44
0,0,5.597596204,1,UberXL,Sedan,Clear,Medium,1.0,14.37
1,0,6.90401752,1,Standard,Sedan,Cloudy,Medium,1.0,18.52
0,1,11.82925066,1,LyftPlus,SUV,Clear,Very Heavy,1.5,30.38
0,0,15.87131663,2,Lyft,Sedan,Clear,Low,1.0,25.35
1,0,15.07247806,1,UberX,Van,Clear,Medium,1.0,25.04
0,0,6.350410504,1,UberX,Sedan,Rainy,High,1.0,17.51
1,0,7.649909893,1,Lyft,SUV,Clear,Medium,1.5,23.01
1,0,7.90219552,1,UberX,SUV,Rainy,Medium,1.0,20.17
0,0,12.90616415,5,LyftPlus,SUV,Clear,Low,1.0,24.99
1,0,10.1544123,3,Standard,Sedan,Clear,Very Heavy,2.0,34.13
0,0,25.28345643,1,UberX,SUV,Rainy,High,1.5,52.89
0,1,14.67513765,2,Lyft,Sedan,Rainy,Medium,1.0,30.58
0,0,2.770561915,3,UberX,Sedan,Cloudy,Medium,1.0,9.59
0,0,20.61740385,1,Lyft,Sedan,Clear,Low,2.5,52.4
1,0,9.93408066,2,UberX,Sedan,Clear,Medium,1.5,27.5
0,1,14.05150347,1,UberX,Van,Rainy,Medium,1.0,27.95
0,1,18.0017102,1,Lyft,SUV,Clear,Medium,1.0,33.23
0,0,9.402407412,1,Lyft,Sedan,Clear,Medium,1.0,21.85
0,0,15.56488339,2,Lyft,Van,Clear,High,1.0,29.23
1,0,19.97369218,1,UberXL,Sedan,Clear,Medium,1.0,37.51
0,0,22.736678,1,Lyft,Sedan,Clear,Medium,1.0,38.56
0,1,7.67673333,1,Lyft,Sedan,Cloudy,High,1.5,25.22
1,0,10.00419095,1,Standard,Hatchback,Cloudy,Medium,1.0,18.83
0,1,14.40474978,2,LyftPlus,SUV,Cloudy,High,1.5,35.19
0,0,22.00122146,1,Lyft,Sedan,Snowy,Low,1.0,39.16
0,0,24.17117708,1,Lyft,Sedan,Clear,High,1.0,42.78
1,0,5.120711909,1,Lyft,SUV,Clear,Very Heavy,1.0,15.18
0,0,8.781474619,1,UberX,SUV,Clear,Medium,1.0,19.37
1,0,6.735616661,1,UberX,Hatchback,Cloudy,Medium,1.0,14.95
0,0,14.82954688,1,LyftPlus,SUV,Clear,Low,1.0,22.7
1,1,5.36802559,1,LyftPlus,SUV,Clear,Medium,1.5,19.49
0,0,10.65512234,1,Lyft,Hatchback,Clear,Medium,1.0,19.77
1,1,7.158574997,1,UberXL,SUV,Clear,Low,1.5,23.72
0,0,15.95159305,1,UberX,Sedan,Clear,High,1.5,36.32
0,0,22.69444094,2,UberX,Sedan,Clear,High,1.5,47.48
0,1,24.46345602,1,UberXL,SUV,Cloudy,Medium,1.0,48.0
1,0,11.54339544,2,UberXL,Hatchback,Clear,Medium,2.5,38.07
1,0,18.09914917,1,Standard,Sedan,Snowy,Medium,1.0,35.6
1,1,21.8858711,1,UberX,SUV,Clear,High,1.5,47.91
0,0,7.584318114,1,UberXL,Sedan,Cloudy,Medium,1.0,17.9
0,0,18.68587474,1,UberX,Sedan,Clear,High,1.0,33.39
0,1,11.54109791,1,Standard,Sedan,Rainy,Medium,2.5,39.29
0,1,8.682284175,2,LyftPlus,Sedan,Clear,Medium,1.0,17.49
0,0,11.61771679,1,UberXL,Sedan,Rainy,Low,1.0,21.6
0,0,4.922335762,1,Standard,Sedan,Cloudy,Low,1.0,10.28
1,0,16.96258597,1,UberXL,SUV,Clear,Medium,1.0,29.95
1,0,7.051674943,2,UberX,Sedan,Clear,Medium,1.5,20.59
0,0,10.40457972,6,Lyft,SUV,Clear,High,1.0,26.96
0,1,6.767517515,1,UberX,Sedan,Clear,Medium,2.0,27.94
1,0,23.96816801,1,Lyft,Sedan,Clear,Medium,1.0,39.93
0,0,13.0464017,1,Standard,SUV,Rainy,Medium,1.0,28.48
0,1,17.05097544,3,Lyft,SUV,Clear,Low,1.0,31.38
0,1,16.84196593,6,UberX,Hatchback,Rainy,Low,1.0,35.91
0,0,11.53968566,2,UberX,Sedan,Cloudy,Low,2.0,32.01
0,0,8.623745029,1,UberX,SUV,Rainy,Medium,1.5,25.25
0,0,20.33713684,1,UberX,Sedan,Clear,Low,1.0,35.63
1,0,6.937420916,2,UberX,SUV,Clear,Low,1.0,13.28
0,1,7.452583765,2,UberXL,Sedan,Clear,High,1.0,20.02
1,1,19.72385267,2,Lyft,Hatchback,Clear,Low,1.0,34.23
1,0,5.457516321,1,Lyft,SUV,Clear,Low,1.5,17.06
1,1,10.07156103,1,UberX,Hatchback,Cloudy,Very Heavy,1.5,30.87
0,1,8.433198499,1,UberX,Van,Rainy,Medium,1.0,21.48
0,0,13.60645434,2,UberX,Van,Clear,Low,2.0,34.51
1,1,12.97935683,1,UberX,SUV,Clear,Low,1.0,24.71
0,1,18.00504585,1,UberX,Hatchback,Clear,Medium,1.0,34.32
1,0,15.68789631,1,UberX,Sedan,Snowy,Medium,1.5,37.01
0,0,16.64638367,1,Lyft,Sedan,Snowy,Low,1.0,29.55
1,0,18.37203472,1,LyftPlus,SUV,Clear,Low,1.0,30.64
1,1,9.305775157,1,UberXL,Van,Clear,Very Heavy,1.0,23.02
0,1,10.19676677,1,Lyft,Hatchback,Clear,Medium,1.0,23.04
0,0,13.22120128,3,UberX,Sedan,Clear,Medium,1.0,27.59
0,0,9.451615498,4,LyftPlus,SUV,Clear,Medium,1.0,21.52
1,0,25.94828155,1,UberX,Sedan,Rainy,Low,1.0,44.34
0,0,20.87090387,2,UberX,SUV,Clear,Medium,1.0,35.65
1,1,7.54689396,1,UberX,Sedan,Rainy,Very Heavy,1.0,26.31
1,0,2.818590612,3,UberX,Sedan,Clear,Low,1.0,7.14
0,1,6.684941071,2,Lyft,Sedan,Rainy,Very Heavy,1.0,20.64
1,0,8.836660098,1,Standard,Hatchback,Rainy,Low,2.0,29.83
0,0,6.635298601,1,Lyft,SUV,Clear,Medium,1.5,19.09
0,1,4.8204663,1,UberX,Sedan,Rainy,Low,1.0,15.58
1,1,14.28628825,2,Lyft,Sedan,Clear,Medium,1.5,36.13
1,0,21.62375725,1,Lyft,Hatchback,Clear,Medium,1.0,37.23
0,0,21.68150479,1,LyftPlus,Van,Clear,High,1.0,39.66
1,0,7.53065937,1,Lyft,Hatchback,Clear,Medium,1.0,15.83
1,0,10.96114954,5,Lyft,Sedan,Clear,Medium,1.0,23.3
0,1,15.47457906,4,Lyft,Sedan,Rainy,High,1.0,34.57
0,0,20.88333303,1,Lyft,Sedan,Clear,Low,1.0,36.02
0,1,21.24255581,2,UberX,Sedan,Clear,Medium,1.0,38.6
0,0,22.40352055,2,UberX,SUV,Cloudy,Low,1.0,37.19
0,0,14.69222407,3,Lyft,Sedan,Rainy,Medium,1.0,29.84
0,0,19.33670006,1,LyftPlus,Van,Clear,High,1.0,36.6
1,1,6.247693608,1,UberXL,Hatchback,Clear,Low,1.0,13.67
0,0,14.95702334,1,Standard,Sedan,Clear,Very Heavy,1.0,28.86
0,1,7.483517121,1,UberX,SUV,Clear,High,1.0,21.09
0,0,8.478650314,1,UberXL,SUV,Cloudy,Medium,1.5,19.48
1,1,4.054531292,1,UberX,SUV,Clear,Low,1.0,9.43
0,0,16.57697664,1,Standard,Hatchback,Clear,High,1.0,34.81
0,1,8.594650801,1,UberX,Sedan,Snowy,High,1.0,21.41
0,0,3.877259999,1,UberXL,SUV,Rainy,Low,1.5,15.86
0,0,6.026021789,1,UberX,Sedan,Clear,Very Heavy,1.0,16.22
1,1,3.978874919,3,UberXL,SUV,Rainy,Very Heavy,1.0,15.53
0,0,1.946051499,4,LyftPlus,SUV,Cloudy,Medium,1.0,8.36
0,0,6.083378643,1,UberX,Sedan,Clear,High,1.0,16.02
0,1,8.660228441,3,LyftPlus,Sedan,Cloudy,Medium,1.0,22.77
0,0,6.8169627,1,Standard,Sedan,Clear,Medium,1.0,17.03
0,0,24.99833063,2,UberX,Sedan,Cloudy,Medium,1.0,42.54
0,1,10.26228558,1,Lyft,SUV,Snowy,Low,1.0,21.12
0,0,6.827761658,1,UberX,Van,Clear,High,1.0,16.92
0,1,13.22670372,1,UberX,Sedan,Rainy,Low,1.5,34.3
0,0,22.52314203,1,Lyft,Sedan,Rainy,Medium,1.0,43.27
0,0,19.32723294,1,Lyft,Sedan,Rainy,High,2.5,53.76
0,1,11.40149254,1,UberX,Sedan,Cloudy,Low,2.5,36.11
0,0,14.12948799,1,UberX,Sedan,Clear,Medium,1.5,30.7
0,0,18.58087916,3,Standard,SUV,Rainy,Medium,2.5,51.02
0,1,18.9692333,1,Lyft,Hatchback,Rainy,Low,1.0,36.19
0,0,18.33936475,1,UberX,Hatchback,Rainy,High,1.5,38.44
0,0,21.99320025,1,UberXL,Sedan,Rainy,Medium,1.0,42.97
0,1,21.42692651,2,UberX,Sedan,Clear,Medium,1.5,46.17
1,0,15.95378068,1,UberX,SUV,Clear,Low,1.0,27.13
0,0,12.11933805,1,UberXL,Sedan,Cloudy,Low,1.0,21.87
0,0,17.67673603,1,UberXL,Hatchback,Cloudy,Low,2.5,44.32
0,1,20.19109664,1,UberX,SUV,Clear,Low,1.0,37.44
0,0,2.10203665,1,Lyft,Sedan,Clear,Medium,1.5,11.47
1,1,26.13937442,1,UberX,Sedan,Cloudy,Medium,1.0,46.58
1,1,9.296190605,1,Lyft,Van,Rainy,Low,1.0,19.94
0,1,15.16774891,1,UberX,SUV,Rainy,Low,1.0,30.03
1,0,22.11272857,1,UberXL,Hatchback,Clear,Medium,1.0,39.67
1,0,13.05512717,1,UberX,Sedan,Rainy,High,2.0,36.92
0,0,7.264605997,1,Lyft,SUV,Rainy,Medium,2.5,33.02
0,0,13.99767421,4,UberXL,Sedan,Rainy,Low,1.5,32.75
0,0,5.333005197,1,UberX,Hatchback,Rainy,High,1.5,20.6
0,0,12.94818328,2,UberX,Hatchback,Clear,Very Heavy,1.0,26.6
0,1,8.020444723,1,UberXL,Sedan,Snowy,Medium,1.0,20.72
0,0,13.07576458,1,UberX,Sedan,Rainy,Medium,1.0,23.71
0,1,10.98690768,2,Lyft,SUV,Clear,Medium,1.0,23.8
0,0,26.42879107,1,UberXL,SUV,Cloudy,Very Heavy,1.0,48.51
0,0,25.39235171,1,Lyft,SUV,Cloudy,Medium,1.0,41.56
0,1,5.6006866,1,Standard,SUV,Cloudy,Very Heavy,1.0,18.42
0,1,19.30830699,1,UberXL,Hatchback,Clear,Low,1.0,34.12
0,0,5.836413714,2,Lyft,SUV,Clear,Medium,1.0,15.57
1,0,3.532287623,1,Lyft,SUV,Clear,Medium,1.0,14.44
0,0,5.236283812,1,Standard,Sedan,Clear,High,1.5,19.69
0,1,9.934297902,2,UberX,Sedan,Clear,High,1.0,21.39
0,0,24.09363639,5,LyftPlus,SUV,Clear,High,1.0,43.35
0,0,23.96335998,2,Standard,Hatchback,Clear,High,1.5,47.96
0,0,6.504164268,1,UberX,Hatchback,Cloudy,Medium,1.0,14.08
1,0,5.548936184,2,UberX,Hatchback,Clear,Medium,1.0,13.31
0,0,6.440533327,2,Standard,SUV,Clear,Medium,1.5,21.4
0,1,13.75738327,2,Lyft,Sedan,Clear,Medium,1.0,27.88
0,0,16.954681,2,UberX,Sedan,Clear,Medium,1.0,34.65
0,1,6.393203167,3,Lyft,Sedan,Cloudy,Medium,1.0,15.87
0,1,20.43471859,1,UberX,SUV,Clear,Low,1.0,36.86
0,1,10.68951627,1,UberX,Sedan,Rainy,Low,1.0,21.03
0,0,25.73975078,2,UberXL,Sedan,Rainy,Very Heavy,1.0,47.53
1,0,18.48625473,1,Lyft,SUV,Clear,Low,2.0,42.54
1,1,13.55430586,1,LyftPlus,Sedan,Clear,Low,1.0,22.44
0,1,20.74576129,1,UberXL,SUV,Clear,Medium,1.0,38.61
1,1,20.99497911,2,LyftPlus,SUV,Clear,Medium,1.0,36.93
1,0,10.24279484,1,UberX,Hatchback,Clear,Medium,2.0,30.01
0,0,11.72242124,1,Lyft,Sedan,Rainy,Low,1.0,21.89
0,0,23.76150969,1,UberX,Sedan,Clear,Low,1.0,39.26
1,0,7.916188746,1,UberX,Hatchback,Clear,High,1.0,19.02
0,0,6.81052047,1,LyftPlus,Sedan,Clear,High,1.0,18.35
0,0,13.060076,1,UberX,Hatchback,Rainy,Low,1.0,25.1
1,1,20.72561943,2,LyftPlus,Sedan,Clear,High,1.0,41.21
0,0,19.8845815,3,UberX,SUV,Clear,Medium,1.0,35.58
0,0,23.36341678,2,UberX,Sedan,Rainy,High,1.0,42.23
1,0,11.22310529,1,UberX,Sedan,Clear,Medium,1.0,20.13
1,0,14.81746925,1,Lyft,Hatchback,Clear,Medium,1.0,29.21
0,0,5.390600857,1,UberX,SUV,Clear,High,1.0,12.7
0,0,15.70150777,1,Lyft,SUV,Cloudy,Medium,1.0,29.39
0,0,20.61376102,1,Lyft,Sedan,Clear,Low,2.0,44.48
0,0,4.550022258,2,UberX,Van,Clear,Medium,1.0,12.2
1,0,5.57231546,1,UberXL,SUV,Snowy,High,2.5,34.44
0,0,3.718066536,1,UberXL,Sedan,Clear,Medium,1.0,9.66
0,0,18.03974122,3,Standard,Sedan,Rainy,Medium,1.0,34.49
0,0,22.21821256,1,UberX,Sedan,Clear,High,1.5,43.87
0,1,16.71338781,4,UberX,Sedan,Clear,High,1.0,31.77
0,0,26.52052395,6,UberX,Van,Rainy,Medium,1.0,47.89
0,1,4.432301053,1,Lyft,Sedan,Cloudy,Medium,1.0,15.3
0,0,23.81058216,1,Lyft,Sedan,Clear,Medium,1.0,43.65
1,1,20.1805365,2,Standard,Sedan,Rainy,Low,1.5,44.7
0,0,9.923084018,1,LyftPlus,Sedan,Rainy,High,1.0,23.72
0,1,25.81813853,1,UberX,Sedan,Clear,High,2.5,60.41
0,1,9.465402929,2,UberXL,Sedan,Rainy,Medium,2.0,33.98
1,0,22.70790612,1,Lyft,Sedan,Clear,Low,1.0,37.76
1,0,20.88787472,1,Standard,SUV,Clear,Low,1.0,38.44
0,1,20.45550104,1,UberX,Sedan,Clear,Medium,1.0,35.16
0,1,14.6104683,2,UberXL,Van,Cloudy,Medium,1.0,27.74
0,0,6.759760892,1,LyftPlus,SUV,Clear,Medium,1.0,16.51
1,0,5.202381227,1,UberX,SUV,Rainy,Medium,1.0,17.07
1,0,14.99459728,1,UberXL,Van,Clear,Low,1.0,26.69
0,0,11.62205944,1,Standard,SUV,Clear,Medium,1.0,21.59
1,1,20.80404418,2,LyftPlus,SUV,Rainy,Medium,1.0,41.42
1,0,21.39729596,2,UberX,Sedan,Rainy,Medium,1.0,42.56
1,1,24.59351376,1,UberX,Hatchback,Clear,Medium,1.0,42.67
0,0,2.10901968,1,UberX,Sedan,Clear,Low,1.5,11.91
1,0,20.62955877,1,Standard,SUV,Cloudy,High,1.5,42.79
0,0,24.48270005,1,Standard,Sedan,Clear,High,1.0,43.88
0,1,19.42200692,1,Lyft,SUV,Rainy,High,2.0,50.8
0,0,4.296217358,1,UberXL,Hatchback,Rainy,Low,1.0,10.96
0,0,4.027935728,1,UberX,Sedan,Rainy,Low,1.5,17.56
1,0,3.34342987,1,Lyft,Sedan,Cloudy,Medium,1.0,9.33
0,0,7.935396856,2,UberX,SUV,Rainy,High,1.0,21.36
0,0,15.71850532,2,Lyft,Van,Clear,High,1.0,27.76
0,1,15.07426307,1,Lyft,SUV,Clear,High,1.0,31.96
0,0,25.85877398,1,UberXL,Sedan,Clear,Low,2.0,50.91
0,1,12.68842866,3,Standard,Van,Clear,High,1.0,27.33
1,0,12.27856369,4,UberX,Sedan,Cloudy,High,1.0,23.63
0,0,10.40195014,1,Lyft,Van,Clear,Low,1.0,18.92
0,0,17.28215524,2,UberXL,Sedan,Rainy,Medium,1.0,35.02
0,1,20.16505561,2,Lyft,Van,Rainy,Medium,1.0,37.1
1,0,24.86191588,1,Lyft,Sedan,Cloudy,Low,2.0,51.23
0,1,20.76175294,1,UberX,Hatchback,Clear,Medium,1.0,35.23
1,0,13.30442684,1,UberX,Hatchback,Rainy,High,1.0,27.83
0,0,17.84452854,1,UberX,SUV,Clear,High,2.0,44.3
0,1,22.37269966,1,UberX,Hatchback,Rainy,Very Heavy,1.0,45.15
0,1,14.10633113,3,Lyft,SUV,Clear,Medium,1.0,30.13
1,1,8.005546006,2,UberX,Sedan,Cloudy,Medium,1.0,18.95
1,0,6.670938755,1,UberXL,Sedan,Clear,High,1.0,20.33
1,0,3.486427115,1,UberX,SUV,Clear,Medium,1.0,12.03
1,0,19.0074451,1,Lyft,SUV,Clear,Low,1.0,32.18
1,1,4.957117732,1,Lyft,Sedan,Rainy,High,1.0,20.2
0,0,8.974174922,1,UberX,Sedan,Rainy,Medium,1.5,27.7
0,0,9.833779316,3,Lyft,SUV,Clear,Low,1.0,18.54
1,0,16.53814511,1,LyftPlus,Hatchback,Clear,Low,2.0,38.81
0,1,9.944643317,1,UberX,Hatchback,Clear,Very Heavy,1.0,24.52
0,1,17.87904839,1,Lyft,Sedan,Clear,Medium,1.0,35.3
0,0,3.499147579,1,UberX,Van,Clear,Medium,1.0,12.21
0,1,5.209039529,1,UberX,Van,Clear,Very Heavy,1.0,15.74
0,0,14.54240111,1,UberXL,Sedan,Rainy,Medium,1.0,28.99
0,1,8.977164838,1,UberX,SUV,Clear,Low,1.0,21.11
1,1,9.641029627,1,LyftPlus,SUV,Cloudy,Medium,1.5,28.0
0,0,4.505057301,1,UberX,SUV,Clear,Low,1.0,10.9
0,0,21.65587227,1,UberX,SUV,Rainy,Low,1.0,39.15
0,0,18.37808179,1,UberXL,SUV,Rainy,High,1.0,33.81
0,0,4.914046275,3,Lyft,Sedan,Clear,Medium,1.5,19.22
1,1,6.628494791,1,Lyft,Sedan,Clear,High,1.0,20.29
0,1,25.64916237,1,UberX,Sedan,Clear,Medium,1.0,46.18
0,0,18.05305607,1,LyftPlus,Hatchback,Clear,Low,1.5,33.95
0,0,11.75228504,1,Standard,Sedan,Clear,Medium,1.5,26.61
1,1,18.94213323,2,UberXL,Hatchback,Clear,Low,1.0,34.53
0,0,20.40677522,1,Lyft,Sedan,Clear,Medium,1.0,34.13
1,0,20.41370104,2,UberXL,Sedan,Clear,Medium,1.0,34.42
0,1,12.49815319,1,UberX,Hatchback,Clear,Low,2.0,34.63
0,0,12.24783291,1,UberX,Sedan,Clear,High,1.0,27.49
0,0,3.320630928,2,UberX,Sedan,Clear,Low,1.0,6.0
1,0,23.67453155,1,Standard,Van,Rainy,Medium,1.0,41.99
1,1,16.58613648,1,UberX,SUV,Rainy,High,1.0,33.95
1,0,8.200218853,2,Lyft,Sedan,Cloudy,Medium,1.0,20.45
1,1,24.57299552,4,UberX,Sedan,Clear,High,1.0,48.09
0,0,9.012563707,1,Lyft,Hatchback,Clear,Medium,1.0,20.31
0,0,23.71882168,1,UberX,SUV,Clear,Very Heavy,2.0,54.91
1,1,23.50434762,1,Lyft,Sedan,Clear,Medium,1.5,49.18
1,1,23.41558762,1,UberX,Hatchback,Rainy,Very Heavy,2.0,57.45
1,0,25.77006288,1,LyftPlus,Sedan,Clear,Medium,1.5,49.42
0,1,8.12730486,2,LyftPlus,Van,Rainy,High,1.0,23.53
0,0,21.55922991,1,Lyft,Sedan,Rainy,Very Heavy,1.0,42.39
0,0,21.17220376,2,UberX,SUV,Snowy,Medium,1.0,40.07
0,1,7.642865578,1,UberX,Sedan,Clear,High,1.0,20.23
0,0,3.417591541,1,LyftPlus,Sedan,Clear,Medium,1.0,10.75
0,1,23.43070866,3,UberX,Sedan,Clear,Medium,1.0,43.46
0,0,8.606032848,1,UberX,Sedan,Clear,Medium,2.0,28.33
0,0,20.19178927,1,UberXL,Sedan,Cloudy,Low,1.0,34.91
0,1,1.977531134,1,UberX,Sedan,Clear,Medium,1.0,9.42
0,0,4.603745174,2,UberX,Van,Clear,Very Heavy,1.0,13.67
0,0,13.73508713,1,Lyft,Sedan,Clear,High,2.0,37.41
0,1,7.280738181,1,UberX,SUV,Clear,High,2.0,27.62
0,0,17.48828468,1,UberX,SUV,Clear,Medium,1.0,32.64
1,1,16.67159879,1,UberXL,SUV,Clear,Medium,1.0,30.98
0,0,5.909154752,2,UberX,Hatchback,Rainy,Low,1.0,13.86
0,1,6.647710515,1,Lyft,Hatchback,Snowy,Low,2.0,28.79
0,0,12.71188163,1,UberX,Van,Clear,Low,1.0,22.1
0,0,6.317385396,1,Lyft,Hatchback,Clear,High,1.5,22.4
0,0,20.65625156,2,UberXL,Hatchback,Clear,High,1.0,37.22
0,1,10.67919433,2,UberXL,SUV,Cloudy,Medium,1.0,23.23
1,0,4.691180908,2,UberX,SUV,Clear,Low,1.0,10.09
1,0,13.68362038,1,UberX,SUV,Cloudy,Medium,1.5,29.4
0,0,3.313381086,1,LyftPlus,Sedan,Clear,Medium,2.5,23.78
0,0,6.42973684,1,UberX,Sedan,Clear,Medium,1.5,20.51
0,1,9.031617937,3,Lyft,Sedan,Clear,Medium,1.0,23.12
0,0,22.92072859,3,Standard,Sedan,Snowy,Medium,1.0,44.26
0,1,25.67572261,4,Lyft,SUV,Clear,Very Heavy,1.5,54.11
0,1,21.59438439,1,UberX,Sedan,Clear,Medium,1.0,39.63
1,0,10.28561591,1,UberX,SUV,Clear,High,2.5,37.07
1,1,7.391738695,1,Standard,Van,Clear,Medium,1.0,20.03
0,1,15.47337763,2,Lyft,Sedan,Clear,Medium,2.5,47.38
0,0,19.44020238,1,Lyft,Sedan,Rainy,High,1.5,39.94
1,0,23.49818907,2,UberXL,Sedan,Cloudy,Medium,1.0,42.89
0,1,5.654468341,1,LyftPlus,Hatchback,Cloudy,Low,1.0,12.18
0,0,4.095556571,1,Lyft,Van,Clear,Low,1.0,9.7
1,1,18.805355,1,UberX,Hatchback,Clear,High,1.0,33.77
0,0,22.16520865,1,Lyft,Sedan,Clear,Medium,1.0,39.62
0,0,21.08311587,1,UberXL,Sedan,Clear,Medium,1.0,36.12
1,0,18.12755891,1,UberX,Van,Cloudy,Low,1.0,32.46
1,0,24.56208317,1,LyftPlus,Sedan,Clear,Low,1.0,39.66
1,1,14.06032557,1,UberX,Sedan,Cloudy,High,2.5,46.1
1,0,22.68246327,3,UberXL,Sedan,Cloudy,High,1.0,39.77
1,0,12.71257945,2,UberX,Van,Clear,Medium,2.0,35.53
0,0,24.11415115,1,UberX,Sedan,Rainy,Medium,1.0,43.5
1,0,20.44037837,1,UberXL,Van,Clear,Very Heavy,1.5,43.82
0,0,11.18773072,1,Standard,Sedan,Clear,Medium,1.0,22.65
0,0,6.230452669,5,UberXL,Hatchback,Clear,High,1.0,19.75
0,1,14.96413489,1,UberX,Sedan,Cloudy,Low,1.0,30.18
1,1,13.28808807,1,Lyft,Sedan,Clear,Medium,2.0,34.91
1,1,22.76589178,2,UberX,SUV,Rainy,High,1.0,45.52
0,0,5.37031357,1,UberX,Sedan,Rainy,Medium,1.0,15.59
0,0,5.728155538,3,UberX,SUV,Rainy,High,2.0,27.89
0,0,18.83706309,1,UberX,Van,Rainy,High,1.0,36.89
0,0,5.385996538,1,UberXL,Sedan,Clear,Low,1.0,12.45
0,1,9.9477239,1,UberXL,Sedan,Rainy,High,1.0,26.46
1,0,12.02908497,3,UberX,SUV,Clear,Low,1.0,23.65
0,0,17.71855851,3,Lyft,Hatchback,Clear,High,1.0,35.42
0,0,6.985605585,1,UberX,Hatchback,Clear,Very Heavy,1.0,21.38
0,0,21.20428307,1,Standard,SUV,Clear,Very Heavy,1.0,39.65
0,0,11.46149735,1,Lyft,Hatchback,Cloudy,High,1.0,23.64
1,0,14.47736958,5,UberX,Sedan,Clear,Medium,1.0,29.87
1,1,22.99536851,1,Standard,Sedan,Clear,High,1.5,47.69
1,0,13.19772992,2,UberX,SUV,Clear,High,2.0,36.19
1,1,9.56076168,1,UberXL,Hatchback,Clear,Low,1.0,19.06
1,1,7.357455874,1,UberX,Sedan,Clear,Low,1.5,22.23
1,0,2.181127858,1,Lyft,SUV,Clear,Medium,2.0,19.15
0,1,14.21134789,2,UberXL,Sedan,Cloudy,Low,1.0,30.82
0,0,3.753485581,3,UberX,SUV,Clear,Very Heavy,2.5,28.09
0,0,11.32163891,1,UberX,Hatchback,Clear,Medium,1.0,20.43
0,0,16.53157211,1,Lyft,SUV,Clear,Medium,1.5,34.85
1,0,8.70084925,1,UberX,Sedan,Clear,Medium,1.0,16.62
0,0,8.614747355,1,UberX,Hatchback,Cloudy,High,1.0,17.5
0,1,20.16007742,4,UberXL,SUV,Clear,Very Heavy,1.5,45.66
0,0,23.72714005,1,LyftPlus,Hatchback,Clear,Low,1.0,42.44
0,0,4.857552977,2,UberX,Van,Clear,High,1.0,18.07
0,0,5.063131112,2,UberX,Sedan,Rainy,Medium,1.0,15.46
0,0,24.02994615,2,LyftPlus,SUV,Clear,Medium,1.5,45.12
0,0,4.189639493,4,UberX,SUV,Clear,High,1.5,17.61
0,0,24.38984165,1,Lyft,Sedan,Clear,Low,1.0,40.42
0,1,3.333291899,3,Standard,Hatchback,Cloudy,Medium,1.0,12.89
0,0,21.55003419,1,LyftPlus,SUV,Cloudy,Medium,1.0,38.12
0,0,8.516431185,1,UberX,Hatchback,Clear,Low,1.0,16.24
0,0,23.54274619,2,UberX,Hatchback,Cloudy,Low,2.0,47.83
0,0,8.220606923,1,UberX,Sedan,Clear,Low,2.0,25.91
1,0,9.804105315,2,Standard,Hatchback,Clear,Medium,1.0,21.1
0,1,17.59825468,2,Standard,Hatchback,Clear,Low,2.5,47.09
1,1,5.537359024,2,UberX,Hatchback,Rainy,Medium,2.0,29.28
0,1,9.104089901,1,Lyft,SUV,Clear,Medium,1.0,20.29
0,0,20.87831699,1,LyftPlus,SUV,Rainy,Very Heavy,1.0,41.07
0,0,15.63641481,1,UberX,Sedan,Clear,Medium,1.0,28.25
0,0,23.9124013,2,UberX,Hatchback,Rainy,Very Heavy,1.0,45.66
1,1,12.78885681,1,UberX,SUV,Clear,Low,1.5,30.49
1,0,24.07883348,1,UberXL,SUV,Clear,High,1.0,41.18
1,0,13.66063946,1,LyftPlus,Sedan,Clear,Low,2.0,37.22
0,1,23.69829513,1,Standard,SUV,Clear,High,1.0,46.69
1,1,22.25330953,1,UberX,Sedan,Clear,Medium,1.5,45.11
0,0,9.99985503,1,UberX,Van,Clear,Medium,1.0,20.9
0,0,23.11506278,1,UberXL,Hatchback,Snowy,Medium,1.0,43.73
0,1,22.60640034,2,Lyft,Sedan,Clear,Low,1.0,40.55
0,0,6.384494598,1,Lyft,SUV,Clear,High,1.5,22.15
0,0,17.46381076,1,UberXL,SUV,Clear,Very Heavy,2.0,44.93
0,0,5.733696963,1,Lyft,Hatchback,Clear,Low,1.0,12.94
0,0,22.01637275,2,UberX,Hatchback,Clear,Very Heavy,1.0,39.95
1,0,7.255734947,1,UberXL,Van,Rainy,Low,1.0,16.9
1,1,4.425112822,1,Standard,Sedan,Clear,High,2.0,23.67
0,1,11.34481804,1,UberX,Sedan,Rainy,Very Heavy,1.0,29.85
0,0,16.47783337,1,UberXL,SUV,Clear,Low,1.0,29.47
1,0,22.39152004,1,UberX,Hatchback,Snowy,Medium,1.0,42.4
0,0,24.10619851,1,UberXL,Sedan,Clear,Medium,1.0,42.08
0,0,15.21094163,2,Lyft,Sedan,Clear,Medium,1.0,28.5
0,1,2.820033397,1,Lyft,Hatchback,Clear,High,2.0,25.2
0,0,19.24841149,1,LyftPlus,Hatchback,Snowy,High,2.0,48.69
1,0,14.66241442,1,UberX,Sedan,Rainy,Very Heavy,2.0,40.42
0,0,13.23778547,1,UberXL,Hatchback,Clear,Low,1.0,22.83
0,1,7.854951695,4,UberX,Sedan,Clear,Medium,1.0,20.48
0,0,15.32203389,1,Lyft,Sedan,Cloudy,Medium,2.5,45.7
0,0,11.45640163,2,UberX,Sedan,Clear,Very Heavy,1.0,25.94
0,0,19.92161553,2,LyftPlus,Hatchback,Clear,Low,1.0,34.12
0,0,14.65533741,1,UberX,SUV,Cloudy,Very Heavy,1.0,28.46
0,0,23.00696088,3,UberX,Sedan,Cloudy,Medium,1.0,43.75
0,1,15.28667252,1,UberX,Sedan,Rainy,Medium,1.0,29.69
1,0,9.193789639,1,Standard,Hatchback,Snowy,Medium,2.0,29.47
0,0,21.6015686,1,UberX,SUV,Clear,High,2.5,52.9
0,0,15.07734479,1,UberX,Van,Clear,Medium,1.0,28.55
0,0,8.628240257,1,UberX,Hatchback,Rainy,High,1.0,20.54
0,1,17.35083384,1,UberX,Sedan,Rainy,Medium,1.0,34.2
0,0,10.69575571,1,UberX,Hatchback,Rainy,Medium,1.0,21.51
0,0,21.94476166,1,UberXL,Sedan,Cloudy,Low,2.5,54.62
0,1,10.18481417,1,UberX,Van,Clear,High,1.0,24.33
0,0,13.43979794,1,UberXL,Sedan,Clear,Medium,1.0,26.15
0,0,20.2511606,1,UberX,Sedan,Clear,High,1.0,39.61
0,0,4.751926165,1,UberXL,SUV,Rainy,Medium,1.5,21.92
0,0,11.06798269,1,Lyft,Sedan,Clear,Medium,1.0,19.8
1,0,24.90510353,1,UberX,Sedan,Cloudy,Medium,1.0,43.38
1,1,20.24957261,1,UberX,SUV,Clear,Medium,1.0,38.61
0,0,5.607779589,1,UberX,Sedan,Clear,High,1.0,15.12
1,1,10.10436012,1,UberX,SUV,Clear,High,1.0,22.64
0,1,9.968741615,4,Lyft,Hatchback,Rainy,Low,2.0,29.95
0,0,15.43997949,1,Lyft,SUV,Clear,Very Heavy,1.0,32.93
1,1,20.50130042,1,Lyft,Van,Rainy,Medium,1.0,42.57
0,1,7.561848494,1,UberX,Sedan,Clear,High,1.5,26.0
0,0,20.06741768,1,UberX,Sedan,Clear,Low,1.0,33.37
0,0,15.30067054,1,UberX,SUV,Clear,Low,2.0,35.72
0,0,21.02769923,1,UberXL,Sedan,Rainy,Medium,1.5,43.74
0,0,5.964520571,1,UberXL,Sedan,Clear,Medium,1.0,16.15
0,1,10.6520477,1,UberX,Van,Cloudy,Very Heavy,2.0,36.86
0,0,5.052964251,2,Lyft,SUV,Clear,Low,1.0,8.31
1,0,15.36086392,1,UberX,Sedan,Clear,Low,1.0,28.55
0,1,25.15077205,1,Standard,Hatchback,Clear,Low,2.0,54.09
0,0,20.73719397,2,UberX,Sedan,Clear,Low,2.0,43.6
0,0,18.34868759,1,Lyft,SUV,Clear,Medium,1.0,33.51
0,0,8.508573262,2,UberX,Sedan,Clear,Medium,1.0,18.32
0,1,10.12129183,1,LyftPlus,Sedan,Rainy,Medium,1.0,24.04
0,0,16.78425364,1,UberX,Sedan,Clear,Low,1.5,32.26
1,0,23.70700259,1,UberX,Van,Clear,Low,2.0,48.82
0,0,14.17521593,4,UberX,Sedan,Clear,Low,1.0,23.79
0,0,12.10558499,1,Standard,SUV,Clear,High,1.0,26.45
1,0,24.5537748,3,Standard,Sedan,Clear,High,1.5,47.7
1,0,22.85726283,1,UberX,Sedan,Snowy,High,1.0,45.37
0,0,10.32250886,1,Lyft,SUV,Rainy,Very Heavy,1.0,26.61
1,0,12.12787924,3,UberXL,SUV,Rainy,High,1.0,26.65
1,1,12.14603924,1,UberX,Hatchback,Clear,Medium,1.0,24.05
0,0,5.774995515,4,UberX,Van,Clear,Medium,2.5,30.23
0,0,24.0092557,1,Standard,Sedan,Clear,Very Heavy,2.5,60.39
0,0,11.0427866,3,UberXL,Sedan,Clear,Medium,1.0,23.98
0,1,22.41238684,1,UberX,Hatchback,Clear,Medium,2.5,56.72
0,0,7.471487262,1,UberX,Van,Clear,Medium,1.0,16.16
0,1,15.75741093,3,UberX,Sedan,Cloudy,Very Heavy,2.0,45.91
0,1,3.837010417,1,UberXL,SUV,Snowy,High,1.0,14.59
0,0,21.44745949,1,UberX,Sedan,Clear,Medium,1.5,42.69
0,0,17.9723082,1,UberXL,SUV,Rainy,Very Heavy,1.0,36.77
0,0,16.3584391,1,UberX,Sedan,Rainy,Very Heavy,1.0,32.5
0,0,5.107927205,5,UberX,Van,Clear,Low,2.0,22.89
0,0,9.757443442,1,UberX,Sedan,Cloudy,High,1.0,24.12
1,0,5.631401852,1,LyftPlus,Sedan,Clear,High,2.5,30.5
0,0,10.07343844,1,UberX,SUV,Rainy,Low,1.0,22.12
0,1,14.98180127,2,Lyft,Sedan,Clear,High,1.0,30.4
0,0,14.89801572,1,UberX,SUV,Clear,Medium,2.0,34.58
0,1,16.05519213,1,UberXL,Van,Clear,High,1.0,35.08
0,0,16.47071868,1,UberX,SUV,Cloudy,Very Heavy,1.0,31.71
0,0,8.276023963,1,Lyft,Van,Clear,Medium,1.0,17.17
1,0,8.293790262,3,LyftPlus,Sedan,Clear,Medium,1.0,16.02
0,0,6.855588492,1,UberX,Sedan,Clear,Very Heavy,1.0,20.37
0,1,20.9038599,1,UberX,Van,Clear,Very Heavy,1.0,41.6
0,0,16.84163557,1,Lyft,Sedan,Rainy,Low,1.0,30.21
0,0,7.25201568,2,UberX,Hatchback,Rainy,Very Heavy,1.0,22.35
0,0,7.775716481,1,Lyft,Sedan,Cloudy,Low,2.5,30.11
0,1,22.86563237,1,UberX,Sedan,Rainy,Medium,1.0,42.24
1,0,19.96737102,1,Lyft,SUV,Cloudy,High,1.0,34.98
0,1,17.70756493,2,UberXL,Hatchback,Rainy,High,1.0,35.65
1,0,10.27505439,1,UberX,Van,Cloudy,High,1.0,23.52
0,0,8.903124542,1,Lyft,Sedan,Clear,Low,1.0,18.46
0,0,24.60322097,1,UberXL,SUV,Clear,Low,1.0,37.91
0,1,21.3058154,1,UberX,Sedan,Snowy,Very Heavy,1.5,49.63
1,1,9.216214564,4,UberX,Hatchback,Rainy,Low,2.0,32.88
0,1,21.6882246,1,UberXL,Sedan,Cloudy,Low,1.0,37.16
0,1,19.76986386,3,UberX,SUV,Clear,High,1.0,37.93
1,1,8.823217443,1,Standard,Sedan,Cloudy,Medium,1.0,20.99
1,0,11.23088514,1,Lyft,Sedan,Rainy,Medium,1.0,23.0
0,0,7.473516619,1,UberX,Hatchback,Clear,Low,1.5,19.26
0,1,6.450916852,4,LyftPlus,Sedan,Clear,High,1.5,23.06
0,0,18.27585476,1,UberX,SUV,Clear,Very Heavy,1.0,34.64
1,1,8.667493337,3,Lyft,SUV,Cloudy,Low,1.5,24.49
0,0,21.87085527,1,UberX,Sedan,Rainy,Medium,1.5,44.36
1,1,25.83010013,1,Lyft,Sedan,Cloudy,Medium,1.0,48.06
0,1,4.917061375,2,Lyft,Hatchback,Clear,High,1.0,15.35
1,0,13.82097435,3,Lyft,Van,Cloudy,Medium,1.5,33.85
0,0,21.17742614,1,UberX,Sedan,Clear,High,1.0,33.65
1,1,21.0679537,1,UberX,Sedan,Clear,Medium,1.5,43.56
0,1,18.64851809,1,UberX,Sedan,Clear,Medium,1.0,31.68
0,1,12.59509897,1,UberX,Hatchback,Snowy,High,1.0,32.24
0,0,13.25877553,1,UberX,SUV,Clear,Medium,1.0,27.73
0,0,16.81913597,1,Lyft,Sedan,Clear,High,1.0,31.87
1,0,23.66488859,1,LyftPlus,Sedan,Clear,Medium,1.0,43.03
1,0,11.8140993,1,UberX,Hatchback,Clear,Low,2.0,30.08
0,0,10.58302366,4,UberX,Sedan,Cloudy,Medium,1.5,29.25
1,0,21.50475781,1,LyftPlus,Hatchback,Clear,Medium,2.5,53.48
0,1,8.024712149,1,LyftPlus,Sedan,Rainy,Medium,1.0,20.61
0,0,24.03435276,5,UberXL,Hatchback,Cloudy,High,1.0,44.84
0,1,16.46716441,1,UberX,SUV,Clear,Medium,1.0,32.15
0,1,13.30333528,1,Lyft,SUV,Cloudy,High,1.0,29.36
0,0,16.42050676,1,Lyft,SUV,Clear,Medium,1.0,29.95
1,0,10.41939303,1,UberX,SUV,Snowy,Low,1.0,24.89
1,0,7.911149298,2,Lyft,SUV,Clear,Low,1.0,18.97
0,0,5.732948343,1,Lyft,Sedan,Rainy,High,1.0,18.57
0,1,4.629016562,1,UberX,Van,Rainy,Low,1.0,17.6
0,0,8.931638209,1,Lyft,Van,Clear,Low,1.0,15.2
0,0,20.37062437,3,UberXL,SUV,Clear,Low,1.5,41.29
0,0,17.04596463,1,Lyft,Sedan,Clear,Medium,1.5,36.46
0,1,5.808979013,1,UberXL,Sedan,Clear,Medium,1.0,15.0
0,0,20.43270741,1,UberX,Hatchback,Clear,Low,1.5,42.43
0,1,16.31367516,1,Lyft,Van,Snowy,Medium,1.0,36.45
0,0,24.73618317,1,Lyft,Sedan,Clear,Medium,1.0,43.06
0,0,18.69624051,1,Standard,Hatchback,Clear,High,1.0,33.63
0,0,7.482141721,1,UberX,SUV,Clear,High,1.5,20.47
0,1,14.3883681,1,UberX,Sedan,Clear,High,1.0,28.73
0,1,18.33432699,1,Standard,Sedan,Clear,Medium,1.0,36.66
1,1,3.726688456,1,Lyft,SUV,Snowy,Low,1.0,13.68
0,0,3.826556004,2,Standard,Sedan,Cloudy,High,1.0,14.67
1,1,6.84654311,1,UberX,Sedan,Clear,Medium,1.0,17.52
0,0,10.39012554,1,UberX,Sedan,Clear,Medium,2.0,27.6
0,0,9.735615053,1,UberX,Van,Clear,Very Heavy,1.5,27.06
0,1,13.32457705,1,LyftPlus,SUV,Rainy,Very Heavy,2.5,45.4
0,0,13.09123903,1,LyftPlus,SUV,Rainy,High,1.5,33.99
0,1,4.730607491,2,UberXL,Hatchback,Rainy,Very Heavy,1.0,21.18
0,0,17.83392227,1,UberX,Van,Clear,High,1.0,32.97
1,0,14.93390689,4,UberX,Sedan,Cloudy,High,1.0,32.81
0,1,9.561335992,4,Lyft,Sedan,Clear,Medium,1.0,24.52
0,0,3.29311504,1,UberXL,Sedan,Clear,Very Heavy,1.0,12.45
0,0,6.009165375,2,Lyft,Van,Cloudy,High,1.5,22.13
1,0,12.12234773,1,UberX,Sedan,Clear,Low,1.0,20.5
0,0,7.365370934,1,UberXL,Hatchback,Clear,Medium,1.5,20.44
1,1,10.80043645,1,UberX,Sedan,Clear,Low,1.0,22.26
0,0,13.52966827,1,Lyft,SUV,Clear,Very Heavy,1.0,28.23
1,0,10.8936481,3,UberXL,Sedan,Clear,Medium,1.0,20.07
1,0,17.24745553,2,Standard,Sedan,Clear,Low,1.0,30.55
1,0,13.23266401,2,Lyft,Sedan,Clear,Medium,1.0,24.52
1,1,9.264609205,1,UberX,SUV,Cloudy,Very Heavy,1.0,22.9
0,0,12.33742986,1,UberX,Hatchback,Clear,Medium,1.0,21.91
1,0,16.51997259,1,Standard,Van,Rainy,Medium,1.0,31.49
0,0,21.97055937,1,UberX,Sedan,Clear,Medium,1.5,42.99
0,0,19.05401855,1,UberX,Hatchback,Clear,Low,1.0,31.73
0,0,13.54306519,1,Standard,Hatchback,Clear,Low,1.5,29.22
1,0,10.40835215,1,Lyft,Sedan,Rainy,Medium,1.0,22.22
0,0,12.6905476,1,UberXL,SUV,Rainy,Medium,1.0,27.07
0,0,23.42619219,1,UberX,SUV,Clear,Medium,2.0,49.92
0,0,3.090650013,1,LyftPlus,Sedan,Cloudy,Medium,1.5,12.33
0,1,24.15723106,3,UberX,Sedan,Cloudy,Low,1.5,46.34
0,0,19.75134105,1,UberX,Sedan,Clear,Very Heavy,1.0,36.74
0,1,16.96487416,1,UberX,SUV,Rainy,Medium,1.0,36.49
0,0,3.1205269,2,UberX,Sedan,Clear,Low,1.0,7.35
1,1,15.8920624,6,Standard,Sedan,Clear,Low,1.0,32.63
0,0,12.30710726,2,Lyft,Hatchback,Clear,Low,2.0,33.32
0,0,4.789625681,1,Lyft,Sedan,Snowy,Low,1.0,11.76
1,1,8.591975909,1,Standard,Sedan,Clear,Medium,1.0,19.43
1,0,21.68466816,5,UberX,Sedan,Cloudy,High,1.0,41.81
0,0,16.42771632,2,UberX,Van,Rainy,Medium,1.5,36.22
0,0,10.92833537,1,Lyft,Sedan,Clear,Medium,1.0,22.19
0,0,4.457081505,1,UberXL,Sedan,Clear,Very Heavy,2.0,25.13
1,1,17.83367244,1,UberXL,Sedan,Rainy,Medium,1.0,36.17
1,0,18.25274415,1,UberX,Sedan,Clear,High,1.5,40.31
0,0,7.076535003,1,UberXL,SUV,Clear,Low,1.0,13.91
1,0,16.58485399,1,UberX,Van,Rainy,Low,1.5,35.8
0,0,12.32146309,6,UberX,SUV,Cloudy,Medium,1.0,27.16
0,0,15.62796009,1,UberX,Sedan,Rainy,Low,1.5,32.44
0,0,11.95466186,2,UberX,Sedan,Clear,Very Heavy,1.0,27.4
1,0,17.66979077,1,UberX,Sedan,Clear,Low,1.0,28.93
1,1,7.327721671,1,UberX,Sedan,Snowy,Medium,1.0,20.42
0,0,9.76198092,1,Standard,Hatchback,Cloudy,Medium,1.5,25.96
0,0,25.47243916,2,Standard,SUV,Clear,Low,1.0,42.93
0,0,18.85642127,1,Lyft,Sedan,Cloudy,High,1.0,32.8
0,0,11.68593655,1,Standard,Sedan,Clear,Medium,1.0,20.56
1,1,9.622641996,2,Standard,Sedan,Clear,High,1.0,21.69
1,1,13.40783196,1,UberX,Hatchback,Clear,High,1.0,28.46
0,0,21.40770224,3,UberXL,Sedan,Clear,Medium,1.0,40.17
0,0,6.900977155,3,Standard,Hatchback,Cloudy,Medium,1.0,16.33
0,1,8.434537145,3,Lyft,SUV,Clear,Medium,1.0,18.74
0,0,18.18375897,1,UberX,Sedan,Clear,Low,1.0,29.42
0,0,9.434916873,1,Lyft,Van,Cloudy,Low,1.0,18.86
1,1,19.46662429,5,UberX,Sedan,Cloudy,Very Heavy,1.0,43.21
1,1,5.558607477,1,UberX,Sedan,Clear,Medium,1.0,16.96
0,1,20.09442722,1,UberX,Hatchback,Rainy,Low,1.0,36.13
0,1,5.505120872,2,UberX,Sedan,Rainy,Low,1.5,19.18
1,0,3.023109169,1,UberX,Sedan,Rainy,Medium,1.0,11.56
0,0,22.68230761,2,LyftPlus,Hatchback,Rainy,Low,2.0,52.1
1,0,16.59339205,2,UberX,SUV,Clear,Medium,1.0,30.94
1,0,10.81106361,2,UberX,Sedan,Clear,Low,1.5,23.03
0,1,8.498633589,1,UberX,SUV,Clear,Low,1.0,18.15
0,0,16.6494557,1,Lyft,Hatchback,Cloudy,High,1.0,30.06
1,0,14.40077973,1,Standard,Sedan,Clear,Very Heavy,1.0,30.1
0,1,23.7361266,1,UberX,SUV,Clear,Medium,1.5,47.39
0,0,24.75307839,1,UberX,Van,Cloudy,High,1.0,43.97
1,1,18.39840284,1,UberXL,Van,Clear,Low,1.0,32.1
1,0,12.91214257,1,Lyft,SUV,Clear,High,1.0,26.66
0,0,12.97135038,1,UberX,Sedan,Clear,Low,2.0,34.45
0,1,19.49106949,2,UberX,Hatchback,Clear,High,1.5,45.76
0,1,5.956011651,1,UberXL,Sedan,Clear,High,1.0,17.75
1,1,10.99137339,1,UberX,SUV,Clear,High,1.5,31.89
0,0,5.396511591,1,Standard,Sedan,Clear,High,1.0,12.63
0,0,3.487566313,2,UberX,Hatchback,Snowy,Medium,1.5,18.13
1,1,7.956268294,1,UberX,Sedan,Cloudy,Medium,1.0,17.6
0,1,15.06020206,1,LyftPlus,Van,Cloudy,Medium,1.0,29.16
0,1,19.78483334,1,LyftPlus,Sedan,Cloudy,Medium,1.0,35.14
0,0,11.75229588,1,UberX,Sedan,Rainy,Low,2.5,40.27
1,0,10.74605699,3,Standard,Hatchback,Clear,Medium,1.5,26.26
1,0,4.844513435,3,Lyft,Sedan,Clear,High,1.5,19.6
0,0,13.558886,1,UberX,SUV,Clear,Low,1.0,21.37
1,0,9.573287458,2,UberXL,Van,Clear,Medium,1.0,16.9
1,0,17.05884427,3,UberX,SUV,Clear,High,1.0,35.89
0,0,23.03199113,4,UberX,SUV,Snowy,Low,1.5,46.89
0,1,7.338222295,1,UberX,Sedan,Clear,Medium,2.0,31.5
1,0,8.417879963,1,Lyft,SUV,Clear,Very Heavy,1.0,20.35
1,1,11.51781964,1,LyftPlus,Sedan,Rainy,High,1.0,25.96
0,1,25.128368,1,UberX,SUV,Clear,Medium,1.5,49.83
1,1,20.76964115,1,UberX,Hatchback,Cloudy,Medium,1.0,38.97
1,0,24.17605031,2,UberXL,SUV,Clear,Low,1.0,40.48
0,0,9.717850795,2,Lyft,Van,Clear,Low,1.0,18.67
1,0,25.65814948,3,Lyft,Hatchback,Cloudy,Medium,1.0,42.57
0,0,5.025670048,1,UberX,Hatchback,Rainy,Very Heavy,2.0,25.49
0,1,3.608919163,1,Lyft,SUV,Clear,Very Heavy,2.0,26.71
0,1,20.9582513,1,UberX,Sedan,Clear,High,1.0,42.44
0,0,21.49668394,1,Lyft,Sedan,Rainy,Medium,1.0,38.81
1,1,5.533301869,3,UberX,Sedan,Clear,Low,1.0,12.11
1,0,5.222354306,1,UberX,Sedan,Cloudy,Medium,2.0,25.29
0,0,7.269882185,2,UberXL,Van,Snowy,Medium,1.0,17.68
0,1,3.80518667,1,LyftPlus,Sedan,Clear,Medium,1.0,13.03
0,1,6.45701323,1,Lyft,Hatchback,Rainy,High,2.0,29.2
0,0,6.30025051,1,Standard,SUV,Cloudy,High,1.5,20.31
0,0,23.62908653,1,UberX,SUV,Clear,High,2.0,50.2
0,0,18.1338466,1,UberXL,SUV,Snowy,Medium,2.0,46.95
0,0,17.56929033,1,UberXL,Sedan,Rainy,High,1.0,35.18
0,0,19.54138558,1,Lyft,Hatchback,Clear,Low,2.0,42.91
0,1,15.11822884,5,LyftPlus,Van,Rainy,High,1.0,34.83
0,1,19.98363946,2,LyftPlus,SUV,Clear,Low,1.0,36.5
0,0,14.80975723,5,Lyft,Hatchback,Clear,Medium,1.0,26.94
0,1,8.669925472,2,Lyft,Sedan,Rainy,Low,1.0,21.49
1,0,13.73230886,3,Standard,Sedan,Clear,Low,1.0,26.86
0,0,11.3669646,1,UberX,SUV,Rainy,Very Heavy,2.5,42.28
0,0,15.79385084,1,LyftPlus,Hatchback,Clear,Medium,1.0,29.74
0,1,23.47785789,1,Standard,Sedan,Clear,Very Heavy,2.0,54.61
0,0,24.63418151,2,UberXL,SUV,Rainy,Low,1.0,43.22
0,0,12.81118502,1,Lyft,Sedan,Snowy,Low,1.0,25.29
0,0,18.85377285,1,UberX,Van,Cloudy,Medium,1.0,30.86
1,0,3.103134185,4,UberX,Hatchback,Cloudy,Medium,1.5,16.3
0,1,21.9418992,1,Lyft,Sedan,Clear,Medium,1.0,41.75
1,0,10.57607332,5,UberX,Van,Cloudy,Medium,2.5,35.96
0,0,4.585291876,2,UberXL,Sedan,Clear,High,1.5,21.38
0,0,11.14987711,1,LyftPlus,SUV,Clear,Medium,1.5,25.5
1,1,17.42873145,1,UberX,Sedan,Clear,Medium,1.0,34.04
0,0,10.95409766,2,UberX,Sedan,Cloudy,Medium,1.0,24.26
0,1,5.901229345,1,Lyft,Sedan,Clear,High,2.0,30.19
0,1,23.71654004,2,UberX,Sedan,Clear,High,1.0,47.19
1,1,5.921377674,2,UberXL,Van,Clear,Medium,1.0,14.79
0,0,23.05045496,1,UberXL,Sedan,Clear,Medium,1.0,41.44
0,0,20.11264036,1,UberX,Sedan,Cloudy,Medium,2.0,44.33
0,0,9.545811612,1,UberX,SUV,Clear,Very Heavy,1.0,20.56
1,0,11.67308758,1,LyftPlus,SUV,Clear,Low,1.0,20.33
0,0,12.62917986,1,UberX,Van,Clear,High,1.0,27.24
0,0,17.66871274,2,UberXL,SUV,Clear,Medium,2.0,41.5
0,1,17.61421226,1,Standard,Hatchback,Clear,Medium,1.0,32.25
0,0,18.25204511,3,LyftPlus,Sedan,Clear,Very Heavy,1.0,38.78
0,0,14.86259346,1,UberX,Sedan,Clear,Medium,1.0,26.89
0,1,15.81258911,1,UberXL,Sedan,Clear,High,1.0,32.7
0,0,24.76618352,1,Lyft,Sedan,Cloudy,Medium,1.0,41.34
0,1,9.491889853,3,Lyft,Sedan,Snowy,Low,1.0,23.14
0,0,13.04017243,1,Lyft,SUV,Clear,High,1.0,25.56
0,0,9.651217295,1,UberXL,Sedan,Clear,Very Heavy,1.0,21.71
0,0,18.17309077,3,UberX,Van,Rainy,High,1.0,36.34
0,0,18.38474262,1,UberXL,Van,Clear,Low,2.0,39.69
0,0,9.438170394,1,Lyft,SUV,Clear,Medium,1.0,18.59
0,0,9.504635373,1,Lyft,SUV,Clear,Medium,1.0,20.77
1,0,5.015776191,2,UberX,Sedan,Cloudy,Medium,1.0,11.01
0,1,4.623888718,1,UberX,Sedan,Rainy,Low,1.0,13.94
0,1,13.26886994,1,Standard,Van,Clear,Low,1.5,29.28
0,1,11.33114099,1,UberX,Sedan,Clear,High,1.5,29.28
0,0,25.66953522,3,UberX,Sedan,Clear,High,1.0,48.98
0,0,12.42159834,1,Lyft,Sedan,Clear,High,2.0,37.25
0,0,7.498963879,1,UberXL,Hatchback,Clear,Very Heavy,1.5,23.41
1,0,22.98868477,1,UberX,Sedan,Cloudy,Medium,1.0,37.9
0,0,12.9889923,1,UberXL,Hatchback,Clear,High,1.0,28.26
0,0,15.54001819,2,Lyft,Sedan,Clear,High,1.0,30.61
1,0,6.098683693,1,UberXL,Van,Clear,Very Heavy,2.5,30.67
0,0,12.08179465,2,Standard,Van,Clear,Medium,1.0,22.31
0,0,23.40111516,2,UberX,Hatchback,Snowy,Medium,1.0,43.91
1,0,14.34401948,3,Lyft,SUV,Clear,High,2.0,41.8
1,1,9.843878503,1,UberX,Sedan,Clear,Very Heavy,1.0,24.26
0,0,18.70675598,5,UberX,Van,Clear,High,1.0,36.94
1,0,23.99558439,1,Lyft,Hatchback,Clear,High,1.0,41.11
0,0,10.45138416,2,UberX,Sedan,Cloudy,Medium,1.0,22.24
0,0,14.36859255,1,Lyft,SUV,Clear,High,1.0,25.61
0,1,23.74014613,2,UberX,Sedan,Clear,High,1.0,45.22
1,0,7.69790772,1,UberX,SUV,Clear,High,1.0,18.61
1,1,20.11444539,2,UberXL,Sedan,Rainy,High,1.5,45.13
1,0,16.03884029,4,Lyft,SUV,Rainy,Low,1.0,26.03
0,0,17.23964808,2,UberX,SUV,Rainy,High,1.0,37.2
0,0,9.205572235,2,Standard,Sedan,Clear,Medium,1.0,16.35
0,0,9.261574994,1,UberX,Van,Cloudy,Very Heavy,1.5,28.84
0,0,10.57426509,1,UberX,Hatchback,Clear,Medium,1.5,24.47
1,0,17.45635187,5,UberX,SUV,Clear,Medium,1.0,33.66
0,1,8.673682323,1,UberX,Van,Rainy,Very Heavy,1.0,26.03
0,0,14.19957935,1,UberX,Hatchback,Clear,Medium,2.0,37.18
0,1,7.164662768,1,Lyft,SUV,Clear,Medium,1.0,15.67
1,0,3.166436744,1,UberXL,Sedan,Clear,High,1.0,11.14
0,1,24.88987345,1,UberX,SUV,Clear,Medium,1.0,42.99
1,0,11.92306306,1,Standard,Hatchback,Clear,Medium,2.5,36.32
0,1,23.67837092,1,UberX,SUV,Rainy,High,2.0,56.01
0,0,5.469609745,1,UberX,SUV,Clear,Medium,1.0,14.26
1,0,14.77649161,1,UberX,Van,Rainy,Low,1.0,31.34
0,1,8.321215572,1,UberX,Sedan,Cloudy,Medium,2.0,29.35
0,0,19.88505084,1,UberXL,Sedan,Clear,Low,1.0,33.02
1,0,21.35285268,1,UberX,Hatchback,Clear,Medium,1.0,36.77
0,1,6.006640271,3,UberXL,Sedan,Cloudy,Low,1.0,15.86
0,1,23.04263733,1,Lyft,Sedan,Clear,High,1.0,45.04
0,1,8.091480517,3,Lyft,Van,Clear,Medium,1.5,23.5
0,0,15.54203994,3,Lyft,SUV,Clear,Low,1.0,23.48
0,0,23.90353536,1,UberX,SUV,Rainy,Medium,1.0,42.15
0,1,23.12632125,1,UberX,SUV,Clear,Medium,1.0,44.78
0,0,7.804327559,1,UberXL,Sedan,Rainy,Medium,1.5,23.42
0,1,24.05901761,1,UberX,SUV,Clear,Medium,1.5,47.99
0,0,11.12767529,1,UberX,SUV,Rainy,Very Heavy,1.0,26.31
0,1,6.633546856,1,UberXL,Sedan,Clear,Medium,2.0,26.05
0,0,8.659110878,1,UberX,Hatchback,Rainy,Medium,1.0,19.54
0,1,13.88060144,1,Lyft,Sedan,Snowy,High,1.5,37.54
1,0,21.22131945,4,UberX,Sedan,Clear,Medium,1.0,38.34
0,1,5.499030014,1,Standard,Sedan,Rainy,Low,1.0,16.07
0,0,17.07060727,3,Lyft,Sedan,Clear,Low,1.0,30.31
1,0,11.4863678,1,UberX,Van,Clear,Very Heavy,1.0,24.64
0,1,10.46654128,1,UberXL,Sedan,Cloudy,Very Heavy,2.0,38.05
0,1,17.72186783,1,Lyft,Sedan,Clear,Low,1.5,39.87
1,1,12.24085099,6,Lyft,Sedan,Clear,Medium,1.0,25.08
0,0,21.28729961,1,UberXL,SUV,Clear,Low,1.0,34.8
0,1,7.184261497,1,UberXL,Sedan,Clear,High,2.5,31.1
1,0,21.10188484,3,UberX,Sedan,Rainy,Low,1.0,39.05
0,0,3.201814323,1,UberX,Hatchback,Clear,Low,1.0,9.92
0,1,8.269129709,1,Standard,Hatchback,Clear,High,1.5,25.62
1,0,16.43719306,4,UberX,Hatchback,Clear,Medium,1.0,30.99
1,0,21.78194944,3,UberX,Hatchback,Clear,Low,1.0,35.81
0,0,6.94083264,1,UberX,Sedan,Clear,High,1.0,16.99
1,0,10.01874697,1,LyftPlus,Hatchback,Rainy,High,1.0,22.97
0,0,13.81306999,4,Lyft,SUV,Clear,High,1.5,35.35
0,1,7.55114284,5,Lyft,Sedan,Clear,Very Heavy,1.0,26.34
0,1,7.714512182,1,LyftPlus,Sedan,Rainy,Medium,1.0,22.86
0,0,21.67266256,2,LyftPlus,Sedan,Clear,Low,1.0,40.11
0,0,10.79290347,1,Lyft,Sedan,Clear,Low,1.0,20.32
0,0,17.6827099,1,UberX,Sedan,Rainy,Medium,1.0,34.28
1,0,6.874735936,1,UberX,Van,Clear,Low,1.5,18.49
0,1,13.41053051,1,Lyft,Hatchback,Clear,Medium,1.0,27.62
0,0,19.48600817,1,UberX,Sedan,Clear,Low,1.5,38.49
0,0,9.119592697,1,Lyft,Sedan,Clear,Medium,1.0,20.72
0,0,4.937571863,1,UberXL,Sedan,Clear,Low,1.0,10.64
1,0,10.6518477,1,Lyft,Sedan,Snowy,Medium,2.0,31.96
1,0,17.30623238,1,UberX,SUV,Clear,High,1.0,32.16
0,1,3.907398583,5,UberX,Hatchback,Rainy,Medium,1.0,15.33
0,0,13.86693105,3,Lyft,Sedan,Cloudy,Medium,1.0,27.13
0,0,5.863062317,1,UberX,Sedan,Rainy,Very Heavy,1.0,16.16
0,0,20.08914081,3,Lyft,Van,Clear,High,2.5,52.89
0,0,12.87510917,1,UberXL,Sedan,Clear,Medium,1.0,22.69
0,0,9.253497745,1,Standard,Sedan,Clear,Medium,1.5,25.15
0,1,22.2406775,4,LyftPlus,Sedan,Cloudy,Medium,1.0,41.59
1,0,4.738295601,1,UberXL,Sedan,Clear,Low,1.0,7.48
0,0,12.03572206,1,Lyft,Hatchback,Cloudy,Low,2.0,31.44
1,1,10.72386027,1,UberX,SUV,Clear,Medium,2.5,37.76
0,0,8.72177918,1,UberX,Sedan,Cloudy,Medium,2.0,28.78
0,0,7.9794065,1,Lyft,Sedan,Clear,Low,1.0,16.37
0,1,23.20078844,5,Lyft,Hatchback,Cloudy,Medium,1.0,42.89
0,0,19.82080559,1,UberXL,Sedan,Clear,Low,1.0,31.79
0,1,4.358479766,4,UberX,Sedan,Rainy,Very Heavy,1.0,19.99
1,1,18.86654576,3,LyftPlus,Van,Clear,Low,1.0,35.41
0,0,13.39417059,1,UberX,Hatchback,Rainy,Low,1.5,31.35
0,1,22.52504636,1,LyftPlus,Hatchback,Rainy,Medium,1.5,48.76
0,1,9.234949788,1,Lyft,SUV,Clear,Medium,1.0,18.34
0,0,5.665005916,1,UberX,Sedan,Clear,Medium,1.0,15.1
1,1,15.67254832,1,UberX,Van,Clear,Medium,2.5,46.94
0,0,13.37680341,6,UberX,SUV,Clear,Medium,1.0,28.94
0,0,13.61038905,2,LyftPlus,Sedan,Rainy,High,1.0,29.23
0,0,11.99479411,1,LyftPlus,Sedan,Clear,Low,1.0,21.77
1,0,7.195673335,1,Lyft,Sedan,Clear,Medium,1.0,16.53
1,0,20.20830526,1,UberXL,Sedan,Rainy,Very Heavy,1.0,39.64
0,0,10.66770513,1,Lyft,Sedan,Clear,Low,1.0,20.53
0,0,12.86823612,4,UberXL,Sedan,Snowy,Medium,1.0,26.93
1,0,23.33742314,3,Lyft,Sedan,Clear,Low,1.0,40.19
1,0,7.406203737,1,UberX,Sedan,Clear,Low,1.0,15.25
1,1,19.88565807,1,LyftPlus,Sedan,Clear,Medium,1.0,38.86
0,0,24.94954977,1,Lyft,Sedan,Clear,Low,2.0,53.98
0,1,16.99801978,1,UberX,Sedan,Clear,Low,1.0,30.91
1,0,21.87823487,1,LyftPlus,Sedan,Clear,Medium,1.0,40.27
0,1,19.18233531,1,UberXL,Sedan,Clear,Low,2.0,44.78
0,0,9.330102535,1,UberX,SUV,Clear,High,1.0,20.69
0,1,15.07469827,1,UberX,Sedan,Clear,High,1.0,31.81
0,0,6.404164501,1,Lyft,Sedan,Clear,Medium,2.0,22.75
1,0,14.66684791,1,LyftPlus,Van,Rainy,Very Heavy,1.0,33.25
1,1,8.401005327,1,LyftPlus,SUV,Snowy,High,2.0,31.77
0,1,20.04081759,1,Lyft,Hatchback,Snowy,High,1.5,47.22
1,0,14.89529457,1,UberX,SUV,Cloudy,Low,1.0,22.78
0,1,10.96559413,1,UberX,Sedan,Cloudy,High,1.0,24.72
1,0,9.23755955,3,UberX,SUV,Clear,Very Heavy,1.0,22.99
0,0,25.60671841,1,LyftPlus,SUV,Clear,Low,1.0,42.67
0,0,4.150358878,1,Standard,Sedan,Clear,High,2.0,24.65
0,0,2.111913314,4,UberX,SUV,Rainy,High,1.0,13.0
0,0,8.963731869,1,Lyft,Hatchback,Cloudy,Medium,1.0,16.63
0,1,24.45190864,2,Lyft,Sedan,Clear,Medium,1.0,43.71
0,1,21.77040096,1,UberX,Sedan,Clear,Low,1.0,38.16
0,0,19.47866325,1,UberXL,Sedan,Rainy,Low,1.0,34.8
0,0,21.88358416,1,LyftPlus,Sedan,Clear,Low,1.0,33.52
1,0,10.14618127,1,UberX,Sedan,Clear,Medium,1.5,23.95
0,0,24.76229044,1,LyftPlus,Sedan,Clear,Medium,1.0,41.14
1,0,5.938587028,1,UberX,Sedan,Snowy,Very Heavy,1.0,19.25
1,0,5.408348864,3,UberX,Van,Clear,Medium,1.0,15.16
0,0,4.759382146,1,UberX,SUV,Clear,Medium,1.0,10.61
0,1,15.67012471,1,LyftPlus,SUV,Clear,Low,1.0,30.31
0,1,22.19205745,1,UberXL,Sedan,Clear,High,1.0,42.4
0,1,10.16805548,2,Lyft,Sedan,Clear,Medium,1.0,19.16
0,0,25.04707644,2,UberXL,Hatchback,Clear,High,1.0,44.04
1,0,11.83748419,2,UberXL,Sedan,Clear,Low,1.0,21.97
0,0,9.831919016,1,LyftPlus,Sedan,Clear,Medium,1.5,26.56
1,1,8.286478451,1,UberXL,Hatchback,Clear,Medium,1.0,17.38
0,0,13.77773027,1,LyftPlus,Sedan,Clear,Low,1.5,26.48
0,0,18.68449116,1,UberX,Sedan,Cloudy,High,1.0,35.51
0,0,21.37981357,2,Lyft,Van,Clear,Medium,2.0,46.06
1,0,15.78839109,4,Lyft,Sedan,Clear,Medium,1.0,29.82
1,1,15.10971143,1,LyftPlus,Hatchback,Cloudy,High,1.0,30.22
1,0,7.30221176,1,UberX,Van,Clear,Medium,1.5,22.23
1,0,18.89617616,1,Lyft,Sedan,Clear,Low,1.5,38.16
1,1,24.30979922,1,UberXL,Hatchback,Clear,Very Heavy,2.5,60.36
0,0,4.489437666,1,UberX,Sedan,Cloudy,Medium,1.0,14.05
0,0,24.22003325,1,UberX,Hatchback,Cloudy,High,1.0,43.33
0,0,15.7937739,4,UberX,Sedan,Clear,High,1.0,31.74
0,0,10.77698878,1,LyftPlus,Van,Rainy,Low,1.0,20.67
0,0,24.14376948,5,Lyft,SUV,Clear,Medium,2.5,56.71
0,1,12.9256678,1,UberX,SUV,Cloudy,Low,1.0,27.34
1,0,7.943702343,1,LyftPlus,Hatchback,Clear,Medium,1.0,16.64
0,1,7.29349527,1,UberX,Sedan,Cloudy,High,1.0,19.93
0,0,6.141522422,1,Lyft,Sedan,Clear,Low,1.0,11.95
1,0,21.64731866,1,LyftPlus,Sedan,Clear,Low,1.0,35.93
1,0,17.97655838,1,LyftPlus,Sedan,Clear,Medium,1.0,31.74
1,0,23.07434294,1,UberX,SUV,Rainy,Medium,1.0,41.73
0,0,8.190106293,5,Lyft,Hatchback,Rainy,High,1.0,25.46
0,0,9.018970644,1,UberXL,SUV,Clear,High,1.0,20.23
0,1,6.334582868,2,LyftPlus,Sedan,Rainy,High,1.0,18.45
0,1,4.294424171,1,UberXL,Hatchback,Rainy,High,1.5,22.49
0,0,14.1537862,1,Lyft,Sedan,Rainy,Low,1.0,26.03
0,0,22.71161724,1,UberX,SUV,Clear,Medium,1.0,37.8
0,0,19.46525361,3,Lyft,Sedan,Clear,Medium,1.0,34.03
0,0,9.545879136,1,Lyft,Sedan,Clear,Very Heavy,2.0,34.1
0,1,21.41223615,1,Lyft,SUV,Clear,Medium,1.0,37.48
0,0,20.53382524,1,Lyft,Sedan,Rainy,Very Heavy,2.5,53.83
1,1,3.525675475,1,Standard,Sedan,Rainy,High,1.0,15.48
1,0,20.22146811,2,Lyft,SUV,Rainy,High,1.0,38.84
1,1,8.326004224,1,UberX,Sedan,Clear,Medium,1.0,17.82
0,0,6.761231579,1,LyftPlus,SUV,Rainy,Medium,1.0,18.37
0,0,7.129406803,2,UberX,Van,Clear,Medium,1.0,15.71
0,1,13.42313917,1,Lyft,SUV,Cloudy,Medium,1.0,25.19
1,1,12.72053975,1,LyftPlus,SUV,Clear,Very Heavy,1.0,29.48
0,1,10.32369674,1,UberX,Sedan,Rainy,High,1.0,27.06
0,0,8.907906691,2,LyftPlus,SUV,Rainy,High,1.0,22.82
0,1,20.00628657,5,Lyft,Sedan,Cloudy,Medium,1.5,45.6
0,0,24.35705377,1,UberXL,SUV,Clear,Low,1.0,41.1
1,0,21.76985068,3,UberX,Sedan,Clear,High,1.0,39.85
0,0,10.55870602,1,UberXL,Sedan,Clear,Medium,1.0,20.09
0,1,8.554180179,1,Standard,SUV,Clear,High,1.0,20.42
0,1,8.02513622,1,UberX,SUV,Rainy,High,1.5,27.08
1,0,6.034203363,1,Lyft,Sedan,Cloudy,Low,1.0,10.3
0,0,15.2914836,1,UberX,Sedan,Clear,Medium,1.0,25.8
0,1,16.21694283,2,UberX,SUV,Clear,High,1.0,34.92
0,1,17.54622805,1,Lyft,Hatchback,Cloudy,Medium,1.0,34.86
0,0,17.97356762,5,UberX,Sedan,Clear,Medium,1.5,39.24
0,0,11.18860707,1,Standard,Sedan,Clear,Low,1.0,22.37
1,0,9.450800118,1,UberXL,Sedan,Cloudy,Low,2.5,33.85
0,0,17.72204846,1,UberXL,Sedan,Cloudy,High,2.5,48.77
0,0,9.795928831,1,UberX,SUV,Clear,Low,1.5,20.96
0,1,8.835042467,3,Standard,Sedan,Clear,High,1.0,22.14
0,1,12.06509951,1,UberX,SUV,Clear,Medium,1.0,26.72
1,0,7.707538646,5,UberXL,Van,Clear,Very Heavy,1.0,22.4
0,1,2.924417438,6,UberX,SUV,Clear,Very Heavy,2.5,35.02
0,0,22.12875703,1,UberXL,Hatchback,Clear,High,1.0,39.43
0,0,20.42918344,1,Lyft,SUV,Rainy,Medium,1.5,38.3
0,1,8.66277296,1,Lyft,Hatchback,Rainy,Medium,2.5,37.27
1,0,3.786915354,1,UberX,Sedan,Cloudy,Low,1.5,10.61
0,1,19.94920329,1,UberXL,Sedan,Clear,Low,1.0,34.61
1,0,10.44411643,1,Lyft,SUV,Clear,Medium,1.0,22.21
1,0,7.117175654,1,UberXL,Hatchback,Cloudy,High,1.0,19.9
0,0,10.77658875,2,UberX,Sedan,Rainy,Medium,1.0,22.16
0,1,4.986772262,1,UberX,Sedan,Cloudy,Medium,2.5,30.53
1,1,7.285345145,1,UberX,Van,Snowy,Medium,2.0,32.99
0,1,21.55283036,1,UberX,Sedan,Cloudy,Very Heavy,1.0,42.52
1,1,19.86437192,5,UberX,Sedan,Clear,Low,1.0,36.27
1,0,7.906216468,1,UberXL,Sedan,Clear,Low,1.0,17.68
0,1,11.60979549,1,UberX,SUV,Clear,Very Heavy,1.0,28.75
0,0,10.3958187,2,Lyft,Hatchback,Rainy,Low,1.0,21.84
0,0,5.252718229,2,Standard,Sedan,Clear,High,1.0,12.44
0,1,4.453191431,3,Standard,SUV,Rainy,Medium,2.5,30.75
0,0,22.26602616,1,LyftPlus,Sedan,Clear,Medium,2.5,52.15
0,1,16.61014445,3,UberX,SUV,Rainy,Medium,1.0,32.04
1,0,14.33851152,1,UberX,Sedan,Clear,High,1.0,29.88
1,0,19.76909048,4,LyftPlus,Sedan,Clear,Low,1.0,35.36
1,1,22.77488928,1,UberX,Van,Cloudy,Low,1.5,44.15
0,0,20.04999438,3,UberX,Sedan,Clear,Medium,1.0,35.3
1,0,4.777853041,4,UberXL,SUV,Clear,Medium,1.0,13.03
1,1,6.248355122,1,UberX,Van,Clear,Medium,1.0,14.77
0,1,16.29979468,5,LyftPlus,Sedan,Cloudy,Very Heavy,1.0,40.87
0,1,9.382489383,1,Lyft,Sedan,Cloudy,Very Heavy,2.0,33.15
0,0,25.22140297,1,Lyft,Sedan,Cloudy,Low,2.5,56.5
0,0,17.72492786,1,LyftPlus,Sedan,Cloudy,Medium,1.0,30.91
0,0,24.59161221,6,UberX,Hatchback,Rainy,Low,1.5,47.15
1,0,7.563443285,1,Lyft,Sedan,Clear,Very Heavy,1.0,17.3
0,0,21.99785745,1,UberX,Van,Clear,Medium,1.0,39.34
1,0,10.35417447,1,Lyft,Hatchback,Clear,Medium,1.5,25.09
0,0,14.15248613,4,UberX,Hatchback,Clear,High,1.0,29.4
0,0,24.29648759,2,Lyft,Sedan,Rainy,Medium,1.0,44.18
0,0,8.523472991,1,Standard,Sedan,Clear,Low,1.5,22.12
0,1,15.21183915,1,UberX,Sedan,Clear,Medium,1.0,28.48
1,1,20.80777765,1,UberX,SUV,Clear,Medium,1.0,41.0
1,0,13.07266314,1,UberX,Sedan,Clear,High,1.0,27.69
1,0,10.10222524,1,UberXL,Hatchback,Rainy,Medium,1.0,22.42
0,0,24.43816392,1,UberX,SUV,Clear,Low,1.0,40.28
0,0,11.68654594,3,LyftPlus,SUV,Rainy,Medium,1.0,23.46
0,0,18.40197954,1,UberXL,SUV,Clear,High,1.0,35.1
0,0,3.858473882,1,UberXL,SUV,Snowy,High,2.5,29.69
0,0,21.49882179,1,Lyft,Sedan,Clear,Low,1.5,39.13
1,1,17.21365334,1,UberX,Sedan,Clear,Low,1.0,30.04
0,1,10.58190962,1,UberX,SUV,Rainy,Medium,1.5,31.0
0,0,2.795508251,1,Lyft,SUV,Clear,Medium,1.0,6.7
1,1,16.83361196,3,Lyft,Sedan,Clear,Low,1.5,35.95
1,0,1.146665442,1,UberX,Hatchback,Clear,Medium,1.5,11.86
0,1,3.337831889,1,UberX,Hatchback,Clear,Very Heavy,1.0,14.93
1,0,15.65268858,2,UberX,Sedan,Cloudy,Medium,1.0,30.15
1,0,8.458294459,2,UberX,SUV,Clear,Medium,2.0,29.85
0,0,7.616447861,2,UberX,Sedan,Rainy,High,1.0,20.95
0,0,15.85220657,4,Lyft,Sedan,Clear,Low,1.0,28.53
0,1,3.765192918,2,LyftPlus,Hatchback,Clear,Medium,1.0,12.38
0,0,10.34848238,1,UberX,Van,Clear,Medium,1.0,18.02
0,1,5.983547784,2,Lyft,SUV,Cloudy,Medium,1.0,16.58
0,0,15.90900047,1,UberX,Van,Clear,Very Heavy,1.0,31.1
0,1,17.53959664,1,UberXL,SUV,Snowy,Medium,1.0,37.2
1,1,19.73180987,1,Lyft,SUV,Clear,Low,1.0,34.89
1,0,10.43956577,1,LyftPlus,SUV,Rainy,Very Heavy,1.0,27.37
0,0,8.566878387,1,UberX,Sedan,Cloudy,Low,2.5,31.44
0,0,4.981412274,1,UberX,Sedan,Clear,Medium,2.0,21.83
0,1,3.64820639,1,Lyft,Sedan,Rainy,Medium,1.0,14.81
0,0,13.84271608,3,UberX,SUV,Clear,Very Heavy,1.5,35.13
0,0,26.77079086,4,UberX,SUV,Clear,Medium,2.0,57.18
0,1,7.459689507,1,UberX,SUV,Clear,Medium,2.0,27.49
0,1,8.6960147,2,Lyft,Sedan,Cloudy,Medium,2.0,30.73
0,0,6.23460059,1,UberX,Sedan,Clear,Very Heavy,1.5,21.61
0,1,17.3320157,3,Standard,Sedan,Clear,High,1.0,35.75
1,0,18.13551318,1,UberXL,Sedan,Snowy,Low,1.0,35.31
1,1,16.16831756,1,UberX,Van,Clear,High,1.0,31.89
0,1,23.76302418,1,Lyft,SUV,Clear,High,1.0,43.04
0,1,14.38260269,1,UberX,Sedan,Snowy,High,2.5,48.45
0,0,6.178603804,1,UberXL,Hatchback,Clear,High,1.0,15.34
0,0,8.644085245,1,UberXL,SUV,Clear,Medium,2.5,34.59
1,1,17.63141458,1,UberXL,SUV,Cloudy,Medium,1.5,40.0
0,0,14.67423606,1,Lyft,Van,Clear,High,1.0,29.89
0,0,15.42297349,1,UberX,SUV,Clear,Low,1.0,27.95
1,1,19.0099519,6,Standard,Hatchback,Clear,Medium,1.0,36.88
1,1,17.2523577,1,Lyft,Van,Rainy,Low,1.0,33.75
1,0,4.039747076,1,UberX,Sedan,Clear,High,1.5,18.23
0,0,22.84104515,1,UberX,Sedan,Clear,High,2.5,55.72
0,0,16.67971835,3,UberX,Sedan,Clear,Medium,1.0,29.62
1,0,19.38599352,1,UberX,Hatchback,Clear,High,1.0,36.72
0,1,9.405549654,3,Lyft,Hatchback,Rainy,High,1.0,25.0
1,0,18.4445343,1,UberX,Hatchback,Clear,Very Heavy,1.0,35.62
0,1,22.57425429,1,Standard,Sedan,Rainy,Low,1.5,47.33
0,1,10.92845563,1,UberX,Hatchback,Clear,Medium,1.0,25.66
0,0,19.96141752,1,UberX,Hatchback,Clear,High,1.0,36.85
0,1,17.97469686,1,UberX,Sedan,Clear,Low,1.0,29.04
0,0,4.569839061,1,UberX,Sedan,Clear,Medium,1.0,11.98
0,0,16.35166733,1,LyftPlus,SUV,Clear,Medium,1.0,29.55
0,1,7.032762275,2,Lyft,SUV,Rainy,High,1.0,18.55
0,1,24.57847039,1,UberX,SUV,Rainy,Medium,1.0,47.93
0,0,21.24228283,1,LyftPlus,Sedan,Clear,Medium,1.0,33.04
0,0,5.145915885,1,LyftPlus,Sedan,Rainy,Medium,1.0,15.59
0,0,4.804440385,1,Lyft,Hatchback,Snowy,Low,1.0,11.61
0,0,15.64849284,1,LyftPlus,Van,Clear,Very Heavy,2.5,47.68
0,0,12.01563264,2,Lyft,Van,Clear,Medium,1.5,29.62
0,0,4.402009836,2,UberXL,SUV,Rainy,Medium,1.0,16.12
0,0,15.32351035,1,UberX,Hatchback,Clear,Low,1.5,32.41
0,1,9.717221403,5,UberX,Sedan,Rainy,Medium,1.5,31.36
0,0,5.536496149,1,Lyft,Hatchback,Snowy,Very Heavy,1.0,18.86
0,1,3.670317393,1,LyftPlus,SUV,Clear,Very Heavy,1.5,17.75
0,0,19.38388004,1,Lyft,Hatchback,Cloudy,Medium,1.0,38.05
0,0,21.98533623,1,Standard,Sedan,Clear,Low,1.5,40.55
0,0,4.22716654,1,UberX,Hatchback,Clear,Medium,1.0,11.6
0,0,20.47845604,1,Lyft,SUV,Clear,Medium,2.0,43.98
1,0,21.31988295,1,Lyft,Sedan,Clear,Medium,1.0,34.97
0,1,6.819646202,2,Lyft,Sedan,Clear,Medium,1.0,17.62
0,0,8.217863802,1,Lyft,Sedan,Clear,High,1.0,19.1
0,0,8.085920307,2,UberX,Sedan,Rainy,High,1.0,23.77
0,0,20.52920263,1,UberX,Sedan,Clear,Medium,1.0,37.1
0,0,23.98780893,1,Standard,SUV,Clear,High,1.0,42.85
0,0,17.62292813,2,UberX,Hatchback,Clear,High,1.0,33.34
0,0,21.97974275,1,UberXL,Van,Clear,Medium,1.0,38.19
0,1,19.43237158,1,UberXL,Sedan,Clear,Very Heavy,1.0,38.81
0,0,10.31764378,1,UberX,Sedan,Rainy,High,1.0,24.31
0,0,8.374932868,1,Lyft,Sedan,Clear,Medium,1.0,16.32
1,1,14.48758852,1,Lyft,Sedan,Rainy,Very Heavy,1.0,32.5
1,0,4.383587274,1,Standard,Hatchback,Clear,Medium,1.0,11.6
0,0,5.525862155,2,UberX,SUV,Rainy,Medium,1.0,16.22
1,0,17.61277867,1,Lyft,SUV,Clear,Medium,1.0,30.84
0,1,10.67054059,1,LyftPlus,Sedan,Clear,High,1.0,25.05
0,1,14.56945352,1,Standard,Hatchback,Rainy,Low,1.0,27.54
0,0,14.51084245,1,Standard,Van,Clear,Medium,1.0,24.56
0,1,7.432089701,1,Lyft,SUV,Cloudy,Medium,1.0,18.52
0,0,13.05218627,1,UberX,Van,Rainy,Medium,1.0,23.8
1,0,14.34772106,1,UberX,Sedan,Clear,High,1.0,28.81
0,0,11.40587981,2,LyftPlus,Sedan,Cloudy,Medium,2.0,30.9
0,1,11.16939571,1,LyftPlus,Van,Cloudy,Medium,1.5,28.87
0,0,22.42536709,4,Lyft,Hatchback,Clear,High,2.5,56.99
0,1,12.17733708,1,UberX,Sedan,Clear,High,1.0,28.29
1,1,16.89910715,1,Lyft,Sedan,Clear,High,1.0,34.86
0,0,20.99400974,1,UberX,SUV,Clear,Medium,2.0,46.82
1,0,21.09099767,2,UberXL,Hatchback,Clear,Medium,1.0,41.05
0,1,22.37585742,1,UberX,Hatchback,Rainy,High,1.0,42.18
0,1,10.14922973,2,Standard,Sedan,Rainy,Medium,1.0,25.09
1,0,2.857074725,3,UberX,SUV,Rainy,High,1.0,14.44
0,0,7.818909769,2,Lyft,SUV,Clear,Low,1.0,18.36
0,0,9.403914091,1,UberX,SUV,Clear,Medium,1.5,23.36
1,0,23.43881368,2,Lyft,SUV,Clear,Medium,2.5,56.48
0,0,16.24774215,2,Lyft,SUV,Rainy,Medium,1.0,32.63
0,0,4.275591374,1,Standard,Sedan,Clear,Medium,1.5,18.28
0,1,7.06498994,2,UberX,SUV,Rainy,Low,1.0,19.31
1,0,5.244865675,5,UberX,Sedan,Clear,High,1.0,13.07
0,0,17.2107552,1,Lyft,Sedan,Clear,Medium,1.0,31.85
0,0,18.66157507,1,UberX,Sedan,Clear,Medium,1.0,32.29
1,0,23.31474745,1,UberX,Sedan,Clear,Medium,1.0,39.54
0,0,24.27442387,1,UberXL,SUV,Clear,Medium,1.0,39.2
1,1,8.318063157,1,Lyft,Sedan,Clear,Medium,1.0,19.43
0,1,9.277410609,1,UberX,Sedan,Clear,High,1.0,25.08
0,1,9.111618532,1,UberX,Van,Clear,Medium,2.0,32.27
1,0,11.69123149,1,LyftPlus,Sedan,Clear,Medium,1.5,25.66
0,0,23.64212124,2,UberXL,Sedan,Clear,Medium,1.0,40.76
1,0,15.36986721,1,UberX,SUV,Cloudy,High,1.0,31.32
1,0,19.40282709,3,UberX,Sedan,Clear,Medium,2.0,44.84
0,1,11.92991366,1,Lyft,SUV,Clear,Medium,1.5,26.52
0,1,5.393878711,2,UberX,Sedan,Rainy,Medium,1.0,16.87
0,0,3.808378098,2,LyftPlus,Sedan,Cloudy,Medium,1.0,13.73
0,0,14.49945596,1,Lyft,Hatchback,Clear,Low,1.0,27.41
0,0,17.49556023,1,UberXL,Sedan,Clear,Low,1.0,29.63
0,1,8.410166472,1,Standard,Sedan,Clear,Medium,1.5,24.4
0,1,19.41122067,2,UberX,Sedan,Clear,Low,1.0,31.68
0,0,20.53913072,2,UberX,Sedan,Rainy,Medium,2.5,53.01
1,0,9.727072076,1,Lyft,Sedan,Snowy,Low,1.0,19.98
0,0,18.70966763,1,Lyft,Sedan,Rainy,Medium,1.0,32.17
0,0,12.34868161,1,UberX,SUV,Snowy,Medium,1.0,24.94
1,0,18.17513546,1,UberX,Hatchback,Clear,Medium,1.0,30.15
1,0,19.76173361,6,UberX,SUV,Cloudy,High,1.0,39.08
0,1,24.39843794,1,UberX,SUV,Clear,Medium,1.0,46.12
0,1,9.020106417,4,Lyft,Hatchback,Clear,Medium,2.5,36.75
0,0,13.00676769,2,Lyft,Van,Rainy,High,1.0,29.0
0,0,5.203520178,5,UberXL,SUV,Clear,Low,1.0,16.85
0,0,7.285357973,1,UberX,Van,Clear,Low,1.0,11.27
0,1,17.21979904,1,UberX,SUV,Rainy,Low,1.0,33.42
0,0,24.16869266,1,UberX,Hatchback,Clear,Low,1.0,41.57
1,0,12.26333629,2,UberX,SUV,Clear,Medium,1.0,24.46
0,0,6.599375539,1,UberX,Hatchback,Clear,Medium,1.0,12.66
0,0,9.963373145,1,UberX,Sedan,Rainy,Low,2.0,33.29
0,1,11.5193982,2,UberXL,SUV,Clear,Very Heavy,1.0,28.99
0,0,9.3148093,1,Lyft,SUV,Clear,High,1.0,20.93
0,1,7.083876399,1,UberX,Hatchback,Clear,Very Heavy,1.0,18.25
1,0,20.21672205,1,Standard,Van,Rainy,Low,1.0,39.21
1,0,3.546877777,1,LyftPlus,Sedan,Rainy,High,1.0,14.45
0,0,15.51301462,1,Standard,SUV,Clear,High,1.0,30.19
1,0,19.90962757,1,LyftPlus,Sedan,Clear,Very Heavy,1.0,38.54
1,1,9.601833348,3,Lyft,Sedan,Clear,Medium,1.0,23.39
0,0,15.15543292,2,Lyft,Van,Clear,High,2.5,45.15
0,1,16.74227651,1,UberX,SUV,Clear,Low,1.0,30.64
0,1,17.23538687,2,Lyft,Sedan,Clear,Low,1.0,28.19
0,0,11.87396877,1,Lyft,SUV,Rainy,Low,1.0,22.13
0,0,11.33432062,1,UberXL,SUV,Cloudy,Very Heavy,1.0,27.97
1,0,20.91687335,2,Lyft,Sedan,Clear,Low,1.0,34.23
0,0,18.60515162,1,UberXL,Sedan,Clear,Low,1.0,31.06
0,1,8.85743191,1,UberXL,SUV,Clear,Very Heavy,2.0,31.36
0,1,5.963815604,1,UberX,Sedan,Clear,Low,1.0,15.26
1,0,2.035690481,1,Lyft,Sedan,Clear,High,1.0,9.17
1,0,8.988961137,1,LyftPlus,Sedan,Clear,High,1.0,19.1
0,1,6.476976298,3,LyftPlus,Hatchback,Clear,Low,1.0,15.26
0,0,15.47876262,1,Lyft,Sedan,Clear,Low,1.0,27.19
0,0,12.71645319,3,UberX,Hatchback,Rainy,Medium,2.5,44.28
1,0,4.564067189,1,Standard,SUV,Clear,Very Heavy,1.5,17.31
0,0,10.22151695,1,UberX,Sedan,Clear,High,2.5,36.43
0,1,17.91148286,1,LyftPlus,SUV,Clear,Medium,1.0,33.77
0,0,8.149789575,1,UberX,Sedan,Cloudy,Medium,1.0,16.78
0,1,18.45005803,2,UberXL,Hatchback,Clear,Medium,1.5,41.41
0,1,19.88232557,1,Lyft,Van,Clear,High,1.5,44.83
0,1,9.077777491,1,Lyft,Sedan,Rainy,Medium,1.0,22.61
0,0,18.15527338,1,UberXL,Hatchback,Cloudy,Low,2.5,45.41
0,1,19.37231421,1,Lyft,Sedan,Rainy,High,2.0,51.53
1,1,11.75210106,1,UberXL,Sedan,Clear,Medium,1.0,23.99
0,1,7.707445774,1,UberX,Sedan,Cloudy,Medium,1.0,18.73
0,0,13.70597111,1,Lyft,SUV,Rainy,High,1.0,32.67
0,1,24.90880253,1,UberX,Sedan,Rainy,Medium,2.0,56.31
0,0,10.67787419,5,Lyft,SUV,Clear,Medium,1.0,23.2
0,0,17.14465188,1,UberX,Hatchback,Clear,High,1.0,31.32
0,1,6.285464767,4,UberXL,Hatchback,Rainy,Medium,1.0,21.16
0,1,17.18708389,1,UberXL,Hatchback,Cloudy,Medium,1.0,33.7
0,0,12.79636169,1,UberX,Sedan,Rainy,High,1.0,25.81
1,0,15.53986149,1,UberXL,SUV,Cloudy,Medium,1.0,27.49
0,0,19.2831407,1,Lyft,Van,Clear,High,1.0,38.61
0,1,12.42953056,1,Standard,Sedan,Clear,Medium,1.5,29.98
0,0,20.37785362,1,LyftPlus,Hatchback,Rainy,Medium,1.0,35.52
0,1,18.77833485,1,Lyft,Sedan,Rainy,Low,1.0,36.15
1,0,17.49942569,2,UberXL,SUV,Rainy,Medium,1.0,32.75
0,0,5.395117892,5,UberX,Hatchback,Cloudy,High,1.0,16.76
0,1,19.9050472,3,UberX,Van,Clear,Medium,1.5,43.87
0,1,24.03464514,1,UberX,SUV,Clear,Medium,1.0,43.31
1,0,5.949176289,1,LyftPlus,Hatchback,Cloudy,High,1.0,15.78
0,0,12.01928127,1,UberX,Sedan,Clear,Low,1.0,20.36
1,0,7.02339281,1,UberXL,Sedan,Rainy,High,1.0,16.01
1,1,18.95263686,1,UberX,Sedan,Cloudy,Medium,1.5,43.86
0,0,18.7921046,1,UberX,SUV,Clear,Medium,1.0,35.73
1,0,7.488757782,1,UberX,SUV,Cloudy,Medium,1.0,16.47
0,1,21.21346064,2,Lyft,Van,Clear,Low,1.5,44.17
0,0,7.520184534,2,UberXL,Sedan,Rainy,Medium,1.0,18.28
1,0,18.57884777,1,Lyft,Sedan,Clear,Medium,1.0,31.71
0,0,13.4145288,1,UberXL,Van,Rainy,Medium,1.0,26.93
0,1,11.7285753,3,Lyft,Sedan,Rainy,High,2.0,39.0
0,0,6.622968495,1,Lyft,SUV,Clear,Medium,1.5,22.02
1,1,6.019349044,1,Lyft,Sedan,Rainy,High,1.0,19.82
0,1,18.79412836,1,UberXL,Sedan,Cloudy,Medium,1.0,38.3
0,0,15.45835037,1,UberX,Sedan,Rainy,Low,1.0,28.5
0,0,5.839473883,1,Standard,Sedan,Snowy,Medium,1.0,15.76
0,1,4.46161999,2,UberX,SUV,Clear,Low,1.5,19.98
0,0,4.954602552,1,UberX,Hatchback,Clear,Very Heavy,1.0,17.37
0,1,18.67816549,1,UberXL,Hatchback,Clear,High,1.0,36.68
0,1,18.97284796,1,Lyft,Sedan,Snowy,Low,1.0,37.72
0,0,10.04853914,2,UberX,Sedan,Clear,Medium,1.0,21.0
0,0,5.369598345,1,Lyft,SUV,Clear,Very Heavy,1.0,16.17
0,0,14.74993574,1,Lyft,Sedan,Clear,High,1.0,27.72
0,0,4.713528687,1,UberXL,Hatchback,Clear,Medium,1.0,15.91
0,0,23.68072019,1,UberXL,SUV,Cloudy,Low,1.0,38.97
1,1,22.72054565,1,UberXL,Van,Clear,Medium,1.0,41.41
0,0,18.33959963,1,UberX,Sedan,Cloudy,High,1.0,34.84
0,0,22.96942489,2,UberX,Sedan,Clear,High,1.0,37.33
0,1,20.68832083,5,UberX,Sedan,Cloudy,Medium,1.0,40.56
0,0,21.89880624,1,Lyft,Sedan,Clear,Low,1.0,36.08
0,0,17.36948511,1,Lyft,SUV,Clear,Very Heavy,1.5,37.97
0,0,8.054801172,1,UberXL,Van,Clear,High,1.0,16.57
0,0,6.526561604,2,Lyft,Sedan,Clear,Low,2.0,26.09
1,0,10.05692428,1,Lyft,Sedan,Clear,Low,1.5,21.67
0,1,16.87654323,2,UberX,Sedan,Clear,Medium,1.0,32.38
0,0,6.580791898,1,UberX,SUV,Clear,Medium,2.0,24.09
1,1,8.136806633,3,LyftPlus,SUV,Clear,Medium,1.5,23.62
0,0,12.06498148,3,Lyft,Hatchback,Rainy,Low,2.0,35.75
0,1,7.51633726,2,Lyft,Hatchback,Clear,Very Heavy,1.0,21.99
0,1,16.76739735,1,UberXL,SUV,Rainy,High,1.0,35.0
0,0,23.4029394,1,Lyft,SUV,Snowy,Low,1.0,40.17
0,0,20.13352794,1,Lyft,Hatchback,Clear,High,1.0,37.44
0,0,16.45797144,1,UberX,Sedan,Clear,High,2.0,41.79
0,1,17.26401579,1,LyftPlus,Sedan,Clear,Medium,1.0,32.93
0,0,13.17296935,1,UberX,Sedan,Clear,High,1.0,28.46
0,1,7.57960654,1,UberX,Sedan,Rainy,Medium,2.0,32.63
0,0,22.55854949,1,UberX,Sedan,Clear,High,2.5,54.28
0,1,7.927777706,1,Lyft,Sedan,Clear,Medium,1.0,21.82
1,0,5.441613848,1,Lyft,Sedan,Clear,Medium,1.5,17.7
0,0,20.10084374,1,Lyft,Hatchback,Cloudy,Medium,1.0,35.01
0,1,9.551556046,1,Standard,SUV,Rainy,Medium,1.0,24.15
0,0,11.82098194,3,UberX,Sedan,Snowy,Medium,2.5,42.3
0,1,4.246537577,1,Lyft,Hatchback,Cloudy,Very Heavy,2.0,27.07
1,0,7.16037636,1,Lyft,SUV,Clear,Medium,1.0,12.52
1,0,7.342333897,1,Standard,Sedan,Clear,Low,1.0,11.97
0,0,4.158308042,1,UberX,Van,Clear,Low,1.0,7.91
0,1,17.77217808,1,Standard,Sedan,Clear,High,1.0,35.22
0,0,22.26897854,5,UberX,Hatchback,Clear,Medium,1.0,39.33
1,1,12.60370211,1,Lyft,Van,Clear,Medium,1.0,25.09
0,0,20.72999778,1,Lyft,Hatchback,Clear,High,1.0,36.7
1,0,5.803383976,1,LyftPlus,SUV,Clear,Very Heavy,1.0,18.07
0,0,11.50696477,1,UberX,Van,Cloudy,High,1.5,30.62
1,0,5.518753324,2,UberX,Sedan,Cloudy,Low,1.0,11.85
0,1,14.99436931,1,UberX,Sedan,Clear,Medium,1.5,34.08
0,1,10.48516746,5,Lyft,SUV,Clear,High,1.0,24.93
0,0,18.29408166,1,Lyft,Hatchback,Clear,Very Heavy,1.0,35.04
0,0,20.63446073,2,Standard,SUV,Cloudy,Very Heavy,1.0,41.9
0,0,14.21037354,1,UberXL,Van,Snowy,Medium,1.5,35.34
0,1,16.05411347,1,UberX,Sedan,Clear,High,1.5,37.96
0,1,23.6303702,2,UberX,Hatchback,Clear,Low,1.0,39.99
0,1,10.43880531,1,UberX,Van,Clear,Medium,1.0,22.38
1,0,10.60759889,1,Lyft,Sedan,Clear,Medium,1.0,20.08
1,0,18.00344568,1,LyftPlus,Van,Rainy,Very Heavy,1.0,36.37
0,0,11.13504656,1,Standard,Sedan,Clear,Low,1.0,20.99
0,0,16.42288323,1,UberXL,Van,Snowy,Medium,1.0,34.45
0,0,6.736097984,1,UberX,Van,Clear,Very Heavy,1.0,21.37
1,1,11.86736544,1,UberX,Sedan,Rainy,Medium,1.0,25.65
0,0,11.15610458,1,Lyft,SUV,Clear,Low,1.0,22.23
0,0,12.70071124,1,Standard,SUV,Clear,Medium,1.0,25.5
1,1,7.332961917,1,UberX,Sedan,Rainy,High,1.0,20.53
0,0,21.95854547,4,UberX,Sedan,Cloudy,Medium,1.0,42.85
1,1,17.82963963,1,Lyft,Sedan,Rainy,Medium,2.0,51.14
1,0,13.02546675,3,Lyft,SUV,Rainy,Low,1.0,25.37
0,0,18.14431598,1,UberX,SUV,Rainy,Very Heavy,1.0,35.68
1,0,23.0250898,1,LyftPlus,Van,Clear,High,1.0,38.35
0,0,7.699877612,1,UberX,Sedan,Rainy,Medium,1.0,20.68
0,0,8.691626575,1,Standard,SUV,Rainy,High,1.0,18.22
1,0,13.54060078,1,UberX,Sedan,Clear,Low,1.0,23.19
1,0,20.32725673,1,UberX,SUV,Clear,Low,2.0,42.15
0,0,2.498964305,1,UberX,Van,Rainy,Very Heavy,1.5,20.84
1,0,24.46929575,3,UberX,Sedan,Cloudy,Low,2.0,54.12
0,0,14.41685602,5,UberXL,Sedan,Clear,Low,1.0,24.17
0,0,11.3623279,1,Lyft,SUV,Cloudy,Medium,1.0,22.82
0,0,8.719152836,1,UberXL,Sedan,Cloudy,Low,1.0,17.28
0,1,7.428188338,1,Lyft,Sedan,Clear,High,1.0,19.31
0,0,19.63684383,1,UberX,Sedan,Rainy,Very Heavy,1.0,38.39
0,0,21.25566746,1,UberX,Sedan,Clear,Medium,1.5,43.83
1,0,10.8667007,1,Standard,SUV,Clear,Medium,1.0,20.17
0,0,24.41169569,2,LyftPlus,Van,Clear,Medium,1.0,44.89
1,0,21.89588358,1,UberX,SUV,Cloudy,Low,1.0,35.5
1,0,6.717647687,1,UberXL,Sedan,Clear,Medium,1.0,16.38
1,1,13.92430443,3,Lyft,Sedan,Cloudy,Low,1.0,29.24
1,0,19.17573523,1,UberX,Van,Clear,Medium,1.0,32.87
1,0,13.1997451,1,Lyft,Van,Cloudy,Medium,1.0,22.28
0,0,16.22931769,2,UberXL,Sedan,Cloudy,Very Heavy,1.5,36.66
0,1,5.378739901,1,UberX,Van,Cloudy,High,1.0,15.15
0,1,12.48701716,1,UberX,Van,Rainy,High,1.0,30.02
0,0,19.39264518,1,Lyft,Sedan,Cloudy,Medium,1.0,33.72
0,0,3.463589129,1,UberX,Hatchback,Clear,High,2.0,23.61
1,0,18.54925087,3,UberX,SUV,Clear,Very Heavy,1.0,37.48
1,1,21.79957215,1,Lyft,Sedan,Clear,Very Heavy,2.5,57.01
0,0,8.590478857,1,Lyft,Sedan,Rainy,Low,1.0,18.71
0,0,9.245309084,1,UberX,Sedan,Clear,Medium,2.5,31.98
1,0,12.32637593,4,LyftPlus,Van,Clear,Medium,1.0,24.75
0,0,16.25725885,1,Lyft,Hatchback,Cloudy,Medium,1.0,29.7
0,1,5.716921952,1,UberX,Sedan,Rainy,Very Heavy,1.0,19.55
0,0,9.841690631,4,UberXL,SUV,Cloudy,Medium,2.5,35.92
0,0,15.01505557,4,Lyft,Sedan,Clear,Low,1.5,33.58
0,0,8.755931932,1,UberX,SUV,Clear,Medium,1.0,16.57
1,0,4.890281219,1,UberXL,Hatchback,Clear,Medium,1.0,13.11
1,1,3.128292221,1,Lyft,SUV,Clear,Very Heavy,1.0,15.99
1,0,6.285477189,1,UberXL,Sedan,Clear,Medium,1.0,15.02
0,0,20.10624346,1,Lyft,Sedan,Clear,Medium,1.0,33.25
0,1,24.89101367,1,UberXL,SUV,Clear,Medium,1.0,44.76
0,0,12.35360656,1,UberX,SUV,Clear,Low,1.0,23.62
1,1,13.55624574,1,UberXL,SUV,Clear,High,1.5,33.2
0,0,7.158822553,4,UberXL,SUV,Clear,High,1.0,17.66
0,0,14.13012884,1,Lyft,Hatchback,Rainy,Medium,1.0,26.56
0,0,6.25655974,1,Lyft,SUV,Rainy,Very Heavy,1.0,19.67
0,1,16.6242017,6,UberXL,Van,Cloudy,Medium,1.0,34.34
0,0,23.41140198,1,Standard,Sedan,Clear,High,1.0,40.39
0,1,8.296167365,1,UberX,Van,Snowy,Very Heavy,1.0,21.8
0,1,20.39301719,1,UberX,Sedan,Cloudy,High,2.0,52.34
0,1,3.970481791,1,UberX,SUV,Clear,Medium,1.0,12.33
0,1,11.32940237,1,UberX,SUV,Clear,Low,1.0,23.32
0,1,7.292794886,1,Lyft,Sedan,Clear,High,1.0,21.7
0,0,12.21912697,1,UberX,Van,Rainy,Very Heavy,1.0,33.54
0,0,7.737241348,1,UberX,Sedan,Clear,Medium,1.0,17.48
0,0,11.96781251,1,UberX,SUV,Cloudy,Medium,1.0,23.8
0,1,11.58324356,1,Lyft,Hatchback,Clear,Medium,1.0,22.25
0,1,9.563925497,1,LyftPlus,Sedan,Snowy,High,1.5,27.76
0,0,18.08150379,1,Lyft,Van,Cloudy,Low,1.5,32.39
0,0,24.26632617,4,UberX,SUV,Snowy,High,1.0,47.1
0,1,12.70514603,1,Lyft,Van,Clear,High,1.0,25.76
0,0,7.812511737,1,UberX,SUV,Clear,Medium,1.0,15.64
0,1,10.95652661,1,UberX,SUV,Rainy,Low,1.0,25.99
0,0,21.65242997,1,LyftPlus,Sedan,Rainy,High,1.0,41.7
1,1,16.58926372,2,UberXL,Hatchback,Clear,Low,1.0,30.56
0,0,13.90168276,2,UberX,Sedan,Rainy,Medium,1.0,28.5
0,1,6.736073851,1,UberXL,SUV,Clear,Low,1.0,14.16
0,0,13.37450102,2,UberX,Sedan,Clear,Medium,1.5,29.74
0,1,9.587168879,1,UberX,Sedan,Clear,Medium,2.0,29.11
0,0,23.04135249,2,UberXL,Sedan,Cloudy,High,1.0,43.38
1,1,22.85040342,1,UberX,Van,Clear,High,1.0,45.03
0,1,5.594136567,1,Standard,SUV,Rainy,Very Heavy,1.0,22.38
0,0,14.68831321,4,Lyft,SUV,Clear,Medium,2.0,38.27
0,0,6.109200844,1,LyftPlus,Hatchback,Rainy,Low,1.5,21.05
0,0,10.4509271,4,Lyft,Hatchback,Cloudy,Medium,1.5,28.74
0,0,21.47242398,1,Lyft,Sedan,Clear,Low,1.0,35.92
0,0,11.88807275,1,UberXL,SUV,Clear,Low,1.0,22.01
0,0,13.84077253,1,UberX,Van,Rainy,Medium,1.0,25.73
0,0,10.99864847,1,Lyft,Sedan,Cloudy,Medium,1.5,26.28
0,0,8.765542706,1,UberX,SUV,Clear,Low,1.5,20.72
0,0,21.94081665,1,UberX,SUV,Clear,Medium,1.0,35.79
0,1,17.07620761,1,UberXL,Sedan,Clear,Medium,1.0,33.18
0,1,14.38160115,2,Lyft,Van,Clear,Medium,1.5,34.83
0,0,7.222104011,1,Standard,Sedan,Clear,High,1.0,13.58
1,0,10.20176656,2,UberX,Sedan,Cloudy,Low,2.0,29.68
0,0,22.94956721,1,UberXL,Van,Clear,Medium,1.0,38.82
0,1,15.64887798,1,LyftPlus,Hatchback,Clear,Low,1.0,28.04
0,1,13.78133004,1,UberX,Sedan,Cloudy,Low,1.0,24.25
1,0,14.12268722,5,UberX,Sedan,Clear,High,1.0,29.88
1,0,17.96758619,1,UberX,Van,Rainy,Medium,1.0,33.58
0,0,9.526994738,1,LyftPlus,Sedan,Rainy,High,2.0,31.87
1,0,6.281362388,2,UberX,SUV,Clear,Medium,2.5,31.08
0,0,14.54239181,1,UberX,Sedan,Clear,Medium,1.0,27.66
0,0,16.60418263,2,UberXL,Van,Clear,Medium,1.0,30.51
0,0,18.88441429,1,LyftPlus,Hatchback,Clear,High,1.0,36.17
0,0,23.06344947,1,Standard,SUV,Clear,Low,1.0,36.31
0,0,9.101439691,1,UberXL,Hatchback,Snowy,High,2.0,32.84
0,0,4.125646204,1,Standard,Van,Clear,Medium,1.0,13.36
1,0,24.12134504,2,UberX,Van,Cloudy,Medium,1.0,41.97
0,1,11.50349485,2,UberX,Hatchback,Clear,High,2.0,37.55
0,1,16.94784937,1,Standard,Hatchback,Cloudy,Very Heavy,1.0,35.44
0,0,17.54088739,3,UberXL,Sedan,Rainy,Low,1.5,38.92
0,0,14.57471097,1,UberX,Sedan,Cloudy,High,1.0,29.03
1,0,6.651174042,1,UberXL,Hatchback,Clear,Low,2.5,28.27
0,0,19.88655489,1,Lyft,Hatchback,Clear,Medium,1.5,39.61
1,0,19.91905581,1,LyftPlus,Van,Clear,High,2.0,44.4
0,0,13.4324491,1,LyftPlus,Sedan,Rainy,Medium,2.5,41.03
0,0,13.77044486,1,Lyft,SUV,Cloudy,Low,1.0,25.47
0,0,4.267616769,1,LyftPlus,SUV,Clear,Medium,1.0,12.56
1,1,3.200740253,2,UberXL,Hatchback,Cloudy,High,1.0,12.78
0,1,10.59994868,2,Lyft,Sedan,Cloudy,Medium,1.5,31.53
1,0,9.675706265,1,Lyft,Hatchback,Clear,Low,1.0,20.43
1,0,23.1141053,1,UberXL,Sedan,Clear,Medium,2.0,47.93
0,1,20.46864058,1,UberX,SUV,Cloudy,Very Heavy,1.0,40.07
0,0,17.94226681,2,UberX,SUV,Clear,High,2.0,43.72
0,1,14.6280865,1,Lyft,Sedan,Cloudy,High,1.0,32.71
1,0,6.885610431,1,UberX,Hatchback,Cloudy,High,1.0,17.84
0,1,22.92066376,4,UberX,Van,Clear,Low,1.0,40.62
0,0,12.54413241,1,UberX,Sedan,Clear,Medium,1.0,23.52
1,0,5.909833782,1,UberX,Hatchback,Clear,Medium,1.0,10.68
1,0,12.91278479,1,Lyft,Sedan,Cloudy,Low,1.0,23.4
0,0,22.2161982,1,UberX,Hatchback,Clear,Low,1.0,39.75
0,0,22.69869298,4,UberX,Sedan,Clear,High,1.5,46.8
0,0,3.201910197,1,Lyft,Sedan,Cloudy,Low,1.0,9.63
0,0,24.29156738,1,LyftPlus,Hatchback,Clear,Medium,1.0,41.45
1,1,7.027401088,1,UberX,SUV,Rainy,Medium,2.0,26.88
0,0,2.381194567,1,UberX,Sedan,Clear,Low,1.5,14.68
1,0,19.35245011,1,Standard,Van,Clear,Medium,1.0,32.65
1,1,22.08494469,1,UberX,SUV,Rainy,High,1.5,47.58
0,0,16.66109869,1,Standard,SUV,Clear,Medium,2.5,44.34
0,0,15.99914169,1,UberX,SUV,Snowy,Low,2.0,39.57
1,0,20.5995217,1,UberX,Hatchback,Clear,High,1.5,40.34
0,0,20.70535045,1,UberX,Sedan,Clear,Medium,1.0,37.66
0,0,22.2858709,5,UberX,Sedan,Clear,High,1.0,42.27
0,0,15.90116953,1,LyftPlus,Sedan,Rainy,Low,1.0,30.84
1,0,25.3955303,4,Standard,SUV,Clear,High,1.0,45.79
0,0,7.068811968,1,Standard,Sedan,Clear,Medium,1.0,14.97
1,1,24.62759282,2,LyftPlus,SUV,Cloudy,Medium,1.0,45.12
1,0,5.438316035,1,LyftPlus,Sedan,Clear,Low,1.0,11.98
0,1,23.11539599,1,Lyft,Hatchback,Clear,Low,1.0,38.71
1,0,13.18264761,1,LyftPlus,Hatchback,Clear,High,1.0,25.28
0,1,12.62412225,1,UberX,Sedan,Clear,Low,1.0,25.4
0,1,15.02153115,2,UberX,Sedan,Clear,Low,2.0,38.98
1,0,5.474787861,1,Lyft,Hatchback,Clear,Medium,1.0,13.57
0,0,14.99402802,1,LyftPlus,Hatchback,Clear,Medium,2.5,39.53
1,1,22.003935,3,Lyft,Hatchback,Clear,Medium,1.0,41.54
1,0,8.612827067,1,LyftPlus,Sedan,Clear,Medium,1.0,18.38
0,0,11.87963715,1,UberXL,Van,Rainy,Medium,1.0,23.99
0,0,22.74576658,1,Lyft,Hatchback,Rainy,Medium,1.0,41.57
0,0,14.13486689,1,Standard,Sedan,Clear,Very Heavy,1.0,27.71
1,0,10.34290676,2,UberX,SUV,Cloudy,Medium,1.5,26.68
0,0,13.36880866,1,Standard,SUV,Cloudy,Medium,1.5,28.07
0,1,15.53680228,1,UberXL,Sedan,Snowy,Medium,2.0,44.56
0,1,17.71014159,1,Lyft,Van,Clear,High,1.0,33.51
1,1,21.21451329,1,LyftPlus,Hatchback,Rainy,Low,1.0,39.67
0,0,13.62642461,1,UberXL,Sedan,Clear,Medium,1.0,27.45
0,0,22.04203371,1,UberXL,Van,Cloudy,Medium,1.0,39.79
0,0,15.05957628,1,UberXL,Sedan,Clear,Medium,1.0,28.19
1,1,10.40692915,2,UberX,SUV,Clear,Medium,1.0,24.14
0,1,16.10597766,1,UberXL,Hatchback,Clear,High,2.0,44.5
1,0,19.10801647,1,UberX,SUV,Clear,Low,1.0,32.09
0,0,16.30541584,1,Standard,Sedan,Clear,Medium,1.5,35.46
0,1,3.144807209,4,UberX,Sedan,Clear,High,1.0,12.55
1,1,6.508366531,1,UberXL,SUV,Clear,Medium,1.0,15.83
0,1,9.701922966,6,Standard,SUV,Cloudy,Low,1.5,30.56
0,0,10.73012913,5,Standard,SUV,Cloudy,Medium,1.0,23.17
0,0,16.65668845,2,Lyft,SUV,Clear,Very Heavy,1.0,32.3
1,0,4.197123046,1,Lyft,SUV,Clear,Low,1.0,9.47
0,0,4.642213092,1,UberX,SUV,Clear,Low,1.0,9.15
1,1,18.95136652,1,UberX,SUV,Clear,Medium,1.0,35.07
0,0,7.919526181,3,UberX,Sedan,Clear,Medium,1.0,16.01
0,0,9.164938081,2,Lyft,Sedan,Clear,Medium,1.0,18.55
1,1,15.11312266,5,UberX,SUV,Rainy,High,1.5,40.34
0,1,7.522591944,1,Lyft,Sedan,Clear,Low,1.0,19.19
0,1,12.71423747,1,UberX,Sedan,Clear,High,1.0,27.35
0,1,21.33652005,1,UberXL,Sedan,Clear,Medium,1.0,36.47
1,1,5.575110248,1,Lyft,Sedan,Clear,Very Heavy,1.5,24.52
1,1,13.21020538,1,LyftPlus,Sedan,Rainy,Very Heavy,1.0,33.02
1,1,20.17949348,1,UberX,Sedan,Clear,Medium,1.0,35.83
0,0,18.05479891,4,UberX,Sedan,Clear,Medium,1.0,34.32
0,0,9.771154278,1,UberX,Sedan,Rainy,High,2.0,32.76
0,0,13.0221553,3,UberX,Sedan,Clear,Medium,1.0,27.75
0,1,19.70341212,3,Lyft,Sedan,Clear,Low,1.0,39.29
0,0,25.38011152,1,UberX,Hatchback,Clear,Very Heavy,1.0,46.92
0,0,22.52294939,1,UberX,Sedan,Clear,Medium,1.0,39.99
1,0,11.25868192,1,LyftPlus,SUV,Clear,Low,1.0,22.74
0,0,23.15031022,1,UberXL,Sedan,Rainy,High,2.0,54.77
0,1,3.47086884,1,UberX,Sedan,Clear,Medium,1.0,12.69
1,1,5.340339635,1,UberX,SUV,Clear,Low,1.0,13.2
0,0,20.42911387,6,UberX,SUV,Cloudy,Low,1.0,35.39
0,1,8.303632631,1,UberXL,Sedan,Clear,Medium,1.0,19.09
0,0,6.109907757,1,Lyft,Sedan,Snowy,Very Heavy,1.0,19.71
0,0,8.906464481,2,Lyft,Sedan,Clear,Very Heavy,1.0,21.94
0,1,13.39961011,1,UberX,Hatchback,Rainy,Medium,2.0,36.45
0,1,17.5029855,1,Lyft,Sedan,Rainy,High,1.0,36.21
1,0,15.8004575,2,UberXL,Sedan,Cloudy,Medium,1.0,29.11
0,0,9.657402053,1,UberXL,Hatchback,Clear,High,1.0,18.65
0,0,15.03230001,1,LyftPlus,Sedan,Clear,Medium,2.0,38.21
1,0,23.87273138,4,UberX,Sedan,Clear,Medium,1.5,48.25
1,0,20.66555949,1,UberX,Sedan,Cloudy,Medium,1.5,41.54
0,1,10.39479631,1,LyftPlus,Sedan,Clear,Low,1.0,18.93
0,0,26.34796711,1,UberX,Sedan,Cloudy,Low,1.0,43.57
1,0,4.898097628,1,UberX,Van,Clear,Medium,1.0,13.2
0,1,19.2888999,4,Lyft,Hatchback,Clear,Very Heavy,1.0,41.38
1,0,5.046865785,2,Lyft,Sedan,Clear,Very Heavy,1.0,15.8
1,0,3.10768477,1,LyftPlus,Sedan,Clear,High,2.0,21.88
1,0,6.116290235,5,UberX,SUV,Cloudy,Low,1.0,14.12
0,0,20.53984236,2,UberX,SUV,Clear,Medium,1.0,37.13
0,0,7.612386314,1,UberX,Hatchback,Cloudy,Medium,1.0,15.96
1,1,13.5723663,1,UberXL,SUV,Clear,Medium,1.0,26.26
1,0,4.74044336,1,UberX,Sedan,Rainy,Low,1.0,14.04
0,0,22.27390765,1,Lyft,Sedan,Rainy,Medium,1.0,40.86
0,1,11.63363516,1,UberX,Van,Clear,Low,1.0,23.27
0,1,22.72713842,1,UberX,Sedan,Clear,High,2.5,58.54
0,0,23.54881845,1,UberXL,Hatchback,Clear,High,2.5,56.77
0,0,3.975748877,3,Standard,SUV,Clear,Medium,1.0,10.27
0,0,11.5315475,2,LyftPlus,Sedan,Cloudy,Medium,1.0,22.81
1,0,3.505530385,1,Standard,Sedan,Snowy,Low,1.0,9.17
0,0,22.98033966,3,UberXL,Sedan,Rainy,Medium,1.0,43.93
1,0,14.11935747,1,UberX,SUV,Rainy,Medium,1.5,31.32
1,0,4.099230481,1,UberX,SUV,Clear,High,1.0,15.46
0,0,4.716028965,1,Lyft,SUV,Clear,Low,1.0,8.94
0,0,11.71964903,3,UberX,Sedan,Cloudy,Medium,1.0,24.8
1,0,22.67506578,4,UberX,Sedan,Clear,Low,1.0,41.73
1,0,18.40518626,2,UberX,Hatchback,Rainy,Medium,1.0,35.1
0,1,21.53471012,4,UberXL,Van,Rainy,Low,1.0,41.02
0,0,10.5756407,1,UberX,Van,Clear,Medium,1.5,25.66
0,1,4.147692546,3,UberX,SUV,Clear,Medium,1.0,13.07
0,0,23.93739727,1,UberXL,Sedan,Rainy,High,1.0,41.02
0,1,4.644850457,1,UberX,Sedan,Clear,Low,2.5,28.01
0,0,23.70827034,1,UberXL,Sedan,Cloudy,Low,1.0,36.37
0,0,12.15755169,1,Lyft,Hatchback,Clear,High,2.0,32.43
1,0,2.460061066,1,UberX,SUV,Clear,Low,1.0,6.93
0,0,17.37735772,1,Lyft,SUV,Clear,Low,2.0,38.48
0,0,10.33694449,1,UberX,Hatchback,Rainy,Medium,1.0,22.79
0,0,24.07972911,1,UberXL,Sedan,Clear,High,1.0,44.92
1,1,24.01116,1,Lyft,Van,Clear,Medium,1.5,47.23
1,1,6.617642267,1,Standard,Sedan,Clear,Low,1.5,19.31
1,0,7.684802478,1,Lyft,Sedan,Clear,Medium,1.0,19.13
0,0,16.06665151,4,UberX,Hatchback,Clear,High,1.0,33.38
0,1,18.15634745,2,UberXL,Van,Clear,Medium,2.0,46.17
0,1,18.37989273,1,UberX,Hatchback,Clear,Low,1.0,33.94
1,0,7.013932135,4,UberXL,Hatchback,Clear,High,1.0,18.1
0,1,23.09798836,1,UberX,Hatchback,Clear,Medium,1.0,41.03
0,0,17.46649806,1,UberXL,SUV,Clear,Low,1.0,28.17
0,0,23.43928735,1,UberX,SUV,Clear,High,1.0,42.8
0,0,13.68501753,1,Lyft,Sedan,Clear,Medium,1.5,31.01
0,1,12.80163836,1,Lyft,Sedan,Clear,High,1.5,33.62
0,0,25.54666465,1,UberX,SUV,Snowy,Low,2.5,56.56
0,1,14.91394219,1,LyftPlus,Hatchback,Clear,Medium,1.0,30.62
0,0,22.50754702,1,Lyft,Sedan,Rainy,Medium,1.0,39.67
0,1,23.61249955,2,UberX,Sedan,Clear,Medium,1.0,39.52
1,1,17.7366359,1,UberX,Van,Clear,Medium,1.0,32.26
1,0,14.68359903,2,Lyft,SUV,Cloudy,High,1.0,28.37
1,0,2.852363342,1,UberX,Van,Clear,Medium,1.0,8.4
1,0,5.035961873,4,Standard,Hatchback,Cloudy,High,1.0,15.97
0,0,7.339585614,1,UberX,SUV,Clear,Low,1.0,15.25
1,0,6.490516324,3,UberX,Sedan,Clear,High,1.0,16.91
0,0,8.673691056,2,Standard,Sedan,Clear,Medium,2.0,27.8
0,0,7.586428617,1,Standard,Sedan,Clear,Low,1.5,19.79
0,1,9.183103912,1,UberX,SUV,Clear,Low,1.5,24.06
0,0,12.17003199,1,Lyft,Sedan,Clear,Low,1.5,28.36
1,0,12.10648387,4,UberX,Hatchback,Clear,Medium,1.0,23.74
0,1,4.697025433,1,Lyft,SUV,Rainy,Medium,1.5,20.68
1,0,4.104932311,1,LyftPlus,Sedan,Clear,Very Heavy,1.5,21.23
0,1,12.73661993,1,UberX,Hatchback,Clear,High,1.0,25.83
0,0,19.15551931,1,UberX,Sedan,Clear,High,2.0,44.84
0,0,14.37034003,1,UberX,Sedan,Clear,Medium,1.0,25.33
0,0,12.34315319,3,UberX,Sedan,Clear,High,1.0,24.03
0,0,16.73450646,1,UberX,Sedan,Clear,Medium,1.0,30.14
1,0,22.23810779,5,LyftPlus,Hatchback,Clear,Medium,1.0,42.1
1,0,12.46628569,1,UberX,SUV,Clear,Medium,1.0,26.75
0,0,19.27050797,1,UberXL,SUV,Cloudy,Low,1.0,32.54
1,0,23.81758076,1,Lyft,SUV,Clear,Low,1.0,39.73
1,0,23.23522452,2,UberXL,SUV,Clear,Medium,1.0,40.97
1,0,11.47898733,1,UberXL,SUV,Clear,Low,2.5,35.51
0,1,15.79392337,1,UberX,Hatchback,Snowy,High,1.5,42.11
1,0,6.794131389,1,Lyft,Sedan,Rainy,Very Heavy,1.5,24.94
0,0,16.470875,1,UberX,Hatchback,Clear,Low,1.0,29.49
1,0,11.52302061,2,Lyft,Hatchback,Clear,Medium,1.0,21.9
0,0,23.97268548,1,UberX,Sedan,Clear,High,1.0,40.78
0,0,15.42794723,1,Lyft,SUV,Clear,Medium,1.0,26.71
0,0,24.11314232,1,Lyft,Hatchback,Rainy,Very Heavy,1.0,43.39
0,0,11.1689531,1,Lyft,Hatchback,Clear,High,1.0,25.1
0,1,24.1236999,1,UberX,Sedan,Clear,Low,1.0,43.7
0,1,16.57213289,1,UberX,Sedan,Clear,Low,1.0,29.44
1,0,2.29804729,1,LyftPlus,Sedan,Rainy,Very Heavy,1.0,12.1
0,1,16.98812904,1,UberX,Sedan,Clear,Very Heavy,1.0,34.27
1,0,9.732428096,1,UberX,Sedan,Cloudy,Medium,1.5,25.37
0,1,1.433676977,1,Lyft,Sedan,Clear,Low,1.0,6.0
0,1,21.07434098,1,LyftPlus,Sedan,Rainy,Medium,1.5,45.94
1,0,7.087183853,1,UberX,Sedan,Clear,Medium,1.0,15.27
1,1,19.31897902,1,Lyft,Hatchback,Clear,Very Heavy,2.0,50.65
0,0,8.837815814,1,Lyft,Sedan,Rainy,High,1.0,22.77
0,0,6.732211436,2,UberX,SUV,Cloudy,Medium,1.0,14.32
0,0,9.493340691,1,Lyft,SUV,Clear,Medium,1.0,17.1
0,0,25.29064068,1,LyftPlus,Hatchback,Rainy,High,2.0,56.75
0,0,12.32363625,1,Standard,Sedan,Rainy,Medium,1.0,25.36
0,0,16.08999014,1,UberX,Sedan,Clear,Low,1.0,29.25
0,0,16.45006025,2,Lyft,Hatchback,Cloudy,Medium,1.0,30.91
0,0,16.91114365,1,UberXL,Hatchback,Clear,Medium,1.0,29.73
0,0,23.55703875,1,UberX,SUV,Rainy,High,1.0,46.51
0,1,18.44994537,1,Lyft,Sedan,Clear,High,1.5,40.38
1,0,10.97094651,2,UberX,Sedan,Clear,Medium,1.0,20.05
1,0,21.05655666,5,UberX,Sedan,Cloudy,Medium,1.0,38.73
0,0,7.244423763,1,UberX,Sedan,Clear,Medium,1.0,14.31
0,0,15.346178,3,UberX,Sedan,Clear,Medium,1.0,30.6
0,1,22.91501706,1,UberXL,Sedan,Cloudy,High,1.0,41.33
0,0,17.11720482,1,UberX,Sedan,Cloudy,Medium,1.0,32.2
0,1,6.778330398,1,Lyft,Hatchback,Clear,Very Heavy,1.0,19.88
0,1,20.98713611,1,UberX,Hatchback,Clear,High,1.5,42.45
1,0,15.94084867,1,Lyft,Sedan,Rainy,Low,1.0,29.85
0,1,22.79414959,2,LyftPlus,Van,Clear,Low,1.0,42.07
0,0,23.46751124,1,UberX,Hatchback,Clear,Medium,2.0,50.5
0,0,8.310709496,1,UberXL,Sedan,Clear,Medium,1.0,17.03
1,0,5.586805505,1,Lyft,Sedan,Clear,Medium,1.0,15.92
0,0,12.40581115,1,Lyft,Sedan,Clear,Low,1.0,23.81
0,0,18.87738363,1,UberX,Hatchback,Rainy,Very Heavy,1.0,39.67
0,0,9.00200946,1,Lyft,Sedan,Rainy,Low,1.0,15.54
0,0,3.993964694,1,UberX,Sedan,Clear,Medium,1.0,11.19
0,0,11.94116411,1,UberX,Sedan,Clear,Low,1.0,20.89
1,0,26.06308584,1,UberXL,Hatchback,Clear,Medium,1.5,49.54
0,0,19.247211,1,UberX,Sedan,Clear,Medium,1.0,35.16
0,0,11.32626691,1,UberXL,SUV,Clear,Medium,2.0,29.93
1,1,7.406155189,1,Lyft,Sedan,Rainy,Medium,1.5,26.13
0,0,8.577007438,1,Lyft,Sedan,Clear,Medium,1.0,15.82
1,0,7.37404767,1,UberX,Sedan,Rainy,Medium,1.5,24.08
0,0,5.487993579,1,Standard,Sedan,Rainy,Medium,1.0,13.18
0,0,24.54356024,2,Lyft,SUV,Clear,High,1.0,45.38
1,1,7.256640738,3,UberX,Sedan,Clear,High,2.0,30.62
0,0,25.46382308,2,UberX,Sedan,Cloudy,High,1.0,44.67
0,1,5.607173607,1,Lyft,Sedan,Rainy,Low,1.0,15.92
0,0,4.089462871,1,LyftPlus,Sedan,Snowy,Very Heavy,1.0,16.35
0,1,8.618818471,1,UberXL,Sedan,Clear,Very Heavy,1.0,23.06
0,1,14.51254832,1,Lyft,Sedan,Cloudy,High,1.0,29.02
0,0,8.558716824,1,UberX,Sedan,Clear,Medium,1.0,17.83
0,0,9.158663671,2,UberX,Sedan,Clear,Medium,1.5,23.81
1,0,7.680991506,1,UberX,Hatchback,Clear,High,1.0,17.91
1,0,20.07221803,1,Lyft,Hatchback,Clear,High,1.5,41.3
0,1,9.387606215,1,UberX,Sedan,Rainy,High,1.0,23.35
1,0,18.79990841,1,UberX,SUV,Clear,Medium,1.0,36.17
0,1,16.52616179,1,UberX,Van,Cloudy,Low,1.0,30.43
0,0,12.49913153,1,LyftPlus,SUV,Clear,Medium,1.5,30.25
0,1,22.78809238,1,Lyft,Hatchback,Cloudy,High,2.0,50.99
0,0,26.72025139,2,UberX,Hatchback,Clear,Low,1.0,40.6
1,0,6.742217096,1,Standard,Van,Rainy,Medium,1.0,17.7
0,1,8.019048856,2,UberX,Sedan,Clear,High,1.5,27.43
0,1,15.09204114,1,UberX,Sedan,Clear,Medium,1.0,31.46
0,0,5.844563528,1,UberX,Sedan,Rainy,Low,1.0,15.32
0,0,12.67983924,1,UberX,SUV,Clear,High,1.0,25.1
0,1,16.30578732,4,UberX,SUV,Clear,Low,2.0,42.02
0,1,14.66842253,1,Lyft,Sedan,Rainy,Medium,1.0,29.6
0,0,9.501406182,1,Lyft,Sedan,Clear,High,1.0,19.83
1,1,13.88565743,1,Lyft,Hatchback,Clear,High,1.0,29.16
1,1,24.79286862,1,Lyft,Sedan,Clear,High,1.0,46.19
0,0,9.049613919,1,Lyft,SUV,Clear,Medium,1.0,17.53
0,1,15.77533667,2,UberX,Hatchback,Rainy,Medium,1.5,38.64
0,0,2.520164893,1,Lyft,Sedan,Clear,High,1.5,17.09
0,0,3.016939578,1,Lyft,Sedan,Clear,Medium,1.0,7.95
1,0,15.91536548,5,Standard,Hatchback,Rainy,Medium,1.0,34.08
1,0,6.167264924,2,UberX,Sedan,Rainy,Medium,2.5,29.85
1,0,2.515290026,1,UberX,Hatchback,Cloudy,Medium,1.0,6.8
1,1,8.979072301,1,Lyft,Hatchback,Clear,Medium,1.0,20.72
0,0,15.04171523,1,Lyft,SUV,Clear,Medium,2.5,42.72
0,1,19.90914572,2,UberX,SUV,Clear,Medium,2.0,47.44
0,0,8.263069169,2,Lyft,Sedan,Clear,Very Heavy,1.0,20.84
0,0,16.7436068,2,UberX,Hatchback,Clear,Medium,1.0,32.0
0,0,6.596446589,1,Standard,Sedan,Cloudy,Medium,1.0,16.39
0,0,15.62364623,1,UberX,SUV,Cloudy,Medium,2.0,39.44
0,0,10.71879366,1,UberX,Sedan,Clear,Medium,1.5,27.95
1,0,17.13036793,1,UberX,Van,Clear,Very Heavy,1.0,34.9
0,0,23.6925604,2,UberXL,Van,Clear,High,1.5,47.56
0,1,23.45702587,1,UberX,Hatchback,Cloudy,High,1.5,50.87
0,0,5.027155363,1,Lyft,Sedan,Cloudy,High,1.0,13.88
1,0,23.17634097,2,LyftPlus,Sedan,Clear,Very Heavy,1.0,43.04
0,0,3.905667605,1,UberX,SUV,Rainy,Low,1.0,13.28
0,0,23.32830157,1,Lyft,Hatchback,Clear,Medium,1.5,44.85
0,0,8.799044634,2,UberX,SUV,Clear,Medium,1.0,18.96
0,1,13.47589886,3,UberX,SUV,Clear,Medium,1.0,28.59
1,1,10.91164555,2,UberX,Hatchback,Clear,High,1.0,25.1
0,1,5.014271491,1,UberX,Sedan,Clear,Medium,1.0,16.77
1,0,5.935363607,1,Lyft,Hatchback,Clear,Medium,1.0,13.22
1,1,20.20378116,1,UberX,Sedan,Clear,Medium,1.0,40.12
0,0,23.44263839,1,LyftPlus,Sedan,Clear,Medium,1.0,38.35
0,0,15.47379119,1,Lyft,Hatchback,Rainy,Medium,1.0,30.09
0,0,19.03820106,3,Lyft,Hatchback,Clear,High,1.0,35.55
0,0,21.07799811,1,Standard,SUV,Cloudy,Medium,1.0,38.28
0,0,8.509030737,1,Standard,SUV,Clear,Very Heavy,1.0,18.93
0,0,3.15563407,2,Lyft,Hatchback,Clear,High,1.0,12.01
0,1,3.151407245,2,UberXL,Hatchback,Clear,Medium,1.0,13.16
1,0,9.090697139,1,UberX,Van,Clear,Low,1.0,16.5
0,1,8.093554163,4,Lyft,Sedan,Clear,High,1.0,21.21
0,1,5.549015634,5,UberXL,SUV,Clear,High,1.5,22.45
1,0,7.824469262,4,Standard,Hatchback,Cloudy,Medium,1.0,19.48
0,1,5.595111488,2,UberX,SUV,Rainy,Low,1.0,13.56
0,1,24.78665377,2,UberX,SUV,Cloudy,Medium,1.0,42.82
1,0,7.995753564,1,UberX,SUV,Clear,Medium,1.0,16.97
1,1,15.49235244,1,LyftPlus,Sedan,Clear,Very Heavy,1.0,33.86
0,0,14.58055967,1,UberX,Sedan,Clear,Medium,1.0,26.98
0,1,13.07685636,1,UberXL,Sedan,Rainy,Medium,1.0,29.27
0,1,6.562731717,1,UberXL,SUV,Snowy,Low,2.5,31.92
0,0,10.25829188,1,UberX,Sedan,Cloudy,High,1.0,19.51
1,0,5.763501493,1,UberXL,Hatchback,Clear,High,1.0,16.72
1,0,10.36605537,3,UberXL,Sedan,Clear,Medium,2.0,29.35
1,1,6.98799125,2,UberX,Sedan,Clear,Medium,1.0,18.6
0,1,16.38510632,1,UberXL,Van,Clear,Medium,1.0,28.88
0,1,11.27021251,1,Standard,SUV,Clear,Medium,1.0,24.57
1,0,19.25656972,2,Standard,Sedan,Clear,Very Heavy,1.0,37.33
1,0,14.5838574,2,UberXL,Hatchback,Clear,Medium,1.0,28.84
0,1,12.58126813,4,UberXL,Hatchback,Clear,Low,1.0,27.31
0,0,10.33770236,6,UberX,SUV,Clear,Medium,1.0,22.44
1,0,21.76860494,5,Standard,Hatchback,Rainy,Medium,1.5,44.43
0,0,10.01888711,1,UberX,Sedan,Clear,Medium,1.0,20.55
0,1,19.54082527,1,UberXL,Sedan,Clear,Medium,2.5,50.61
1,1,18.87288687,2,UberX,Hatchback,Rainy,Low,1.0,31.59
1,0,13.61794174,1,UberX,Sedan,Clear,High,1.0,26.41
1,0,8.779041656,2,UberX,Van,Clear,Medium,2.0,27.23
1,0,15.07301593,1,Lyft,Sedan,Cloudy,Medium,1.5,32.11
0,1,3.775747241,2,Lyft,Sedan,Clear,Medium,1.5,18.51
0,0,4.283169116,1,Lyft,Sedan,Clear,Medium,1.0,12.89
0,1,6.981582884,1,UberX,SUV,Clear,Low,1.5,23.93
0,1,6.250371564,1,LyftPlus,Sedan,Clear,Low,1.0,15.41
0,1,14.17505013,4,UberX,Sedan,Clear,Low,1.5,31.97
0,0,22.83829524,1,UberX,Van,Clear,Medium,2.5,55.91
0,0,5.928610332,4,Lyft,Hatchback,Clear,Low,1.0,11.53
0,1,24.50044799,2,Standard,Sedan,Cloudy,Low,1.0,42.01
0,1,23.92004751,2,UberX,SUV,Clear,High,1.5,49.64
0,0,25.53785546,2,UberXL,SUV,Rainy,Medium,1.0,42.97
0,0,20.59888288,1,UberXL,Hatchback,Clear,Medium,1.0,35.92
0,0,9.617375035,1,LyftPlus,SUV,Clear,Low,1.0,16.49
0,1,4.056009547,1,UberX,Hatchback,Clear,Low,1.0,11.95
1,0,7.43608353,3,UberXL,Van,Rainy,High,1.0,19.96
0,0,15.30752612,2,UberX,SUV,Rainy,Low,1.0,27.4
0,1,14.82241206,1,UberX,Sedan,Clear,Low,1.0,26.23
0,0,19.6915683,1,UberX,SUV,Clear,Medium,1.0,34.36
1,0,24.81684675,1,Standard,Hatchback,Cloudy,Low,1.0,42.06
0,1,14.41125745,1,UberX,SUV,Cloudy,Medium,1.0,30.16
0,0,10.40124624,1,Standard,Hatchback,Clear,Medium,2.0,30.84
0,1,7.376665899,1,UberX,Hatchback,Clear,Medium,1.0,18.97
0,0,3.190544224,1,Standard,Sedan,Cloudy,Low,1.5,13.95
1,0,12.81850768,1,Lyft,Sedan,Clear,Very Heavy,1.5,31.24
0,1,14.92055792,1,UberX,SUV,Rainy,Medium,1.0,33.04
0,1,21.26254647,1,Lyft,Sedan,Clear,Medium,1.0,37.51
0,0,9.762829369,1,UberX,SUV,Rainy,High,2.0,35.36
0,0,12.60790317,1,UberX,Sedan,Clear,High,1.0,26.22
0,1,24.38541662,1,UberXL,Hatchback,Clear,Medium,1.0,43.4
0,1,15.84568083,1,UberXL,Van,Clear,High,1.0,30.09
1,0,20.24520065,1,Lyft,Sedan,Cloudy,Medium,1.0,36.37
1,0,6.303456732,1,Lyft,SUV,Rainy,Medium,1.0,16.18
1,0,21.50163803,2,UberX,SUV,Cloudy,High,1.0,41.17
0,0,18.45460639,1,Standard,Hatchback,Cloudy,High,1.0,33.32
0,0,7.617780649,1,Standard,SUV,Clear,Low,1.0,16.31
1,1,7.895363131,1,UberX,Sedan,Clear,Medium,2.0,30.91
0,0,23.38123061,1,UberX,Sedan,Rainy,High,1.0,42.59
0,0,5.553297424,2,UberXL,Sedan,Cloudy,Low,1.0,13.69
1,1,2.148724835,1,Lyft,Van,Clear,Very Heavy,1.5,20.18
0,0,14.27012961,1,UberX,SUV,Clear,Medium,1.0,28.1
0,0,9.491626737,1,UberX,Van,Clear,Medium,1.0,20.97
0,1,19.60164159,1,Lyft,Sedan,Clear,Low,1.5,42.38
0,0,22.5966465,1,Lyft,SUV,Rainy,Medium,2.0,50.5
0,0,10.73103309,1,UberX,Hatchback,Rainy,Low,1.0,21.28
0,0,12.41325655,1,LyftPlus,Hatchback,Rainy,Medium,1.0,27.72
1,1,25.78625287,1,Lyft,Sedan,Cloudy,Medium,1.0,42.64
0,0,17.98604438,1,UberX,Sedan,Clear,High,1.0,33.25
1,1,4.839769217,2,Lyft,Sedan,Clear,Medium,1.0,13.09
1,0,24.43991462,1,UberX,Hatchback,Cloudy,Low,1.0,40.87
0,1,13.49762244,1,UberXL,Hatchback,Clear,Low,1.0,25.87
1,0,7.311962613,1,UberX,Sedan,Clear,Medium,1.0,17.0
0,0,12.37547085,1,UberX,Sedan,Rainy,Medium,1.0,25.78
1,0,17.777329,2,UberX,Sedan,Cloudy,Very Heavy,2.0,45.92
1,1,5.066002034,1,UberX,SUV,Rainy,High,2.0,29.4
1,0,9.284157943,1,Lyft,SUV,Rainy,High,1.5,26.22
0,0,4.535814992,1,Lyft,Van,Clear,Low,1.0,9.29
0,0,13.24106897,1,UberX,Hatchback,Clear,High,1.0,24.99
0,0,22.43759347,1,UberX,Sedan,Cloudy,Low,1.5,42.89
0,0,2.348874898,3,Lyft,Sedan,Rainy,Medium,1.0,8.89
0,0,17.88113862,2,UberX,Sedan,Clear,Medium,1.0,33.97
0,0,22.66456214,1,UberX,Sedan,Clear,Medium,1.0,40.14
0,0,7.813556556,3,UberXL,Hatchback,Rainy,Low,1.0,16.85
1,0,17.50552889,1,LyftPlus,Sedan,Clear,Medium,2.0,43.11
1,1,24.95164531,2,LyftPlus,SUV,Rainy,Low,1.0,44.78
1,1,25.22313653,2,Lyft,SUV,Clear,Low,1.0,42.68
0,0,9.275456471,1,UberX,Sedan,Clear,High,1.0,20.67
0,0,4.10211009,1,Lyft,Sedan,Rainy,Very Heavy,1.0,13.78
0,1,6.138917787,3,UberX,Hatchback,Clear,High,1.0,17.79
0,0,17.31188281,1,UberX,Hatchback,Clear,Medium,2.0,41.68
0,0,17.80046703,1,UberXL,Sedan,Cloudy,Low,1.0,33.37
0,0,17.17147298,1,Lyft,SUV,Rainy,Low,2.0,39.15
0,0,10.73702222,3,UberX,SUV,Clear,Low,1.0,18.52
1,0,7.254007718,4,UberX,Hatchback,Clear,Very Heavy,1.0,20.07
1,0,8.654229506,1,Lyft,SUV,Clear,Medium,1.5,22.05
0,0,16.36910243,3,LyftPlus,Hatchback,Clear,High,2.0,42.93
0,0,12.79311883,1,Lyft,Sedan,Clear,High,2.5,43.07
0,0,20.21711026,5,UberXL,Sedan,Clear,Medium,1.0,38.57
1,0,13.51320177,1,LyftPlus,Hatchback,Clear,Very Heavy,1.0,27.36
0,1,10.03738312,1,Lyft,Hatchback,Clear,Low,1.0,22.43
0,1,9.08160903,1,Lyft,Sedan,Clear,Medium,1.0,20.06
1,0,6.994805457,1,UberX,SUV,Clear,High,1.0,17.47
0,0,7.554577009,1,UberX,Sedan,Snowy,Medium,1.0,19.96
0,0,5.75229451,2,UberXL,Hatchback,Snowy,Low,2.0,25.95
0,0,11.45291602,1,UberX,Hatchback,Clear,Low,1.0,21.74
1,0,2.87848341,4,UberX,Sedan,Rainy,High,1.0,15.33
0,0,5.869245927,1,UberXL,SUV,Rainy,Low,1.0,15.39
0,1,18.49241299,1,UberX,SUV,Clear,Very Heavy,1.0,36.5
0,1,10.27056238,1,LyftPlus,Sedan,Clear,Low,2.5,34.45
1,1,16.319237,3,UberX,Hatchback,Clear,Medium,1.0,33.4
1,0,19.89926184,1,UberXL,Sedan,Clear,Medium,2.0,45.3
0,0,16.85403528,3,Lyft,SUV,Clear,Medium,2.0,42.25
0,0,24.51569525,4,UberXL,SUV,Cloudy,Medium,2.0,53.08
0,0,4.281412816,1,UberX,Hatchback,Rainy,High,1.5,20.68
1,1,19.3091137,1,UberXL,Sedan,Cloudy,High,1.0,37.66
0,0,24.55846016,2,LyftPlus,SUV,Cloudy,High,1.0,43.49
0,1,20.6697958,3,Standard,Sedan,Cloudy,Low,1.0,39.67
0,1,8.084118697,1,Lyft,Hatchback,Clear,Low,1.0,19.03
0,1,9.702693798,1,Lyft,Sedan,Clear,Low,1.5,25.23
0,1,6.665139648,1,UberX,Hatchback,Clear,Low,1.5,20.13
0,0,18.71598477,1,LyftPlus,SUV,Rainy,High,1.0,36.35
0,0,18.44812815,1,Standard,Sedan,Clear,Medium,1.0,32.44
1,0,10.71502474,1,Lyft,Sedan,Cloudy,High,1.0,22.19
0,0,15.38367709,1,Lyft,Sedan,Snowy,Low,1.0,30.06
0,0,16.86743391,1,UberXL,Hatchback,Clear,Medium,1.0,29.09
0,0,11.26973291,4,UberX,SUV,Clear,High,1.0,26.88
0,0,23.82423031,2,LyftPlus,Van,Cloudy,Very Heavy,1.0,41.76
0,0,20.55326152,4,Lyft,Sedan,Clear,Very Heavy,1.0,39.18
0,0,4.405766959,2,Lyft,Sedan,Clear,High,1.0,14.72
1,1,16.12910851,1,Lyft,Van,Cloudy,High,1.0,35.76
0,1,8.497239683,2,LyftPlus,Hatchback,Rainy,Very Heavy,1.0,24.0
0,1,15.68054956,3,Lyft,Hatchback,Clear,High,2.5,47.78
0,1,24.27806728,4,UberX,Van,Cloudy,Very Heavy,1.0,49.01
0,1,23.40832468,1,UberXL,Van,Clear,Low,1.0,41.06
1,1,11.03250229,1,Standard,Sedan,Rainy,Very Heavy,2.0,38.3
0,0,8.412603447,1,Lyft,Sedan,Rainy,Medium,1.0,20.99
0,1,9.199996869,1,Standard,Sedan,Clear,Low,1.0,19.69
0,0,16.82801452,4,LyftPlus,Hatchback,Clear,Low,1.0,30.52
0,1,6.356058414,1,Lyft,Sedan,Clear,High,1.0,20.54
1,0,16.38180389,3,UberX,SUV,Clear,Medium,1.0,29.87
0,1,2.954499433,1,UberX,Hatchback,Clear,Very Heavy,1.0,14.32
0,0,10.3908069,1,Lyft,SUV,Clear,Low,1.0,18.43
0,1,8.09121125,1,UberXL,Sedan,Clear,Medium,1.0,18.5
0,0,24.31138673,1,Lyft,Sedan,Cloudy,Medium,1.0,41.44
0,0,20.4106279,1,Lyft,Sedan,Clear,Medium,1.0,34.84
0,1,11.80822165,1,UberX,SUV,Rainy,Medium,1.0,27.0
0,0,9.600765781,1,Lyft,Sedan,Clear,High,1.0,21.76
0,0,3.397014845,2,UberXL,Sedan,Cloudy,Low,1.0,9.66
0,1,14.30603881,1,UberX,Hatchback,Clear,Low,1.0,27.61
0,1,6.541201204,2,UberXL,Van,Clear,Low,1.0,16.88
0,0,14.82512507,1,LyftPlus,Van,Snowy,High,1.0,30.0
0,0,20.30210587,1,UberX,Sedan,Clear,Medium,1.0,35.96
0,1,17.80395278,1,UberX,Hatchback,Clear,Medium,1.0,36.17
0,1,17.62776795,2,UberX,SUV,Snowy,Medium,2.0,46.29
1,1,15.56279794,1,UberX,Hatchback,Rainy,High,1.0,37.85
0,1,24.47202976,1,UberXL,Hatchback,Rainy,Low,1.0,43.8
0,0,12.39110724,4,UberX,Van,Clear,Low,1.0,23.81
0,0,24.04866085,1,LyftPlus,Sedan,Clear,High,1.0,42.71
1,0,15.71460916,1,UberX,Hatchback,Clear,Very Heavy,1.0,29.08
0,0,9.592193589,2,Lyft,Hatchback,Snowy,Medium,2.0,31.89
1,0,13.71602946,1,UberX,Sedan,Snowy,Medium,1.0,29.61
1,1,6.051135558,1,Standard,Sedan,Clear,Medium,2.0,25.38
0,1,17.07885185,1,UberXL,Sedan,Clear,Very Heavy,1.0,34.21
0,0,16.26131511,1,LyftPlus,Van,Clear,Medium,1.0,31.32
1,1,6.087435892,1,Lyft,Hatchback,Clear,Medium,2.0,26.54
0,1,7.262256869,1,Lyft,SUV,Clear,Medium,1.0,17.73
0,1,13.81644365,2,LyftPlus,SUV,Rainy,Very Heavy,1.0,36.85
1,0,22.50595954,1,UberX,Sedan,Cloudy,High,1.0,38.96
0,1,15.69229647,1,Lyft,Hatchback,Rainy,High,2.5,47.54
0,0,17.59476315,3,UberX,Sedan,Rainy,Low,1.0,31.85
1,0,10.95349929,1,Lyft,SUV,Rainy,Medium,1.0,23.45
1,0,16.10136058,2,Standard,Hatchback,Rainy,Medium,1.0,32.03
0,1,12.84899411,3,Standard,SUV,Clear,Low,1.0,24.68
1,1,17.64091738,1,UberX,SUV,Clear,High,1.0,32.92
0,0,4.453430129,1,UberX,Sedan,Clear,Medium,1.0,12.46
1,0,13.32536173,5,UberX,Sedan,Rainy,Medium,1.0,28.33
0,0,9.997108088,5,UberX,SUV,Snowy,Very Heavy,1.5,32.56
1,1,10.95622907,1,UberX,Sedan,Clear,Low,1.0,22.21
0,1,25.6050496,1,UberX,Sedan,Cloudy,High,2.5,63.54
0,0,7.33765833,1,Standard,Sedan,Clear,High,1.0,16.54
0,1,9.291759669,1,Lyft,SUV,Rainy,Very Heavy,1.0,27.97
0,0,14.11469941,1,Lyft,Sedan,Cloudy,High,1.5,32.8
0,0,20.84362881,1,UberXL,SUV,Rainy,High,1.0,37.55
0,1,12.89409441,3,Lyft,SUV,Cloudy,Medium,1.0,25.88
0,0,17.30531095,1,Standard,Sedan,Clear,Medium,1.0,29.58
1,1,11.02465519,2,Lyft,Sedan,Clear,Very Heavy,1.0,26.09
0,1,22.98555443,1,UberX,Hatchback,Clear,Low,2.5,55.32
0,0,6.889734556,1,UberXL,SUV,Clear,High,1.0,18.24
0,0,12.91578503,1,Standard,Sedan,Cloudy,Medium,2.0,31.64
0,1,11.87152309,1,UberX,Sedan,Clear,Low,2.0,34.85
1,0,21.03277601,1,Lyft,Sedan,Rainy,Low,1.0,39.42
0,0,2.783815272,3,UberX,Sedan,Rainy,Low,1.5,18.45
0,1,8.947504854,1,UberX,SUV,Clear,Very Heavy,1.0,23.95
0,0,17.18847047,2,LyftPlus,Sedan,Clear,High,1.0,29.72
0,0,16.75581295,1,UberX,SUV,Clear,Medium,2.0,38.12
0,1,12.14932571,1,UberX,Sedan,Clear,High,1.0,27.76
0,0,15.78418409,1,UberX,Sedan,Clear,Medium,1.0,28.72
0,0,7.22280021,2,Standard,Sedan,Clear,High,1.0,16.69
1,1,12.53084131,1,UberX,Sedan,Clear,High,1.0,25.01
1,0,12.46607006,1,LyftPlus,Hatchback,Rainy,Low,1.0,22.78
0,1,21.67909054,3,UberX,Sedan,Rainy,Medium,1.0,42.86
0,1,10.0314711,2,LyftPlus,Van,Rainy,Medium,1.0,24.87
0,0,21.93650453,1,Standard,Van,Clear,Very Heavy,2.0,52.35
0,0,17.47397027,2,UberX,SUV,Snowy,High,1.0,37.74
1,0,5.253855443,1,UberX,Hatchback,Cloudy,High,1.0,13.56
0,0,18.81426323,2,UberX,Van,Snowy,High,1.0,39.51
0,0,3.597895327,1,Lyft,Sedan,Clear,Medium,1.5,13.98
1,0,26.14847068,1,UberX,Sedan,Cloudy,High,1.0,46.04
1,1,22.21035682,1,UberX,Sedan,Rainy,Medium,2.5,56.22
1,0,9.861569473,1,UberX,SUV,Clear,Medium,1.0,20.9
0,0,9.659863354,1,UberX,Sedan,Clear,High,1.0,20.02
0,0,11.39181845,3,UberX,Van,Rainy,Low,1.0,24.71
1,0,11.62326171,3,LyftPlus,Sedan,Clear,Medium,1.0,24.4
0,1,4.884153728,1,LyftPlus,Van,Clear,Medium,1.0,15.58
0,0,12.17257116,1,UberXL,Sedan,Clear,Medium,1.0,24.14
0,1,10.42132707,1,Lyft,SUV,Rainy,Very Heavy,1.0,30.59
0,0,9.776680021,1,Lyft,SUV,Cloudy,Very Heavy,2.0,31.9
0,0,16.73918453,4,Lyft,Sedan,Clear,Medium,1.5,37.85
0,1,4.169468121,1,UberXL,Hatchback,Rainy,Medium,1.0,15.96
0,0,22.80536209,1,UberXL,Sedan,Clear,High,1.5,44.13
1,0,19.61822016,1,Lyft,Sedan,Rainy,Medium,1.0,37.41
0,0,12.41351291,1,Lyft,Van,Clear,Low,1.0,23.55
0,1,21.32204067,1,UberX,Sedan,Cloudy,High,1.0,39.62
0,0,6.644240963,1,UberX,Sedan,Clear,High,1.0,13.56
0,0,3.854056305,1,UberX,Sedan,Clear,Low,2.0,18.87
0,1,16.98358836,1,UberXL,SUV,Clear,High,1.0,32.8
1,0,12.58746792,1,UberX,SUV,Clear,Medium,1.0,24.73
0,1,14.79958016,1,UberXL,SUV,Snowy,Low,1.0,30.87
1,0,22.09207046,1,UberXL,SUV,Clear,High,1.0,42.11
1,0,24.95316103,2,LyftPlus,Sedan,Clear,Low,1.0,39.97
0,1,15.36424322,1,UberX,Sedan,Rainy,Medium,1.0,32.68
1,0,19.4002238,3,Lyft,Hatchback,Cloudy,High,1.0,35.17
0,1,3.314357817,1,Lyft,SUV,Clear,Very Heavy,2.0,23.55
1,1,7.304487322,1,UberX,Sedan,Clear,Medium,1.0,17.14
0,1,18.79428329,1,UberXL,Sedan,Clear,Very Heavy,1.0,36.72
0,0,13.03678939,1,LyftPlus,Van,Clear,Low,1.0,23.91
0,1,14.06077359,4,UberX,Hatchback,Clear,Low,1.0,27.85
0,0,11.05579603,1,LyftPlus,SUV,Clear,Low,1.0,21.02
1,1,15.33973914,1,LyftPlus,Sedan,Clear,Low,2.5,42.07
0,0,7.383090995,3,Lyft,SUV,Rainy,Medium,1.5,24.39
1,0,17.91355216,1,Lyft,Sedan,Snowy,Very Heavy,2.0,46.8
0,1,7.520051321,1,Lyft,SUV,Cloudy,Low,1.0,18.74
0,0,5.199503035,1,UberXL,Hatchback,Rainy,Medium,1.0,13.21
1,1,8.484545666,1,Standard,SUV,Cloudy,High,1.5,23.94
1,0,8.766234489,1,UberX,Sedan,Clear,Medium,1.5,21.97
0,0,21.76488475,1,UberX,SUV,Rainy,High,1.0,39.42
1,0,12.66468605,2,UberX,Hatchback,Clear,Medium,2.0,34.86
0,0,10.64280799,3,Lyft,SUV,Rainy,Low,2.5,38.09
1,1,4.798893218,1,UberX,Hatchback,Snowy,High,1.0,19.54
0,0,6.774852088,1,Standard,Sedan,Cloudy,Low,1.0,11.01
1,1,16.38792268,1,UberXL,Hatchback,Clear,Medium,1.0,32.87
0,0,14.0937862,1,LyftPlus,SUV,Rainy,Medium,2.5,43.23
0,0,4.33026035,1,UberX,Sedan,Cloudy,Medium,1.0,12.75
0,0,2.225142565,2,UberX,SUV,Clear,High,1.0,11.91
0,1,25.13358573,2,UberX,SUV,Rainy,Medium,1.0,46.02
0,1,19.47307409,1,UberX,SUV,Clear,Medium,1.0,34.4
1,0,9.648752394,1,UberXL,Sedan,Cloudy,Medium,1.0,20.56
1,0,14.07961555,1,Standard,Sedan,Clear,Medium,1.0,27.42
0,0,9.72034197,1,UberX,Van,Clear,Very Heavy,2.0,30.45
0,0,12.31274265,1,Lyft,Sedan,Rainy,Very Heavy,1.5,33.66
0,0,18.00471836,1,UberXL,Sedan,Clear,Medium,1.5,35.93
0,1,22.43253844,1,UberX,Hatchback,Clear,Low,1.0,37.97
0,0,7.473472081,1,UberXL,Sedan,Clear,Medium,1.0,15.28
0,0,21.21989735,1,UberX,Sedan,Cloudy,Low,2.0,46.86
0,1,6.893503838,6,LyftPlus,Sedan,Clear,Medium,1.0,20.36
0,1,3.451020338,1,Lyft,Van,Cloudy,Low,1.0,9.79
1,0,7.241957744,1,UberX,Sedan,Cloudy,High,1.0,15.85
1,1,4.264012075,1,Lyft,Hatchback,Clear,Low,1.0,13.61
0,0,7.268791745,1,UberX,SUV,Rainy,Very Heavy,1.0,21.66
1,0,23.16688579,5,Lyft,Sedan,Clear,Low,1.0,42.06
0,1,12.32531495,1,LyftPlus,Sedan,Clear,High,1.5,32.41
1,1,4.497776206,4,LyftPlus,Sedan,Clear,Very Heavy,1.0,20.4
0,0,23.74702884,1,UberX,Van,Clear,Low,2.0,45.3
0,0,22.0168556,1,UberX,Hatchback,Clear,Very Heavy,1.0,41.0
0,1,19.16783669,1,UberXL,Hatchback,Clear,Medium,1.0,34.96
1,1,23.10165836,1,Standard,Sedan,Rainy,Very Heavy,1.0,49.13
0,0,6.126908186,1,Standard,Sedan,Clear,Very Heavy,2.0,25.59
0,0,21.70027819,3,UberX,SUV,Cloudy,Low,2.0,45.44
0,1,18.85453988,1,Lyft,SUV,Clear,High,1.0,35.44
0,0,23.63309845,1,Standard,Hatchback,Clear,Low,1.0,37.81
1,1,21.3924554,1,UberX,Hatchback,Clear,Low,1.0,36.92
0,1,11.43225146,1,LyftPlus,Hatchback,Clear,Low,2.0,33.8
0,0,20.33277987,1,UberX,Sedan,Rainy,Low,1.0,38.02
0,0,7.01148648,1,UberX,Hatchback,Clear,Medium,2.0,27.12
0,0,10.50916871,1,UberX,SUV,Clear,Medium,1.0,24.53
0,1,5.486302461,1,UberXL,SUV,Clear,High,1.0,18.66
1,1,24.60155889,2,LyftPlus,SUV,Clear,Medium,1.0,43.4
0,0,9.969552629,2,UberXL,Hatchback,Clear,Very Heavy,2.0,33.34
0,0,14.32382159,1,UberX,SUV,Clear,Low,1.0,26.22
0,0,13.56747463,6,UberX,Sedan,Clear,Low,1.0,24.62
0,0,24.96687511,2,Lyft,Sedan,Clear,High,2.0,53.93
0,0,10.71094639,1,Lyft,Van,Clear,High,1.0,23.44
1,0,20.58332186,1,Lyft,Hatchback,Rainy,High,1.0,42.34
0,1,21.88033761,1,UberX,Sedan,Clear,Medium,1.0,39.52
0,0,12.5998474,1,Lyft,Hatchback,Clear,Medium,1.0,23.79
0,0,9.149560918,3,Standard,Sedan,Clear,Low,1.0,19.05
1,1,18.53532431,2,UberXL,Sedan,Clear,Medium,1.5,37.85
0,1,22.54278434,3,Lyft,SUV,Clear,Medium,1.0,40.97
0,1,20.05913247,1,Standard,Sedan,Clear,Medium,1.0,35.36
0,0,6.345096555,1,Lyft,Sedan,Clear,Medium,1.5,20.88
0,1,22.02160308,1,Lyft,Hatchback,Clear,High,2.5,56.12
0,0,10.87747868,1,Lyft,Hatchback,Cloudy,High,1.5,30.24
1,0,15.79380188,1,UberX,SUV,Cloudy,Medium,1.5,34.59
0,0,21.74470673,1,Lyft,Sedan,Clear,Medium,2.0,46.93
0,0,6.49887243,1,LyftPlus,Sedan,Clear,Low,1.5,17.1
1,0,19.68528757,1,UberX,Sedan,Rainy,Low,2.5,48.76
0,0,15.43528572,2,LyftPlus,Sedan,Cloudy,High,1.5,37.77
0,0,22.26338793,1,Lyft,Hatchback,Snowy,High,1.0,39.94
0,1,6.732203209,2,UberXL,SUV,Clear,High,1.0,18.72
0,0,13.57013455,6,Lyft,Sedan,Clear,Low,2.0,36.48
0,0,20.31005407,3,UberXL,Sedan,Rainy,Very Heavy,1.0,38.18
0,0,5.173938548,2,LyftPlus,Van,Cloudy,Low,1.5,19.27
0,0,4.234612267,1,UberXL,SUV,Clear,High,1.0,12.92
0,0,25.7470768,1,Standard,SUV,Rainy,Medium,2.0,56.37
0,0,8.692875984,2,UberXL,SUV,Clear,Low,1.0,17.95
0,0,23.55099209,2,Lyft,Sedan,Clear,Medium,1.0,42.39
0,1,8.332573961,1,Standard,Van,Clear,Low,1.5,24.41
0,1,11.02583049,2,UberX,Sedan,Clear,Medium,1.0,25.35
0,0,19.60661471,1,Lyft,Hatchback,Rainy,Very Heavy,1.0,40.05
1,0,17.19404907,1,UberX,Sedan,Rainy,Medium,1.0,34.22
1,0,11.41853744,1,LyftPlus,Sedan,Cloudy,Medium,1.0,26.92
0,1,15.60784693,1,Lyft,Hatchback,Clear,High,1.0,30.33
0,0,11.43088224,1,Standard,Hatchback,Clear,Medium,1.0,22.62
0,0,19.70199853,1,LyftPlus,Sedan,Clear,Medium,2.0,45.81
0,0,8.561186601,1,UberX,SUV,Clear,Very Heavy,1.0,18.38
0,0,13.91713776,2,UberX,Sedan,Rainy,Medium,1.0,29.87
1,0,7.783506972,1,Lyft,Van,Clear,Medium,1.5,22.6
0,1,15.15371662,1,UberXL,Hatchback,Clear,High,1.0,31.3
0,1,8.704798884,1,UberX,Sedan,Clear,Low,1.0,17.77
1,0,8.15105031,1,UberX,Sedan,Clear,High,1.0,20.14
0,1,13.0161263,1,Lyft,Sedan,Rainy,Medium,1.0,26.45
0,1,4.412645124,1,UberX,Hatchback,Clear,Low,1.0,14.46
0,0,5.005137245,4,LyftPlus,Sedan,Cloudy,Medium,2.5,30.98
1,0,17.75869506,1,LyftPlus,Sedan,Rainy,Very Heavy,1.0,36.2
0,1,12.42405063,1,Lyft,Van,Clear,High,1.0,29.4
0,0,23.30823244,3,UberX,Sedan,Clear,Low,1.0,36.7
0,1,18.03808242,4,UberX,Sedan,Rainy,Low,1.0,34.35
0,1,3.250864929,1,UberXL,Sedan,Clear,Medium,1.0,11.52
1,0,18.08706587,1,Standard,Sedan,Rainy,Medium,1.0,34.49
0,0,4.833625162,1,UberX,SUV,Clear,High,1.0,14.38
0,0,18.54400678,1,UberX,SUV,Clear,Very Heavy,1.0,35.68
1,0,26.18157716,1,UberX,Sedan,Cloudy,High,1.5,53.25
0,0,15.70196828,2,Lyft,Sedan,Clear,Medium,1.0,26.52
0,1,5.783334484,1,Lyft,Sedan,Clear,Low,1.5,16.56
0,0,17.89096382,1,UberX,Sedan,Clear,Low,1.0,28.5
1,1,8.198748855,1,UberXL,Sedan,Clear,Medium,1.0,17.36
1,0,13.99580115,5,Lyft,Sedan,Clear,Medium,1.0,27.71
0,0,21.81971563,1,UberXL,Sedan,Clear,High,2.0,49.18
0,1,6.849223022,1,Lyft,Hatchback,Clear,Medium,1.0,17.73
0,0,8.19698605,1,LyftPlus,Sedan,Cloudy,Low,1.0,17.01
0,0,8.375692919,1,Lyft,SUV,Clear,Medium,1.5,23.11
1,0,14.09677121,2,Lyft,Sedan,Clear,Very Heavy,1.5,32.22
1,0,17.87720763,1,LyftPlus,SUV,Clear,High,1.0,33.03
0,1,10.78399887,1,Standard,Hatchback,Clear,Low,1.0,21.05
0,0,23.40417373,1,UberX,SUV,Clear,High,1.0,43.43
1,0,3.740002227,2,UberX,Sedan,Clear,Medium,1.0,11.38
1,0,12.92310156,1,LyftPlus,Sedan,Cloudy,Medium,1.0,27.87
0,0,18.59613512,4,UberX,Hatchback,Clear,Medium,1.5,37.86
1,0,8.796316136,1,Standard,Sedan,Clear,Medium,1.0,17.84
0,0,16.48360209,1,UberX,Sedan,Rainy,Medium,1.0,33.1
1,0,7.324507449,1,Standard,Van,Clear,High,1.0,16.44
0,0,5.02816057,1,Lyft,SUV,Rainy,Medium,1.0,14.71
0,0,6.603215007,2,Lyft,Hatchback,Clear,Low,1.0,13.09
1,0,25.36466507,2,UberX,Sedan,Rainy,Medium,1.0,47.14
0,1,14.58028249,1,Standard,Sedan,Rainy,High,1.0,30.06
0,1,20.33295912,1,UberX,SUV,Cloudy,High,1.5,47.02
0,0,9.473150016,1,UberX,SUV,Clear,Medium,1.0,20.02
0,1,15.94226202,3,UberX,Sedan,Cloudy,Low,1.0,31.61
0,0,14.5530638,1,Standard,SUV,Clear,Low,1.0,25.47
1,1,24.41647111,1,UberXL,SUV,Rainy,Medium,1.5,49.14
0,0,21.08739425,1,Lyft,Sedan,Clear,Low,1.5,41.1
0,0,19.56213503,1,Lyft,SUV,Clear,Medium,1.0,33.47
0,0,4.020333783,2,LyftPlus,Sedan,Clear,High,1.0,9.68
1,0,14.00098329,3,Lyft,SUV,Clear,Medium,1.0,27.15
1,1,14.14013235,1,Lyft,Sedan,Clear,High,1.0,28.4
0,0,23.25603347,1,Lyft,SUV,Rainy,High,2.0,53.51
0,0,9.550565512,1,Lyft,Sedan,Clear,Low,1.0,18.06
0,0,8.511564338,5,UberX,Hatchback,Rainy,Medium,1.0,19.3
0,0,13.25032523,1,UberX,SUV,Clear,Low,1.0,25.38
0,0,8.740450663,1,UberX,SUV,Clear,High,1.0,18.92
0,1,8.992252126,1,UberX,Van,Clear,Low,2.0,30.3
0,0,6.227858895,1,UberXL,Sedan,Clear,Medium,1.0,13.28
0,1,20.93779025,1,Lyft,SUV,Clear,Medium,1.0,38.28
0,0,14.9167061,1,Standard,Sedan,Snowy,Low,1.0,29.25
1,0,20.66956401,2,UberX,Van,Clear,Low,1.0,31.86
1,1,21.4696107,1,Lyft,Hatchback,Rainy,Medium,1.0,40.23
0,1,7.742297852,1,UberXL,Hatchback,Clear,Medium,1.0,18.66
0,0,15.34409999,1,UberX,Sedan,Cloudy,High,1.0,29.9
0,0,1.21125229,1,Lyft,Sedan,Clear,Low,2.0,15.37
0,0,23.94547446,1,Standard,Sedan,Cloudy,Medium,1.0,42.58
1,1,10.79011046,1,UberX,SUV,Clear,Medium,1.0,21.57
0,0,10.7069599,1,UberXL,Sedan,Clear,Medium,2.5,36.41
1,0,11.03249074,1,UberX,Sedan,Clear,Medium,1.5,24.5
0,0,13.45438592,1,UberX,SUV,Clear,Medium,1.5,29.06
0,1,9.385041722,1,Lyft,Hatchback,Clear,High,1.0,24.16
1,0,10.2414151,2,LyftPlus,Sedan,Clear,Medium,1.0,20.47
0,1,8.961895899,1,Lyft,Van,Rainy,Low,1.0,20.47
0,1,20.4613713,1,UberXL,Sedan,Clear,Medium,1.0,36.1
0,1,21.47124506,1,Standard,Sedan,Clear,Medium,1.5,41.82
0,0,11.1823114,1,UberX,Hatchback,Clear,Medium,1.0,22.89
0,0,3.837104684,2,Lyft,SUV,Rainy,Low,2.5,29.76
1,1,14.23135346,1,UberXL,Van,Clear,Low,1.0,26.43
0,0,22.60944526,2,LyftPlus,SUV,Clear,Medium,1.0,36.56
0,0,3.945722898,1,Lyft,Van,Clear,Low,1.0,11.7
1,1,21.46705376,3,Standard,Sedan,Clear,Medium,1.0,38.72
0,0,7.597737139,5,UberX,SUV,Clear,High,1.5,25.18
0,0,11.18164754,1,Lyft,Van,Cloudy,High,1.0,24.37
1,0,19.11471716,3,Lyft,Sedan,Clear,Medium,1.0,36.42
0,0,15.90789565,1,Lyft,Sedan,Clear,High,2.5,44.82
0,0,14.48772617,4,UberXL,Sedan,Clear,Medium,2.0,41.13
1,0,20.46832241,2,UberX,Hatchback,Clear,Very Heavy,2.5,53.97
0,0,4.7715409,6,UberX,SUV,Rainy,Medium,1.0,13.62
0,1,13.23623512,1,UberX,SUV,Snowy,Medium,1.5,33.93
0,1,10.74604889,2,LyftPlus,Hatchback,Snowy,Low,2.0,35.33
0,1,14.66136923,1,LyftPlus,Hatchback,Clear,Medium,1.0,27.34
0,0,22.54704294,1,UberX,SUV,Clear,Low,1.0,37.06
0,0,7.347201721,1,Standard,Hatchback,Cloudy,Medium,1.5,22.08
0,1,19.85613697,3,UberX,SUV,Clear,Medium,2.0,49.35
0,1,12.19613623,1,UberXL,SUV,Clear,Very Heavy,1.5,31.45
0,1,7.575670158,1,UberX,Sedan,Clear,Very Heavy,1.0,21.53
1,1,19.11091288,1,LyftPlus,Sedan,Clear,High,1.0,35.73
0,0,4.202110463,1,Lyft,Hatchback,Snowy,Medium,1.0,10.93
1,0,15.77195253,3,UberX,Sedan,Rainy,High,1.0,32.54
0,1,3.972281336,3,Lyft,Sedan,Clear,High,1.0,14.44
0,1,9.389319197,1,UberX,SUV,Cloudy,Very Heavy,1.0,25.2
1,0,16.41655925,1,UberX,SUV,Clear,Medium,1.0,31.27
0,0,16.1291334,1,UberX,Sedan,Cloudy,Low,1.0,28.45
0,1,11.71181066,1,UberX,Hatchback,Clear,Low,1.0,22.19
0,1,12.97618308,1,LyftPlus,SUV,Clear,Very Heavy,1.0,28.28
0,0,6.941594279,1,Lyft,Hatchback,Clear,Low,1.0,15.91
1,0,13.65767641,1,UberX,SUV,Clear,Medium,1.0,26.22
0,0,23.01639136,1,UberX,Sedan,Clear,Medium,1.5,43.2
0,0,22.01513737,1,UberX,Sedan,Clear,Low,1.0,34.22
0,1,6.962792608,1,UberX,Sedan,Snowy,Very Heavy,2.0,31.87
1,0,3.753881289,1,UberXL,Sedan,Cloudy,Medium,1.5,17.81
0,0,22.30208705,1,UberX,Sedan,Rainy,Low,1.0,37.54
0,0,13.39641623,6,Lyft,Van,Cloudy,Very Heavy,2.0,41.58
0,1,16.42555317,1,UberXL,Hatchback,Cloudy,Medium,1.0,34.23
1,1,19.40765451,1,UberX,SUV,Rainy,High,1.0,38.37
0,0,10.6882814,1,Standard,Sedan,Clear,Medium,1.0,20.32
0,1,13.7203424,3,UberX,Sedan,Cloudy,High,1.0,30.23
0,1,23.30654323,2,UberX,Sedan,Clear,Low,1.0,38.2
0,0,17.25451357,2,UberX,Van,Clear,Medium,1.0,29.87
1,1,8.082223718,1,UberX,SUV,Clear,Medium,1.0,19.29
0,0,9.420636065,1,UberX,Hatchback,Clear,Very Heavy,1.0,20.77
0,1,7.17651235,2,UberX,SUV,Cloudy,Low,1.0,20.17
0,0,19.4812786,1,LyftPlus,SUV,Rainy,Medium,1.0,35.63
1,0,7.85999817,3,Lyft,SUV,Cloudy,High,1.5,24.47
0,1,10.35008461,1,Lyft,Sedan,Rainy,Medium,1.0,23.46
0,0,2.613302726,1,UberXL,Sedan,Clear,Medium,1.0,8.31
0,0,23.32683251,3,UberXL,Hatchback,Rainy,High,1.0,43.11
1,0,6.708253345,1,UberX,SUV,Clear,Low,1.0,10.55
0,0,3.900413872,1,UberX,Sedan,Clear,Low,1.0,8.31
1,0,8.437771479,1,UberX,SUV,Cloudy,Very Heavy,2.5,38.97
0,1,8.877341787,3,UberXL,Sedan,Rainy,Medium,1.0,25.96
1,0,11.67016666,1,UberX,SUV,Cloudy,Medium,1.5,26.17
0,0,23.17778387,1,UberX,Sedan,Clear,High,2.0,48.42
0,0,21.97796828,1,UberX,Van,Rainy,Low,1.0,35.24
0,1,11.78495951,3,UberX,Sedan,Clear,High,2.0,35.52
0,0,10.06578595,3,UberX,SUV,Clear,Medium,1.0,20.12
0,0,14.54105715,1,UberX,Sedan,Clear,High,2.5,44.12
0,0,5.875013696,1,UberX,Sedan,Clear,Medium,1.0,12.94
0,1,3.015192955,1,UberX,SUV,Clear,Low,1.0,11.34
0,0,24.20810046,1,UberX,Van,Clear,High,2.5,58.25
0,0,7.287539814,2,UberX,Hatchback,Rainy,Medium,1.0,19.05
0,0,7.386220089,1,UberX,Sedan,Clear,Medium,2.0,25.9
0,0,14.57465353,1,Lyft,SUV,Clear,High,1.0,29.69
0,0,13.08701957,1,UberX,Sedan,Clear,Medium,1.0,25.48
0,0,4.087506495,1,UberX,SUV,Cloudy,Medium,1.0,9.39
0,0,5.447890911,1,UberX,Sedan,Cloudy,Low,2.5,27.96
0,1,11.59685927,1,UberX,Hatchback,Clear,High,1.0,25.18
1,0,18.19562381,2,UberX,Sedan,Clear,Low,1.0,32.32
0,0,8.232725688,1,Standard,Sedan,Clear,Very Heavy,1.0,21.23
0,1,11.91961328,1,LyftPlus,Hatchback,Clear,Low,2.5,40.76
1,1,15.58091331,1,UberX,Van,Clear,High,1.0,28.72
1,1,22.94654083,5,Lyft,Sedan,Clear,Medium,1.0,43.68
0,0,8.742898537,1,UberX,Sedan,Clear,Low,1.0,15.34
1,0,6.786777918,5,UberX,Hatchback,Rainy,Medium,1.0,22.18
1,1,12.52807259,2,Lyft,SUV,Clear,Low,1.5,25.29
0,0,18.55052423,2,UberX,Van,Clear,Low,1.0,32.33
0,0,5.658883823,1,UberXL,Sedan,Cloudy,Low,1.5,18.37
0,0,12.94095032,1,Lyft,Sedan,Cloudy,High,1.0,23.0
0,0,3.611304112,1,Lyft,Sedan,Cloudy,Low,1.0,10.15
0,1,4.063862403,1,Standard,SUV,Clear,Very Heavy,1.0,13.27
0,0,12.48828637,5,Lyft,Hatchback,Clear,Low,1.5,27.85
0,0,9.036665871,1,Lyft,Hatchback,Clear,High,1.0,20.72
0,0,19.54198846,1,UberX,Van,Clear,High,1.0,33.9
0,0,15.32860943,1,UberX,Sedan,Clear,Very Heavy,1.0,31.16
0,1,11.64490618,2,Lyft,Hatchback,Cloudy,Low,1.5,28.46
0,0,11.98789918,1,Standard,Hatchback,Snowy,High,1.0,28.18
0,1,16.29552953,1,UberXL,Hatchback,Cloudy,Low,2.0,39.09
0,0,4.649775096,1,Standard,Sedan,Rainy,Medium,1.0,15.56
1,0,20.39659357,2,UberX,SUV,Clear,High,1.0,33.46
0,0,23.44503202,1,UberX,SUV,Rainy,Medium,1.0,44.65
0,0,5.693887929,1,UberX,SUV,Cloudy,Medium,1.0,13.71
1,0,3.893259345,1,UberXL,Sedan,Rainy,Low,2.0,21.11
1,0,5.876226485,4,Lyft,SUV,Clear,Low,1.0,14.43
1,0,17.77135086,1,UberX,Hatchback,Clear,Low,1.0,30.34
0,0,16.25871709,2,Standard,Sedan,Clear,High,1.0,31.38
0,1,4.776955887,1,UberXL,Sedan,Clear,Low,1.0,14.29
1,0,21.87454476,1,UberXL,Sedan,Cloudy,High,1.5,42.62
0,1,20.23915636,1,Lyft,Hatchback,Rainy,High,2.0,48.98
0,1,13.04927817,1,UberX,SUV,Rainy,Medium,1.0,29.07
0,1,16.81321907,1,Lyft,SUV,Clear,High,1.0,32.97
1,0,18.1048521,1,UberX,SUV,Clear,High,1.0,35.79
1,0,13.26600428,1,UberX,Sedan,Clear,Medium,2.0,38.11
1,0,12.66880896,1,Lyft,Sedan,Rainy,Medium,2.5,40.96
0,0,15.86934705,1,Standard,Sedan,Clear,Very Heavy,2.5,43.77
0,0,16.76313239,2,Lyft,Sedan,Snowy,Very Heavy,1.0,34.92
0,0,15.69749014,2,Lyft,SUV,Rainy,High,1.0,29.23
1,0,17.4348928,1,Lyft,Van,Rainy,Low,1.0,32.23
1,0,17.36282944,1,UberX,Sedan,Cloudy,Medium,1.0,29.87
0,1,17.90911632,3,LyftPlus,Van,Snowy,Medium,1.0,37.87
0,1,15.40646283,2,UberXL,SUV,Clear,High,1.0,31.38
0,0,19.15151541,6,UberX,Sedan,Cloudy,High,1.0,40.02
1,0,11.84713679,1,UberX,Sedan,Clear,Medium,1.0,22.6
0,1,8.481045736,1,UberX,Hatchback,Clear,High,1.0,21.07
0,0,2.430557506,1,UberX,SUV,Clear,Low,1.0,5.77
0,0,14.43259905,1,UberX,Sedan,Rainy,High,1.5,35.9
1,0,16.03827008,1,UberX,Sedan,Clear,Low,1.0,25.91
0,0,25.19897004,1,Lyft,Hatchback,Rainy,High,1.5,49.17
0,0,10.35737357,1,Lyft,Sedan,Rainy,Low,1.0,20.0
0,1,12.00010236,1,Lyft,Hatchback,Rainy,Low,1.5,33.18
0,1,6.531840839,1,UberX,Sedan,Clear,Low,1.0,15.15
1,0,3.508511086,1,Lyft,SUV,Cloudy,Very Heavy,1.0,13.39
0,0,19.67729592,3,UberX,SUV,Clear,Medium,1.0,35.59
0,0,8.228509631,2,Lyft,SUV,Clear,Medium,2.0,28.24
1,0,17.0636885,1,UberX,Sedan,Snowy,High,1.0,34.47
0,0,16.87948203,5,UberXL,Sedan,Clear,Medium,1.0,30.82
1,0,15.52584204,1,UberX,Hatchback,Clear,Medium,2.0,37.78
1,1,20.48748028,1,Lyft,Sedan,Rainy,Medium,1.0,39.67
0,1,12.99155337,6,LyftPlus,SUV,Clear,Low,1.0,25.06
0,0,8.982913964,1,Lyft,Hatchback,Clear,Medium,2.0,28.25
0,0,22.06400032,1,UberX,Hatchback,Cloudy,Low,1.5,42.59
0,0,21.7792825,1,UberX,Sedan,Clear,High,1.0,38.27
0,0,7.281046418,1,Standard,SUV,Clear,Low,2.5,31.28
1,1,4.398656619,1,UberXL,SUV,Rainy,Medium,1.0,15.76
1,0,4.762118553,1,Standard,Sedan,Rainy,Medium,1.0,13.15
1,1,9.6358308,1,UberX,Sedan,Rainy,Low,1.5,26.48
0,0,23.05942328,2,Standard,Sedan,Cloudy,Very Heavy,1.0,45.38
0,1,15.1030859,1,Standard,SUV,Clear,Very Heavy,1.0,31.58
0,1,11.60613195,1,Lyft,Hatchback,Rainy,Low,2.5,38.36
0,0,20.26874371,1,UberX,Hatchback,Rainy,High,1.0,37.43
0,0,13.04991452,2,UberXL,Hatchback,Clear,Medium,1.0,24.74
0,1,9.767044534,2,Standard,SUV,Snowy,High,1.0,27.08
0,0,24.97664357,3,LyftPlus,Van,Clear,Low,1.0,43.28
1,0,21.85650526,1,UberX,SUV,Clear,Low,1.0,34.94
0,0,22.04053263,1,UberX,SUV,Rainy,High,1.0,43.54
0,0,7.728488817,1,LyftPlus,Hatchback,Rainy,High,2.0,30.36
0,1,14.90231282,1,Lyft,Sedan,Clear,Medium,2.0,38.63
0,0,20.92993369,1,LyftPlus,Sedan,Cloudy,High,1.0,39.59
1,0,5.639165877,5,LyftPlus,Hatchback,Rainy,High,1.0,21.41
0,1,15.92188141,1,Standard,Hatchback,Rainy,Low,1.0,32.21
1,1,25.82685069,4,UberX,Sedan,Clear,Medium,1.0,50.08
0,1,10.38487722,1,UberX,Hatchback,Clear,Low,1.0,19.46
0,1,20.50312372,3,UberX,Sedan,Clear,High,1.0,37.41
1,1,14.11221433,1,Standard,Hatchback,Rainy,Very Heavy,1.0,33.92
1,0,4.790633234,3,UberXL,Sedan,Rainy,Medium,1.0,16.39
0,0,18.64757178,1,UberX,Van,Clear,High,2.5,47.48
0,0,7.182904216,4,UberX,Hatchback,Clear,High,1.0,20.34
0,1,14.92150739,1,UberX,Sedan,Clear,Low,1.0,27.28
0,1,5.746968434,1,LyftPlus,Hatchback,Rainy,Medium,1.0,18.53
1,0,23.44632674,1,Lyft,Hatchback,Rainy,Medium,1.0,42.62
0,0,9.331468097,1,Lyft,SUV,Clear,Medium,1.0,19.49
0,0,7.42685496,1,UberX,Van,Clear,High,1.0,18.59
0,0,5.799953038,5,Standard,Van,Clear,Medium,1.0,15.27
0,0,24.06743162,1,UberX,Sedan,Clear,Medium,1.5,45.2
1,0,19.4161963,2,Lyft,Sedan,Rainy,High,2.0,48.59
1,1,20.61604032,1,UberX,Sedan,Clear,Low,1.0,36.26
1,0,14.0354489,1,UberX,SUV,Clear,Medium,1.0,25.26
0,0,11.78242104,1,UberX,Sedan,Rainy,Low,1.0,23.5
0,0,6.726113714,3,Lyft,Sedan,Snowy,Medium,1.0,17.79
0,0,13.84452483,1,Lyft,Van,Snowy,High,1.0,29.77
0,0,8.009906171,1,UberX,Hatchback,Snowy,Low,1.0,17.62
1,0,24.00684073,1,UberX,Hatchback,Rainy,High,1.0,46.45
0,1,20.5363386,1,LyftPlus,Van,Rainy,Medium,1.0,40.06
1,0,10.82234072,1,UberX,Sedan,Rainy,Low,1.0,19.36
0,0,5.017458814,1,UberX,SUV,Cloudy,Medium,1.0,14.75
0,0,20.25577621,1,UberXL,Sedan,Snowy,High,1.5,42.21
1,0,4.887392321,1,LyftPlus,SUV,Clear,Low,2.5,28.54
0,0,8.511436129,2,UberX,Sedan,Clear,Medium,1.0,18.23
0,0,7.102571347,1,Standard,Sedan,Clear,High,1.0,16.42
0,0,14.22327226,3,UberX,Sedan,Rainy,Medium,1.0,28.89
1,0,21.98708225,1,UberX,SUV,Rainy,Low,1.0,35.94
0,0,10.38486357,1,UberX,Van,Cloudy,Medium,1.0,20.77
1,0,7.579688948,1,Lyft,Sedan,Clear,High,1.0,16.7
0,1,11.29753201,1,UberX,SUV,Clear,Very Heavy,1.0,26.65
0,1,19.66619118,1,Lyft,SUV,Snowy,Low,1.0,39.1
0,0,8.362217128,1,UberX,SUV,Clear,Medium,1.5,23.1
0,0,7.866162942,1,UberX,Van,Clear,Low,1.0,13.71
0,0,23.47699406,1,LyftPlus,Sedan,Rainy,High,1.0,42.03
1,0,25.23700031,1,Lyft,Sedan,Clear,Low,1.0,41.33
0,0,25.25664385,1,UberX,Sedan,Clear,Low,1.0,41.92
0,0,19.07927031,2,Lyft,SUV,Clear,High,1.0,35.41
0,0,6.270683471,2,Lyft,Sedan,Clear,Low,2.5,29.04
0,0,6.499588548,1,UberX,Sedan,Clear,Medium,1.5,19.86
0,1,10.36379726,2,UberXL,Hatchback,Clear,Very Heavy,1.0,26.45
1,0,10.94778093,3,UberX,Sedan,Clear,Very Heavy,1.0,26.38
0,1,23.66436457,1,UberXL,Sedan,Clear,Low,1.0,43.73
1,0,20.10650605,1,Lyft,Van,Rainy,Medium,2.5,52.56
0,0,17.9491713,3,UberX,SUV,Clear,Medium,2.5,52.4
0,1,7.852533286,1,UberX,SUV,Clear,Medium,1.0,19.05
0,1,24.24220981,1,UberX,Sedan,Clear,Very Heavy,2.0,56.51
0,0,21.18070569,1,Standard,SUV,Clear,High,1.0,41.0
0,0,8.180139272,2,Lyft,Hatchback,Clear,Medium,1.0,19.12
0,0,21.62166599,3,UberX,Hatchback,Clear,Medium,1.0,35.42
1,1,7.592463206,1,UberXL,SUV,Snowy,Medium,1.0,19.6
0,0,5.583502938,4,UberX,Hatchback,Clear,Medium,2.0,26.33
1,0,17.35421944,1,Lyft,Sedan,Rainy,Medium,1.0,33.36
1,1,16.80246331,1,UberXL,Sedan,Clear,Low,1.5,34.21
1,0,5.165175416,1,Standard,Hatchback,Rainy,Low,2.5,25.41
1,0,8.43035637,4,UberX,Sedan,Clear,Low,1.5,21.77
1,0,6.251932528,1,Lyft,Hatchback,Rainy,Low,1.0,16.63
0,1,24.93448172,1,Lyft,SUV,Clear,Low,1.5,47.53
1,0,18.35974916,1,LyftPlus,SUV,Cloudy,Medium,1.0,32.66
1,1,20.45551214,1,UberXL,Hatchback,Cloudy,Medium,1.5,41.33
0,0,8.570819004,1,Lyft,Hatchback,Clear,Medium,1.0,17.32
1,1,5.368570023,1,UberX,Hatchback,Clear,Medium,1.0,15.85
1,0,10.36227053,3,UberXL,SUV,Clear,Very Heavy,1.5,28.76
0,0,8.965659581,1,LyftPlus,SUV,Clear,Medium,1.5,23.14
0,0,7.815768619,1,Standard,Van,Cloudy,High,2.5,35.16
0,1,8.152981655,1,Lyft,Hatchback,Clear,Very Heavy,1.0,20.86
0,0,16.52023013,1,UberX,Sedan,Clear,Low,1.0,29.13
1,1,10.21046055,1,LyftPlus,Hatchback,Rainy,Medium,1.0,23.78
0,1,19.84778416,3,UberX,Hatchback,Clear,Medium,1.0,40.23
1,1,5.261773733,1,UberX,SUV,Clear,Medium,1.0,15.84
1,0,14.06419326,3,Lyft,SUV,Clear,Low,1.0,27.4
0,1,3.779146769,2,UberX,SUV,Rainy,High,1.5,22.59
0,0,14.21610993,1,Standard,Sedan,Clear,Low,2.0,34.09
1,1,5.108179534,1,UberXL,Sedan,Rainy,Very Heavy,1.0,21.49
0,0,23.61089415,1,UberXL,Hatchback,Clear,High,1.0,42.31
1,0,18.51633172,1,Lyft,SUV,Clear,Medium,1.0,32.86
0,0,14.29830781,1,Lyft,Sedan,Clear,Low,1.0,23.91
0,0,6.102663817,1,UberXL,Sedan,Snowy,Medium,1.5,22.91
0,0,16.38565913,1,UberX,Sedan,Clear,Medium,1.0,28.94
1,1,18.20644921,3,Lyft,Hatchback,Clear,Medium,1.0,34.32
0,0,7.436469388,1,UberX,SUV,Cloudy,High,1.0,18.75
0,0,14.37583697,1,UberX,SUV,Snowy,Medium,2.5,43.64
0,1,19.37022356,1,Lyft,Sedan,Cloudy,Medium,2.0,45.17
0,0,19.89378331,1,UberX,Hatchback,Clear,High,2.0,44.99
0,1,20.8283229,1,Standard,Van,Clear,Low,1.0,37.89
0,0,22.24649324,4,Lyft,Hatchback,Clear,Medium,1.0,41.77
1,0,24.06714282,2,Standard,SUV,Cloudy,Medium,1.0,44.57
0,1,11.13086619,1,UberX,Hatchback,Clear,Medium,1.0,25.05
0,1,15.59860137,1,Standard,Sedan,Clear,High,1.0,28.63
1,0,19.90915826,1,UberX,Sedan,Clear,Very Heavy,1.5,43.14
0,1,18.08538642,1,UberX,Sedan,Clear,Medium,1.0,33.76
1,0,25.1698576,2,UberX,Sedan,Rainy,Medium,1.0,48.74
0,1,4.360546545,4,UberXL,Sedan,Cloudy,Medium,1.5,20.88
0,0,11.10522675,1,UberX,SUV,Rainy,High,1.0,23.61
0,1,12.62400913,1,UberXL,Sedan,Clear,High,1.0,26.6
0,1,9.192839852,1,UberX,Hatchback,Cloudy,Low,1.0,16.82
0,0,9.258564071,1,UberX,Sedan,Clear,Low,2.5,32.18
0,0,8.929452406,1,Lyft,Van,Clear,Very Heavy,1.0,18.89
0,0,20.47991238,1,UberX,Sedan,Clear,Medium,1.0,32.74
0,0,6.075483934,1,Lyft,SUV,Clear,Medium,2.0,22.67
0,0,19.26030959,1,Lyft,Sedan,Clear,High,1.0,33.55
1,0,19.40003468,1,Standard,SUV,Clear,Medium,2.5,48.86
0,0,9.066732726,1,UberX,Van,Cloudy,Medium,1.0,19.63
0,0,7.955132787,1,Standard,Hatchback,Cloudy,Low,1.0,15.69
0,0,17.39774385,1,Lyft,Sedan,Clear,Very Heavy,1.0,33.98
1,0,18.63906799,1,Standard,Sedan,Clear,Low,1.0,31.7
0,1,22.84698484,4,UberX,Sedan,Clear,Medium,1.0,44.3
0,0,23.49886662,1,Lyft,Sedan,Clear,Medium,1.0,38.4
1,0,25.05004124,4,LyftPlus,Hatchback,Clear,High,1.0,45.97
0,0,16.98708543,1,UberX,Sedan,Clear,Low,1.0,29.12
1,0,22.61222866,1,Lyft,SUV,Rainy,Medium,1.0,41.48
0,1,21.26817467,1,LyftPlus,Sedan,Clear,Medium,1.5,43.56
0,0,23.38085216,1,Lyft,Sedan,Clear,Medium,1.0,38.74
0,0,2.950622928,1,UberX,Van,Rainy,High,1.0,12.82
0,1,24.93357497,2,Lyft,Sedan,Rainy,Low,1.0,44.01
0,0,13.87235253,1,UberX,Sedan,Clear,High,1.0,26.02
0,0,21.25484191,1,LyftPlus,Hatchback,Clear,High,2.0,49.76
1,1,4.768414743,1,UberX,Sedan,Cloudy,Very Heavy,1.5,22.98
0,0,12.98680294,1,UberX,Sedan,Rainy,Medium,1.5,28.02
1,0,9.422777523,3,UberX,SUV,Clear,Medium,1.0,14.69
1,0,9.298356561,3,Lyft,Van,Rainy,Medium,1.0,21.67
0,0,7.905987756,1,Standard,Hatchback,Clear,Very Heavy,1.0,18.41
0,1,5.67279735,1,UberX,Van,Rainy,High,1.0,18.64
1,0,19.89787769,1,UberX,SUV,Clear,Medium,1.5,40.41
0,0,4.392490934,4,UberX,Sedan,Clear,Very Heavy,2.0,25.62
0,1,10.83822907,1,LyftPlus,Sedan,Rainy,High,1.0,25.79
0,0,7.867360683,2,UberXL,Hatchback,Rainy,Very Heavy,1.0,23.86
0,1,17.47204838,1,UberX,Sedan,Clear,High,1.0,32.76
1,0,8.783330471,5,Lyft,Sedan,Clear,High,1.5,28.7
0,1,7.042231489,1,UberX,Van,Clear,High,1.0,20.09
0,1,14.37231042,1,UberXL,Sedan,Clear,Low,1.0,25.62
1,0,17.95078359,1,UberX,SUV,Clear,Very Heavy,2.0,45.09
0,1,7.222536643,4,LyftPlus,Hatchback,Rainy,Medium,1.5,25.45
0,1,7.943336151,5,Standard,Hatchback,Clear,Medium,1.0,22.81
0,1,8.571828605,2,Lyft,Sedan,Rainy,High,1.0,22.45
0,0,24.27814878,2,UberXL,SUV,Rainy,High,1.5,51.77
0,1,12.74099188,1,UberXL,Sedan,Clear,High,1.0,25.26
0,0,13.52283455,2,UberX,SUV,Rainy,Medium,1.5,33.29
0,0,8.555341846,3,Lyft,SUV,Snowy,Medium,1.0,21.88
0,0,14.73577022,1,Lyft,Hatchback,Clear,Low,2.0,36.31
0,0,4.509614633,1,Standard,Sedan,Cloudy,Medium,1.5,17.55
0,1,3.382169348,1,UberX,Hatchback,Rainy,High,2.0,24.72
1,0,13.60698115,1,Lyft,Hatchback,Clear,Medium,1.0,22.1
0,0,13.11995101,3,Lyft,SUV,Clear,Medium,1.0,23.47
1,1,6.462410667,1,UberX,Sedan,Rainy,Low,1.0,13.75
1,0,17.45020815,1,Lyft,Sedan,Clear,High,2.0,41.97
0,0,26.06085884,1,Standard,Hatchback,Rainy,Low,1.0,46.44
0,0,13.11587657,1,Standard,Van,Cloudy,High,1.0,25.31
0,0,15.93296059,1,Lyft,Sedan,Clear,Medium,1.0,28.46
0,1,26.98403664,3,UberX,Van,Clear,Low,1.5,50.69
0,0,21.29311632,1,LyftPlus,SUV,Clear,High,2.0,49.01
0,1,14.14657468,3,Lyft,Hatchback,Clear,Medium,1.5,33.98
0,1,19.95223085,1,UberX,Sedan,Cloudy,Medium,1.0,36.75
0,1,5.12096923,3,UberX,Hatchback,Clear,High,2.5,30.83
0,0,13.8147588,1,UberX,Hatchback,Clear,High,1.0,27.71
0,0,9.207033908,1,UberX,Hatchback,Clear,High,2.0,32.15
0,0,4.675540035,1,Lyft,Hatchback,Cloudy,High,1.0,15.12
0,0,5.820977562,4,UberX,Sedan,Clear,Medium,1.0,13.16
0,0,10.48243379,1,UberX,SUV,Snowy,Medium,1.0,20.31
0,0,5.89698757,1,UberX,Sedan,Rainy,Low,1.0,13.84
0,1,17.70595872,3,UberXL,Sedan,Cloudy,Very Heavy,1.0,39.82
1,0,13.61609008,1,UberX,Sedan,Clear,Very Heavy,1.0,24.99
0,0,12.48100853,1,UberX,Sedan,Clear,Medium,1.0,23.25
1,0,4.558071155,1,UberX,SUV,Clear,Low,1.0,12.9
0,1,5.478218226,1,Lyft,SUV,Clear,Low,1.0,15.04
0,0,16.3539835,1,UberX,Sedan,Rainy,High,2.0,43.33
0,1,24.89181247,1,Lyft,SUV,Clear,Low,2.0,51.0
0,0,6.167794825,2,UberX,Sedan,Clear,High,2.5,33.54
1,0,9.393991127,1,UberX,Sedan,Rainy,Very Heavy,1.0,23.66
1,1,22.11035873,1,UberX,Hatchback,Clear,Very Heavy,1.5,44.39
1,0,3.518405329,1,UberX,Sedan,Clear,Low,1.5,16.1
0,0,22.04611553,1,UberX,SUV,Clear,Very Heavy,1.0,39.61
0,1,14.51477619,1,UberX,Sedan,Rainy,High,1.0,36.79
0,1,9.927114334,2,UberX,SUV,Clear,Low,1.0,20.82
1,0,8.922753074,4,Lyft,Sedan,Rainy,Medium,1.0,22.27
0,0,9.999933636,3,UberX,Sedan,Clear,High,1.5,27.64
0,0,9.907150177,1,LyftPlus,Sedan,Clear,Very Heavy,1.0,22.46
0,1,22.21266043,3,LyftPlus,Hatchback,Cloudy,Low,1.0,41.46
0,0,18.31605417,3,Lyft,Sedan,Rainy,Low,1.0,34.28
0,0,15.9910182,1,UberX,Sedan,Clear,Medium,1.0,28.68
0,0,18.39709984,1,LyftPlus,Sedan,Rainy,Very Heavy,1.5,40.6
0,1,8.34983495,1,UberX,Sedan,Clear,Very Heavy,1.0,22.15
1,0,18.08588693,1,UberX,Sedan,Cloudy,Low,1.0,29.17
0,1,13.1583626,4,UberX,Sedan,Rainy,Medium,1.0,31.05
0,0,21.23511574,1,Standard,Van,Clear,Very Heavy,1.0,40.06
0,0,8.626947009,1,UberX,Sedan,Cloudy,High,2.5,35.01
1,1,17.43307907,1,Standard,SUV,Clear,Very Heavy,2.0,48.21
1,0,21.70498629,1,UberX,Van,Rainy,High,1.0,42.36
0,0,11.10503079,1,Standard,Sedan,Snowy,Low,1.0,26.39
0,0,5.210275525,4,Standard,SUV,Clear,High,1.0,17.39
0,1,14.2326711,1,Standard,Sedan,Clear,Low,1.0,26.83
0,1,9.225860534,3,UberXL,Van,Rainy,High,1.0,24.44
1,0,17.88698795,1,LyftPlus,Van,Clear,Medium,1.0,29.41
0,1,23.20655583,1,Standard,Sedan,Cloudy,Very Heavy,1.5,52.27
0,0,12.23905276,1,UberX,Sedan,Clear,Very Heavy,1.0,27.16
0,1,12.26083548,3,UberXL,Sedan,Rainy,Low,2.5,41.16
0,0,19.4467589,1,Lyft,Van,Clear,Low,1.0,32.93
0,0,6.489329532,1,UberX,Sedan,Clear,Medium,1.0,14.94
1,1,2.985462409,1,Lyft,Van,Cloudy,High,1.0,13.44
1,1,8.38877031,4,UberX,Hatchback,Rainy,High,1.0,25.77
0,1,23.10206226,1,UberXL,Sedan,Clear,Very Heavy,1.0,42.28
0,0,17.47270024,1,UberX,Hatchback,Clear,Medium,2.5,47.74
0,1,2.631879462,1,UberX,Sedan,Rainy,Medium,1.0,15.18
0,0,8.248827715,1,UberX,SUV,Cloudy,Low,1.0,14.75
0,0,18.96511552,2,LyftPlus,Sedan,Rainy,Low,2.0,41.36
0,1,20.86578316,4,UberX,Sedan,Rainy,High,1.0,44.0
0,1,21.80701861,1,LyftPlus,SUV,Clear,Very Heavy,1.0,44.41
1,0,10.03654601,3,Lyft,SUV,Cloudy,Medium,1.5,25.33
0,0,23.13814235,2,UberXL,SUV,Rainy,High,1.0,41.81
0,0,13.58839247,1,UberX,SUV,Clear,Medium,1.0,22.11
0,1,16.72110761,3,UberX,Van,Clear,Medium,1.0,34.71
0,1,15.27656216,1,UberXL,Hatchback,Clear,Medium,1.0,30.01
0,0,5.49970837,1,UberX,SUV,Cloudy,Medium,1.0,15.45
0,0,22.90537346,1,UberXL,Sedan,Rainy,Very Heavy,2.0,50.29
0,0,4.573391741,1,Standard,Sedan,Cloudy,Medium,1.0,12.29
0,0,8.229010348,1,UberX,Sedan,Clear,Medium,1.0,19.16
0,0,21.76392776,2,Lyft,SUV,Rainy,High,1.0,39.74
0,0,16.94346141,2,Standard,SUV,Cloudy,Very Heavy,1.5,40.02
0,1,20.57575558,2,LyftPlus,SUV,Clear,Medium,1.5,41.53
0,1,14.3925797,1,LyftPlus,Van,Clear,Medium,1.0,26.87
1,1,9.965207604,4,LyftPlus,Sedan,Rainy,Low,2.0,34.0
1,1,22.41707886,1,UberX,SUV,Cloudy,Low,1.0,38.27
0,1,2.140374625,1,LyftPlus,Hatchback,Clear,Low,1.0,10.72
1,1,22.26370315,1,Standard,Sedan,Clear,Very Heavy,1.5,48.46
0,0,7.795184009,1,UberXL,SUV,Clear,Low,1.0,17.45
0,0,21.51447677,1,UberX,Van,Clear,Medium,2.0,48.38
0,0,6.86826262,1,UberXL,SUV,Clear,High,1.0,15.24
0,0,14.76756597,3,UberX,Hatchback,Clear,High,2.0,40.04
0,0,23.00512345,5,UberX,Van,Cloudy,Low,1.0,39.01
0,1,15.40279323,2,Lyft,SUV,Rainy,Medium,2.0,44.29
0,0,18.44235295,1,Lyft,Sedan,Clear,Medium,1.0,34.45
1,0,19.13975669,2,UberXL,Hatchback,Cloudy,Medium,1.0,31.97
0,1,17.94503204,2,UberX,Hatchback,Rainy,Medium,1.0,37.07
0,0,23.7458395,1,Lyft,Sedan,Clear,Medium,2.5,57.29
0,0,14.57664527,2,UberX,SUV,Clear,Low,1.0,26.8
0,1,8.514088695,1,UberX,SUV,Rainy,Medium,1.0,21.82
0,0,4.896749324,1,Lyft,Hatchback,Rainy,Low,1.5,22.16
1,0,9.301413658,1,UberX,Sedan,Clear,Very Heavy,1.0,22.01
0,1,6.614901987,1,UberX,Sedan,Clear,Medium,1.0,14.35
0,1,15.99997204,2,UberX,SUV,Cloudy,High,1.5,39.44
0,1,7.372555368,1,Lyft,SUV,Clear,Low,1.0,18.2
0,0,3.056777433,1,Lyft,Van,Rainy,High,1.5,19.02
0,1,5.505214244,3,UberX,Van,Rainy,Medium,1.0,18.62
0,0,22.62996069,5,UberX,Sedan,Clear,Low,1.0,36.91
0,1,15.23490866,1,Lyft,Sedan,Clear,High,1.0,28.92
0,1,11.52635597,1,LyftPlus,Sedan,Clear,High,1.5,29.09
0,0,24.13425917,1,Lyft,Sedan,Clear,Very Heavy,1.5,45.24
0,0,4.96300558,1,LyftPlus,SUV,Clear,High,1.0,16.49
0,0,24.36172838,1,UberXL,SUV,Rainy,Low,1.0,42.35
0,0,17.98815011,1,Lyft,Sedan,Clear,Medium,1.0,31.48
0,1,7.291553687,2,LyftPlus,Sedan,Clear,Medium,1.5,21.03
0,0,17.31164264,2,Lyft,Sedan,Rainy,Low,1.0,30.09
0,0,18.64421888,1,Standard,SUV,Cloudy,High,1.0,35.25
0,0,9.51444447,1,UberXL,SUV,Cloudy,Medium,1.5,24.39
0,0,23.929042,1,Standard,Sedan,Clear,Very Heavy,2.0,54.29
1,1,5.479261397,1,Lyft,Sedan,Clear,Medium,1.0,13.33
0,0,10.09837169,1,LyftPlus,Hatchback,Clear,Medium,1.5,25.72
0,0,4.136441527,1,UberX,Hatchback,Clear,Low,2.0,21.78
0,0,7.806272108,1,Lyft,Sedan,Rainy,Low,2.5,31.48
1,0,8.701762338,1,LyftPlus,Sedan,Clear,High,1.0,20.78
0,0,21.94880218,1,UberX,Sedan,Rainy,Very Heavy,1.0,42.41
1,0,5.675449983,1,Lyft,Sedan,Clear,Medium,2.5,27.74
0,0,12.2048947,1,LyftPlus,Hatchback,Clear,High,1.0,25.05
1,0,15.26541583,1,UberX,Sedan,Cloudy,Medium,1.0,27.9
1,1,24.22576542,1,UberXL,SUV,Clear,Very Heavy,1.0,45.5
1,1,8.739622967,1,Lyft,Van,Clear,Low,1.0,19.83
1,0,24.85448982,1,UberXL,Hatchback,Clear,Medium,1.0,39.2
0,1,21.5185872,1,UberX,SUV,Snowy,Medium,2.0,52.51
1,0,4.955348699,1,UberX,Sedan,Clear,Medium,1.0,11.0
0,0,24.45053475,2,UberX,Sedan,Clear,Medium,1.0,44.49
0,0,20.15259947,1,UberX,Hatchback,Rainy,Medium,1.0,38.69
0,0,22.96485515,1,UberX,Sedan,Rainy,Medium,1.0,42.97
0,0,17.22417001,4,Lyft,Sedan,Cloudy,Low,1.0,31.18
1,0,4.200592905,4,Lyft,Sedan,Clear,High,2.5,30.35
0,0,10.82851096,1,Lyft,Sedan,Snowy,High,1.0,25.66
0,0,16.94747005,2,UberX,SUV,Rainy,High,1.0,33.53
1,0,11.54196904,1,UberXL,Hatchback,Clear,Medium,1.5,29.62
0,0,8.605377612,5,UberX,Van,Clear,Low,1.0,19.41
0,0,10.2199621,1,LyftPlus,Hatchback,Cloudy,Medium,1.5,24.79
1,1,15.19687754,2,Lyft,Sedan,Rainy,Low,1.0,28.15
0,0,26.08207681,2,LyftPlus,Sedan,Rainy,Medium,1.5,50.25
1,0,5.277836149,1,UberX,Sedan,Rainy,Low,1.0,13.05
0,0,19.67547933,2,Lyft,Sedan,Clear,Medium,1.5,38.99
0,0,19.17219938,1,UberXL,SUV,Clear,Low,1.0,33.86
1,0,22.86659117,1,LyftPlus,Van,Clear,Low,1.0,38.32
0,0,23.26124021,1,UberXL,SUV,Clear,Very Heavy,1.0,42.12
0,1,19.16873497,4,UberXL,Hatchback,Clear,Very Heavy,1.0,40.26
0,1,15.19188315,1,UberX,SUV,Clear,Medium,2.0,39.2
0,1,6.5635746,1,Lyft,SUV,Rainy,Low,1.0,17.09
0,1,16.65292635,1,UberX,Van,Clear,Very Heavy,1.0,35.46
1,1,19.77231577,1,UberX,Hatchback,Clear,Very Heavy,1.0,38.49
0,1,21.83530725,1,UberX,SUV,Cloudy,High,2.5,55.2
0,0,20.40582282,2,Standard,Sedan,Rainy,Medium,1.0,39.23
0,1,8.032647983,5,UberX,Sedan,Clear,Low,1.0,17.91
0,1,16.71350068,1,LyftPlus,Hatchback,Cloudy,Low,1.0,32.73
1,0,10.46438986,1,Standard,Sedan,Rainy,High,2.5,38.65
0,1,4.080156154,1,Standard,SUV,Clear,High,1.0,13.55
1,0,8.22135093,1,LyftPlus,SUV,Clear,Medium,1.0,15.78
0,0,6.312336738,1,LyftPlus,Hatchback,Clear,Medium,1.0,13.6
1,1,21.26414997,1,UberX,Sedan,Cloudy,Medium,1.0,39.67
1,0,8.404512268,1,UberX,Sedan,Clear,High,1.0,17.67
0,0,9.056011489,1,Lyft,Hatchback,Clear,High,1.0,21.34
0,0,23.62454029,2,UberXL,SUV,Cloudy,Medium,1.5,44.33
0,1,11.44558263,4,UberX,Sedan,Clear,Low,2.0,35.19
1,1,3.205261499,1,Lyft,Van,Clear,Medium,1.5,17.02
0,0,10.89968361,1,Lyft,Hatchback,Clear,High,1.0,21.97
0,1,5.119775408,1,LyftPlus,SUV,Clear,High,1.5,21.71
0,0,4.275080672,3,Lyft,Hatchback,Rainy,Low,1.0,15.07
0,0,5.35045533,1,Lyft,Sedan,Rainy,Low,1.0,14.76
1,0,16.12323039,2,UberXL,Van,Clear,High,1.0,31.93
0,0,6.479305633,1,UberXL,Van,Clear,Medium,1.0,15.67
0,0,11.72945707,1,Standard,SUV,Clear,Medium,1.0,22.16
1,0,21.68539785,1,UberX,SUV,Snowy,Medium,1.0,39.48
0,1,13.85972394,1,UberXL,Hatchback,Rainy,High,1.0,32.26
1,0,22.19506479,1,Lyft,SUV,Clear,High,1.0,40.2
0,0,13.37381653,1,UberXL,Sedan,Clear,Medium,1.0,24.43
1,0,10.12766135,2,UberX,SUV,Clear,Medium,2.0,31.5
0,0,13.13219008,1,UberX,Sedan,Clear,Low,2.0,33.31
0,0,18.79505462,1,UberX,Sedan,Snowy,High,2.5,54.82
0,1,10.37650568,1,UberX,Sedan,Rainy,High,2.0,32.69
0,1,3.445884312,1,LyftPlus,Sedan,Rainy,Medium,2.5,28.11
1,1,5.88524929,1,UberXL,Hatchback,Clear,Low,1.5,20.26
0,0,16.69159803,1,UberX,Sedan,Clear,Low,2.5,46.17
1,0,14.33146843,1,UberX,SUV,Clear,Medium,1.0,28.04
0,0,21.059541,1,UberX,Sedan,Clear,Low,1.5,39.04
0,0,21.34202643,1,Standard,SUV,Clear,High,1.0,40.46
1,0,10.20932685,1,UberXL,Hatchback,Clear,High,1.0,18.65
1,1,11.03838292,4,Standard,Sedan,Clear,Medium,2.0,33.73
0,1,16.61953139,1,UberX,SUV,Clear,High,1.0,32.74
0,1,13.14126533,2,LyftPlus,Hatchback,Cloudy,Medium,1.0,28.04
0,0,24.01400272,1,UberX,Sedan,Cloudy,Very Heavy,1.0,43.0
1,0,22.48232214,1,UberX,Sedan,Clear,Low,1.5,41.77
1,0,24.17930595,1,UberX,Sedan,Clear,Low,1.5,46.61
1,0,7.601376192,1,Lyft,SUV,Clear,Medium,1.0,14.74
0,0,21.79195208,1,UberX,Hatchback,Cloudy,Medium,1.0,36.01
0,0,6.258351779,1,UberXL,SUV,Snowy,Low,2.0,24.25
0,0,7.806914662,1,LyftPlus,Sedan,Cloudy,Medium,1.5,25.69
1,0,22.48940465,1,UberX,Sedan,Rainy,Medium,1.0,40.86
0,0,3.796076265,2,UberX,Sedan,Clear,High,1.5,16.36
0,1,23.97690793,2,LyftPlus,Sedan,Clear,Medium,1.0,44.74
0,1,5.266122482,1,UberXL,Sedan,Clear,Medium,1.0,11.89
1,0,20.29023245,1,LyftPlus,Sedan,Rainy,Very Heavy,2.0,50.34
0,0,8.283666196,1,UberX,SUV,Clear,High,2.0,28.68
0,1,10.79183561,1,UberX,Van,Rainy,Medium,1.0,26.51
0,1,8.74339525,2,UberX,Sedan,Rainy,Medium,1.0,20.05
0,0,17.840119,1,Standard,Hatchback,Clear,Medium,1.0,33.49
0,0,10.48720785,1,LyftPlus,SUV,Cloudy,Low,2.0,30.87
0,1,17.76146109,1,Standard,Hatchback,Clear,Low,2.0,43.9
0,0,4.530456729,2,UberXL,Sedan,Cloudy,Medium,1.0,10.84
0,1,3.967310987,1,LyftPlus,Van,Clear,High,1.0,17.1
0,0,4.409460635,1,UberXL,Van,Clear,Medium,1.0,8.69
0,0,14.16628641,1,UberXL,Van,Clear,Low,2.0,32.72
1,1,20.74574816,1,LyftPlus,Hatchback,Clear,Low,1.0,36.99
0,0,22.75725088,1,UberX,Sedan,Rainy,High,1.0,41.62
0,0,6.781969327,3,UberX,Sedan,Clear,Medium,1.5,19.26
0,0,15.11232133,1,UberX,Van,Cloudy,High,1.0,33.31
0,1,21.7911688,2,Lyft,Sedan,Clear,Medium,1.0,37.79
0,1,9.817053917,1,UberX,Sedan,Rainy,Very Heavy,1.0,24.02
0,0,11.96948855,1,UberX,Sedan,Snowy,Medium,1.0,26.49
0,1,15.92114802,3,Standard,SUV,Rainy,Medium,1.5,38.5
0,0,4.322149367,1,UberX,SUV,Clear,Very Heavy,1.0,12.29
0,1,3.156861145,2,UberX,Van,Clear,Very Heavy,1.0,18.2
0,1,8.636716219,2,Lyft,Hatchback,Clear,High,1.0,22.21
1,0,16.74081088,1,LyftPlus,SUV,Clear,Very Heavy,1.0,32.36
0,0,4.562715604,2,UberX,SUV,Clear,Medium,1.0,11.99
0,0,8.352465743,3,Lyft,Sedan,Clear,Medium,1.0,16.12
1,0,11.68144124,1,UberX,Sedan,Rainy,Medium,2.5,41.3
0,1,3.411595032,1,UberXL,Hatchback,Clear,Medium,1.5,17.06
0,0,7.645350639,1,UberX,SUV,Rainy,Medium,1.5,23.2
1,0,24.8037259,1,UberX,Sedan,Clear,Medium,1.5,47.35
0,0,2.781496777,1,UberXL,Sedan,Clear,High,2.0,19.34
0,0,17.00307148,1,Standard,SUV,Clear,Medium,1.5,37.41
0,0,11.48581519,1,Lyft,Sedan,Clear,Medium,1.0,21.4
0,0,18.49261716,1,Standard,Sedan,Clear,Low,1.0,30.0
0,1,14.52355284,1,Lyft,Hatchback,Rainy,Very Heavy,1.0,34.18
0,1,4.804445156,1,UberX,Sedan,Snowy,High,1.0,15.85
1,0,21.85410219,1,UberX,SUV,Clear,Medium,2.0,48.21
1,1,14.98856623,2,Standard,Hatchback,Clear,High,1.0,31.34
0,0,20.7838331,1,Lyft,Hatchback,Clear,High,1.0,38.62
1,0,11.32187596,1,Standard,Hatchback,Cloudy,Medium,1.0,24.92
0,0,24.49611576,1,UberX,Hatchback,Rainy,Medium,1.0,42.68
0,1,21.54831206,1,UberX,Sedan,Rainy,Medium,2.0,51.44
0,1,23.58634311,1,UberX,Van,Clear,Low,1.0,42.17
0,1,14.88546484,2,UberX,Sedan,Clear,Very Heavy,1.5,36.55
0,1,12.26763391,1,UberX,Sedan,Clear,Very Heavy,1.0,29.65
0,0,10.89429452,4,UberXL,Sedan,Cloudy,High,2.5,39.09
0,0,20.46502687,1,Lyft,Van,Clear,Medium,1.0,35.16
0,1,24.00077708,1,UberX,Sedan,Rainy,Medium,2.0,56.23
0,1,25.10020962,2,UberX,Sedan,Clear,Medium,1.0,45.77
0,1,8.086312493,2,Lyft,Sedan,Clear,Medium,1.0,17.48
1,0,20.15155638,1,UberXL,Sedan,Clear,Medium,1.0,34.88
1,1,7.873120015,4,Lyft,SUV,Rainy,Low,1.0,18.57
0,1,15.06220974,1,UberXL,Sedan,Clear,Very Heavy,1.0,32.93
0,0,5.036983765,2,LyftPlus,SUV,Snowy,Medium,1.0,14.49
0,0,9.345546383,1,Lyft,Hatchback,Clear,Very Heavy,1.0,22.36
1,1,22.68812363,2,Standard,SUV,Clear,High,1.0,43.66
1,0,6.146391271,1,UberXL,Hatchback,Clear,Medium,1.0,14.66
0,0,14.97877577,1,UberX,Sedan,Cloudy,Low,1.0,25.85
0,0,16.64521905,1,UberX,Sedan,Clear,Very Heavy,2.0,42.94
0,0,5.563261352,1,UberXL,Hatchback,Clear,High,1.0,14.0
0,0,9.128335562,1,UberXL,Hatchback,Clear,Low,1.0,16.61
1,1,15.57918009,1,Lyft,SUV,Clear,Low,1.0,27.65
0,1,5.67790684,1,UberX,Hatchback,Rainy,High,1.0,18.65
0,0,20.56163468,3,Lyft,SUV,Clear,Medium,1.0,37.66
0,0,22.58672572,1,Lyft,Sedan,Rainy,Low,1.0,38.26
1,0,6.069921847,2,Lyft,SUV,Rainy,High,2.0,26.35
1,0,6.658016827,1,UberXL,Sedan,Cloudy,High,2.5,34.23
0,1,12.29230464,1,Standard,SUV,Clear,Medium,1.0,23.88
0,0,19.83512478,1,UberXL,Sedan,Clear,Very Heavy,1.0,38.83
0,0,7.981343206,1,UberX,Sedan,Cloudy,High,1.0,20.33
0,0,11.29560904,1,LyftPlus,Hatchback,Rainy,High,1.0,26.12
0,0,3.172196219,1,UberX,Sedan,Clear,Low,1.0,8.76
0,1,1.700589554,1,Lyft,Sedan,Clear,Medium,1.5,14.51
0,0,12.87251478,1,UberX,Van,Cloudy,Low,1.0,21.11
0,0,22.84908583,1,UberX,SUV,Clear,Medium,1.0,40.83
0,0,14.99262968,2,UberX,SUV,Cloudy,Very Heavy,1.0,30.47
0,0,12.20623705,2,UberX,Hatchback,Clear,Very Heavy,2.0,37.91
1,0,25.42436935,2,UberX,SUV,Clear,High,1.0,44.85
1,0,19.28857656,5,UberX,Sedan,Clear,Medium,1.5,41.75
0,1,17.55487484,1,Lyft,Sedan,Clear,High,1.0,34.84
0,0,13.58631933,1,Lyft,Hatchback,Clear,Medium,1.0,24.68
0,0,25.083716,3,LyftPlus,Hatchback,Cloudy,Low,1.0,43.71
1,0,15.93460891,1,LyftPlus,Sedan,Rainy,Medium,1.0,28.9
1,1,23.66837967,2,UberXL,Sedan,Rainy,Medium,1.0,46.45
1,0,18.26927972,1,LyftPlus,Sedan,Rainy,Medium,1.5,40.61
0,0,19.78860238,1,UberXL,SUV,Clear,Low,1.0,32.89
0,0,9.692482537,1,UberXL,Sedan,Clear,Medium,1.0,19.62
0,0,10.03335985,5,Lyft,Hatchback,Cloudy,Medium,1.0,22.32
1,0,20.33014883,2,UberX,Van,Clear,Low,1.0,33.5
0,0,9.809140116,3,Lyft,SUV,Clear,High,1.5,26.69
1,0,15.42702657,1,UberXL,Van,Snowy,Medium,1.0,31.7
0,0,7.109277399,1,UberX,Sedan,Clear,Medium,1.0,17.81
0,0,20.57977581,1,UberX,Hatchback,Cloudy,High,1.0,37.37
0,0,7.600800476,3,UberX,SUV,Cloudy,Medium,1.5,22.57
1,0,21.56194192,1,LyftPlus,Sedan,Clear,Medium,1.0,39.4
0,0,17.40250517,1,Standard,Sedan,Clear,High,1.0,33.52
1,1,6.12886664,1,UberX,SUV,Snowy,Medium,1.0,17.3
0,0,13.92422585,1,UberX,Hatchback,Clear,High,1.0,27.59
0,0,8.011521986,1,UberX,Hatchback,Clear,Medium,1.5,23.42
0,0,8.784512374,1,LyftPlus,SUV,Clear,Low,1.0,19.91
0,0,10.3776015,1,UberX,Hatchback,Rainy,Medium,1.0,23.04
0,0,10.96683148,3,Standard,Sedan,Rainy,Medium,1.0,21.13
0,0,4.037204598,1,Lyft,Hatchback,Cloudy,Low,1.0,6.87
0,1,25.56665194,1,LyftPlus,SUV,Cloudy,Low,1.0,43.12
0,1,3.383365334,1,Lyft,Sedan,Cloudy,Low,1.5,14.9
0,0,15.17169142,4,Lyft,Van,Clear,High,1.0,31.8
1,0,11.61062505,1,Lyft,SUV,Rainy,High,1.0,28.27
0,0,15.18181283,1,LyftPlus,Hatchback,Clear,High,1.0,30.44
0,1,11.05185592,1,LyftPlus,SUV,Clear,Medium,2.5,39.94
0,1,17.05115668,1,Lyft,Van,Cloudy,High,1.0,35.62
1,0,19.27569124,4,Lyft,Sedan,Clear,Low,1.0,34.31
0,1,16.74853953,3,Standard,SUV,Cloudy,Medium,2.0,42.53
0,0,6.285489114,1,Standard,Sedan,Clear,High,1.0,16.81
0,1,17.48926061,1,Lyft,Sedan,Cloudy,Low,1.0,31.44
0,1,9.655796921,1,UberX,Sedan,Clear,Very Heavy,1.0,25.68
1,0,7.464975563,1,UberX,SUV,Clear,High,1.0,18.05
1,0,5.444164994,2,LyftPlus,Hatchback,Clear,High,1.0,15.37
1,0,11.21948207,1,UberX,SUV,Clear,High,1.5,26.91
1,1,12.80088904,1,UberX,SUV,Clear,High,1.0,27.39
0,0,4.051121055,3,UberX,Van,Cloudy,Very Heavy,1.0,14.5
0,1,17.05532091,1,Lyft,Hatchback,Rainy,High,1.0,33.7
1,0,18.65555301,1,Lyft,Sedan,Clear,Medium,1.0,31.12
0,0,9.179876009,1,UberX,Sedan,Clear,Medium,2.0,29.11
0,0,5.605758798,1,UberX,Sedan,Clear,Medium,1.0,9.4
0,0,10.68623309,2,Lyft,Sedan,Clear,Very Heavy,2.0,38.09
0,1,4.726748573,1,Standard,Sedan,Rainy,Very Heavy,1.5,23.58
0,0,17.78654931,1,UberX,Hatchback,Clear,Medium,1.5,37.92
1,0,15.93268118,1,UberX,Sedan,Rainy,High,1.0,29.11
1,0,10.53201093,1,Lyft,Sedan,Clear,Very Heavy,1.0,22.28
0,1,18.48886434,3,LyftPlus,Sedan,Clear,Low,1.0,35.62
1,0,14.03645849,1,Lyft,SUV,Rainy,Medium,1.0,28.73
1,0,3.536563844,3,Lyft,Hatchback,Clear,Medium,1.0,10.76
0,1,13.88663581,3,LyftPlus,Van,Cloudy,Medium,1.0,33.71
0,1,14.85544014,4,UberX,SUV,Rainy,Medium,2.5,45.46
1,1,18.29629753,3,UberX,SUV,Rainy,High,1.0,40.39
0,0,17.56857196,1,Lyft,SUV,Clear,Medium,1.0,30.31
1,1,9.141338313,4,LyftPlus,SUV,Cloudy,Low,1.0,19.59
0,1,4.686541092,1,Lyft,SUV,Rainy,Low,1.0,11.78
0,0,6.40642814,1,Standard,Hatchback,Clear,Low,1.0,10.22
0,0,17.42679763,1,Lyft,SUV,Clear,Low,1.0,29.8
0,0,20.38347365,1,Lyft,Van,Clear,Medium,1.0,35.69
0,0,13.07794041,1,UberX,Sedan,Clear,High,1.0,24.53
0,1,6.017406041,1,UberX,Sedan,Snowy,Low,1.0,17.12
1,0,19.44915468,1,Lyft,Sedan,Clear,Medium,1.0,33.65
1,0,21.91253909,1,UberX,Hatchback,Cloudy,Medium,1.0,37.16
0,0,22.36550057,1,UberX,Sedan,Clear,Low,1.0,35.7
0,0,17.75365259,2,Standard,Sedan,Clear,Medium,1.0,33.12
0,0,22.56483446,1,LyftPlus,SUV,Snowy,High,1.0,45.22
0,0,3.19079698,1,UberX,SUV,Clear,Low,1.0,9.05
1,0,2.238938092,1,Lyft,SUV,Clear,Low,2.0,17.66
0,0,6.032860146,1,UberX,Sedan,Cloudy,Very Heavy,1.0,18.18
0,0,17.49774603,1,UberX,Hatchback,Cloudy,High,1.0,32.45
0,0,5.382664164,1,Lyft,SUV,Cloudy,Medium,2.5,27.36
0,0,14.41020547,1,Lyft,Hatchback,Cloudy,Medium,1.0,23.83
0,0,13.20076579,1,UberX,Hatchback,Rainy,High,1.0,27.62
0,1,10.78876877,1,UberX,Sedan,Clear,High,2.5,38.54
0,0,22.6699535,5,UberX,SUV,Rainy,Medium,1.0,41.58
0,0,7.077892837,1,Standard,Sedan,Snowy,Medium,2.5,33.92
0,0,9.037854147,2,Lyft,Sedan,Clear,Medium,1.0,18.77
0,0,20.07162124,2,UberXL,Sedan,Clear,Low,1.0,34.55
1,0,2.426464858,1,UberX,Hatchback,Clear,Very Heavy,1.0,10.15
0,1,16.70897103,6,Lyft,Sedan,Rainy,Medium,1.0,34.43
0,0,20.59960755,2,Lyft,SUV,Clear,Medium,1.0,37.2
1,0,24.9733099,1,LyftPlus,Sedan,Rainy,Very Heavy,1.5,53.45
0,0,8.365390784,1,UberX,Van,Clear,Low,1.0,14.79
0,0,22.70979453,1,Standard,SUV,Rainy,Low,2.0,49.18
0,0,10.79687734,1,UberXL,Hatchback,Clear,High,1.0,22.71
0,0,15.02533081,1,UberX,SUV,Clear,Medium,2.0,38.61
0,0,3.124047042,2,UberX,Sedan,Rainy,High,1.0,10.75
0,0,6.919157257,3,UberXL,Van,Clear,Low,1.0,16.51
0,0,5.303963407,1,Standard,SUV,Clear,Medium,1.0,10.71
0,0,10.9208116,2,Lyft,SUV,Clear,Low,1.0,18.03
0,0,23.16686848,2,Lyft,SUV,Clear,High,1.0,40.78
0,0,9.806622625,1,UberX,Hatchback,Clear,Low,1.0,17.51
1,0,16.7172538,1,UberX,Sedan,Snowy,Medium,1.0,33.37
0,0,14.5774209,1,UberXL,Sedan,Rainy,High,1.0,30.25
0,0,13.70379529,2,Lyft,Hatchback,Cloudy,Very Heavy,1.0,32.0
0,1,25.81786477,2,Lyft,Sedan,Clear,High,1.5,50.96
0,1,10.38855391,1,UberX,SUV,Clear,Medium,1.0,23.83
0,0,16.57142274,1,UberX,Sedan,Clear,Medium,1.0,27.54
1,0,4.335418184,2,UberX,Sedan,Rainy,High,2.0,23.15
0,0,10.62830058,2,Standard,SUV,Clear,High,1.0,21.43
0,0,3.900453402,1,UberXL,Hatchback,Rainy,High,2.0,21.21
0,1,13.52844684,1,UberX,SUV,Clear,Very Heavy,2.0,40.71
0,0,20.67882585,3,UberX,Sedan,Clear,High,1.0,40.2
0,0,5.059983846,1,UberX,Sedan,Clear,Low,2.5,27.25
0,0,2.237323392,1,UberXL,Van,Cloudy,High,1.0,7.69
0,0,7.158922987,2,Lyft,Sedan,Clear,High,2.0,30.96
0,0,20.71188929,1,Standard,Sedan,Clear,High,1.0,37.64
1,0,19.29892967,3,UberXL,Van,Cloudy,Very Heavy,1.0,40.52
1,0,14.26104545,1,UberX,Hatchback,Rainy,Medium,1.5,33.38
0,1,13.66796665,1,Lyft,Hatchback,Clear,High,2.0,38.96
0,0,22.56577795,1,Lyft,Sedan,Clear,Low,1.0,36.93
0,1,20.34183482,1,UberX,Sedan,Clear,Medium,1.0,40.56
0,1,22.41385212,1,LyftPlus,Sedan,Clear,Medium,1.0,42.3
0,1,20.71330164,1,LyftPlus,SUV,Rainy,Very Heavy,1.5,47.73
0,0,17.3213029,1,UberXL,Sedan,Clear,Very Heavy,1.0,33.0
0,0,12.21196023,4,Lyft,Sedan,Cloudy,High,1.5,33.14
1,0,22.94458688,1,Lyft,Sedan,Clear,Low,1.0,34.82
0,1,24.07489986,1,Lyft,Hatchback,Clear,Medium,1.0,39.85
0,0,3.740293499,1,UberX,Hatchback,Snowy,High,1.0,13.81
0,1,3.081076329,1,UberX,SUV,Clear,Low,1.5,15.34
0,1,23.4090492,1,UberX,Sedan,Cloudy,Low,2.0,52.86
0,1,7.266274867,1,Lyft,Hatchback,Rainy,High,1.0,19.63
0,0,21.51902501,3,UberXL,SUV,Clear,Low,2.0,49.09
0,0,12.26286001,1,UberXL,SUV,Clear,Low,2.5,35.74
0,0,6.015963072,1,Lyft,Van,Clear,Medium,1.5,19.46
0,1,4.929438366,1,UberX,Sedan,Cloudy,Very Heavy,2.0,27.13
0,1,7.927472871,1,Lyft,SUV,Clear,High,1.0,20.32
1,0,8.802180036,1,UberXL,Hatchback,Clear,Very Heavy,1.0,24.06
0,0,13.17024895,2,UberX,Sedan,Clear,High,1.0,26.1
1,1,17.7330186,1,UberX,Sedan,Rainy,Medium,1.5,38.79
0,1,24.46905372,1,Standard,Van,Clear,Very Heavy,2.0,57.25
0,0,12.26295335,1,Lyft,Sedan,Clear,Medium,1.0,24.36
0,0,15.35305023,4,UberX,SUV,Snowy,Medium,1.5,34.87
0,0,14.90139261,1,Standard,Hatchback,Clear,Medium,1.5,32.5
0,1,14.54788271,1,Lyft,Sedan,Clear,High,1.0,30.78
0,0,14.10869065,1,UberX,Sedan,Rainy,Very Heavy,1.0,33.33
0,1,3.89628634,2,UberX,Sedan,Cloudy,Medium,1.5,17.84
0,0,4.048888194,1,UberX,Sedan,Clear,Medium,1.0,12.99
1,1,3.305257347,1,Lyft,Hatchback,Clear,High,1.0,13.7
0,0,5.063032772,2,Lyft,Hatchback,Clear,Low,1.0,10.95
0,1,18.59922342,1,UberX,Sedan,Clear,High,1.5,40.09
1,0,8.056291096,1,UberXL,Sedan,Rainy,Medium,1.0,19.63
0,1,22.79670274,1,UberX,Sedan,Clear,Medium,2.0,49.14
0,0,23.83653917,2,UberX,Sedan,Rainy,Medium,1.0,41.37
0,1,24.23269429,1,UberXL,SUV,Clear,Medium,1.0,44.46
0,1,4.194139045,1,UberX,Sedan,Cloudy,High,1.0,18.11
1,0,24.44398381,4,UberXL,Hatchback,Clear,Very Heavy,1.5,48.64
0,0,9.797449071,1,Standard,Sedan,Cloudy,Medium,1.0,18.9
0,0,14.86692432,1,UberX,Hatchback,Clear,High,1.0,29.24
0,1,7.689800158,2,UberX,SUV,Rainy,High,1.0,21.31
0,0,19.76488485,1,UberX,Hatchback,Clear,Medium,1.5,36.88
1,1,22.0380624,1,UberXL,Hatchback,Clear,Medium,1.0,38.72
0,0,22.84822109,1,Lyft,Sedan,Cloudy,High,1.0,42.06
1,1,12.89030599,1,Lyft,SUV,Clear,Low,1.0,24.02
0,0,19.74699272,3,UberXL,SUV,Clear,Medium,1.0,35.87
0,1,4.89484898,1,UberX,SUV,Rainy,Very Heavy,1.0,17.2
0,0,5.153283749,1,UberX,SUV,Rainy,Medium,1.0,14.78
1,1,3.229566097,3,UberX,Sedan,Clear,Medium,1.0,9.25
1,1,19.86527408,1,Lyft,Sedan,Clear,Medium,1.0,37.67
0,0,12.29120468,1,UberX,SUV,Clear,Low,1.0,23.59
0,0,23.64956763,1,Lyft,Sedan,Cloudy,Medium,1.0,38.58
0,1,6.756233928,1,Lyft,Van,Clear,Low,1.5,19.58
0,0,19.13320261,1,UberX,SUV,Rainy,Low,1.0,31.93
0,1,13.68088219,1,UberXL,Sedan,Clear,Medium,1.0,27.71
1,0,21.72576619,1,Standard,Sedan,Clear,Medium,1.5,43.02
0,0,20.00173948,1,UberX,SUV,Clear,Low,1.0,31.15
0,0,23.42908432,1,UberX,Sedan,Rainy,Low,1.0,39.93
0,1,9.328218094,1,UberXL,SUV,Clear,Low,1.0,21.06
0,0,24.88363509,1,Lyft,Sedan,Clear,Medium,1.0,43.21
0,0,9.850349441,1,UberX,SUV,Clear,Low,1.0,18.47
0,0,5.141906857,1,Standard,Sedan,Clear,Medium,1.5,19.36
1,0,13.09958904,1,Lyft,SUV,Clear,Medium,1.0,27.01
1,0,9.024844054,1,LyftPlus,Sedan,Clear,Medium,1.0,18.24
0,1,21.43790433,1,UberX,Sedan,Rainy,High,2.0,52.67
0,0,13.04225322,1,LyftPlus,Sedan,Clear,Medium,1.0,23.94
1,0,22.02311767,1,UberX,Sedan,Clear,Low,1.0,36.29
0,0,17.6270704,1,UberX,Sedan,Snowy,Medium,1.0,33.33
0,0,6.533913448,3,Standard,Sedan,Clear,Very Heavy,2.5,31.12
1,1,25.05541506,2,UberX,Sedan,Cloudy,Very Heavy,1.0,49.83
0,1,4.547173904,1,Standard,Hatchback,Clear,Medium,1.0,14.47
0,0,24.08597818,1,UberXL,SUV,Clear,Low,1.0,39.83
1,1,10.06150052,1,Standard,Van,Clear,Medium,1.0,22.08
1,0,14.51303696,3,UberXL,Sedan,Clear,Medium,1.0,26.38
0,1,11.98223782,3,Lyft,Sedan,Clear,Medium,1.0,27.58
1,0,6.586732893,1,UberX,SUV,Clear,Medium,1.0,13.26
0,1,11.84364852,2,UberXL,Sedan,Rainy,Low,2.5,42.68
1,0,7.101322057,1,Lyft,SUV,Clear,Low,1.5,19.68
0,1,8.669037905,1,Lyft,Van,Clear,Medium,1.5,25.54
1,0,7.005396755,2,UberX,SUV,Clear,Very Heavy,1.0,19.23
0,1,12.57874293,1,UberXL,SUV,Rainy,Low,1.0,27.49
0,1,19.28373363,2,UberXL,Hatchback,Clear,High,1.0,36.58
0,1,15.34560473,1,UberX,Hatchback,Clear,Medium,1.0,31.15
1,0,23.56628477,1,UberXL,SUV,Cloudy,Medium,1.0,40.5
1,0,16.3388868,1,LyftPlus,Sedan,Snowy,High,1.0,34.66
0,0,18.89726903,1,UberX,Van,Clear,Medium,1.0,30.74
0,0,17.7880943,1,UberXL,Sedan,Clear,Medium,1.0,30.77
0,0,13.49431203,1,Standard,Sedan,Clear,Medium,1.0,27.42
0,0,17.87576692,1,UberX,Van,Cloudy,Low,1.0,32.36
0,1,4.716580373,1,Lyft,Hatchback,Rainy,Medium,2.0,28.3
0,0,22.85547556,2,Lyft,Sedan,Cloudy,Medium,1.0,41.74
1,0,20.09469572,1,Lyft,Sedan,Rainy,Low,2.0,44.94
1,1,7.870204301,1,Lyft,Hatchback,Clear,Medium,2.0,28.04
0,1,18.07896861,1,Lyft,Sedan,Clear,Low,1.5,38.65
0,0,3.819669727,1,UberX,Sedan,Clear,Low,2.5,25.6
1,0,7.007770001,1,UberXL,Van,Clear,High,1.0,18.99
0,1,3.912470134,1,Lyft,SUV,Clear,Low,1.0,11.81
1,0,19.09413487,1,UberX,Hatchback,Snowy,Medium,1.5,41.59
0,0,19.39914656,1,UberX,Hatchback,Clear,Very Heavy,1.0,38.74
0,1,22.99753644,1,LyftPlus,Hatchback,Clear,Low,1.0,37.3
0,0,3.450636363,6,Lyft,Van,Clear,Medium,1.0,12.62
0,1,13.38298183,1,UberXL,SUV,Rainy,Medium,1.0,28.84
0,1,18.05009295,2,Standard,Hatchback,Clear,Medium,2.0,43.96
0,0,4.980095082,1,Lyft,Hatchback,Clear,Medium,1.0,14.51
0,0,16.16478408,1,Standard,Van,Cloudy,Medium,1.0,30.78
0,1,3.560905466,1,Standard,Hatchback,Cloudy,Low,2.0,21.63
0,0,7.259500917,3,UberXL,Hatchback,Rainy,Low,1.0,15.0
0,0,13.91424183,1,Lyft,Sedan,Rainy,High,2.0,37.47
1,0,17.45603183,1,Lyft,Sedan,Clear,Low,2.5,45.45
0,0,6.578961484,1,LyftPlus,Sedan,Rainy,High,2.0,28.6
0,0,6.308710188,1,Lyft,Sedan,Clear,High,1.0,17.56
0,0,6.349543241,3,UberX,Sedan,Clear,Low,1.5,18.06
0,0,7.096800879,2,UberX,Sedan,Clear,Low,1.0,14.41
0,0,6.785258596,2,UberX,Van,Clear,Medium,1.0,15.18
0,0,12.05195509,1,LyftPlus,Sedan,Clear,Medium,1.0,24.51
0,0,14.01369835,3,LyftPlus,SUV,Clear,High,1.0,31.36
0,0,6.95272596,1,UberXL,Hatchback,Clear,Low,1.5,18.19
1,1,17.04142651,1,Lyft,Sedan,Clear,Low,1.0,27.81
0,0,12.83959261,2,LyftPlus,Sedan,Rainy,Medium,1.0,27.24
0,0,19.79241797,1,UberX,Sedan,Clear,Low,1.0,33.56
0,0,19.15685733,1,UberX,Sedan,Cloudy,Medium,1.5,36.06
1,0,5.20820123,1,UberXL,Van,Clear,Medium,1.5,15.88
0,0,3.394181202,1,Standard,Hatchback,Rainy,Medium,1.0,11.08
0,0,22.13237404,1,Lyft,Hatchback,Rainy,Medium,1.0,41.51
0,1,5.082844895,1,UberX,Hatchback,Snowy,Medium,1.0,16.33
1,1,7.545954013,2,UberX,Sedan,Clear,Medium,1.0,18.42
0,0,3.863567438,2,Lyft,Hatchback,Clear,Medium,1.0,8.54
0,0,16.57124319,3,LyftPlus,Hatchback,Clear,Medium,1.5,36.69
0,0,16.64294631,1,Lyft,Van,Clear,Medium,1.0,28.05
0,0,6.000100897,2,UberXL,Sedan,Clear,Low,1.0,15.86
0,0,24.40853374,2,UberX,Sedan,Cloudy,Low,1.5,44.69
0,0,22.36655972,1,Standard,Sedan,Clear,Low,1.0,38.22
1,0,11.61144689,1,UberX,Sedan,Clear,Low,1.0,21.72
1,0,11.99579181,1,UberX,SUV,Clear,Medium,2.0,31.49
0,0,9.604935325,1,LyftPlus,Sedan,Clear,Low,1.0,19.22
0,0,4.94743331,1,Standard,SUV,Cloudy,Medium,1.5,14.89
0,1,6.443999275,1,Lyft,SUV,Cloudy,Medium,1.5,21.68
0,0,7.39987686,1,Lyft,Sedan,Clear,Medium,1.0,17.26
0,1,7.079126765,1,UberX,Sedan,Clear,High,1.0,18.31
0,1,7.812157837,1,UberX,Van,Cloudy,Medium,1.0,17.75
0,1,9.050100183,2,UberX,Hatchback,Clear,Low,1.0,21.79
1,0,26.05260544,2,Lyft,SUV,Rainy,Low,1.0,44.39
0,1,17.29311524,1,UberX,Hatchback,Cloudy,Low,1.0,30.91
0,0,25.19440974,1,LyftPlus,Sedan,Clear,Medium,1.5,45.98
0,0,9.482080492,1,UberX,Sedan,Clear,Low,2.0,27.62
1,1,12.46146533,1,UberXL,Sedan,Clear,Medium,1.0,25.42
0,0,6.906441314,1,UberXL,SUV,Cloudy,High,1.0,17.13
0,0,11.95308679,2,Lyft,SUV,Clear,Low,1.0,24.46
0,1,5.497948395,1,UberX,Sedan,Clear,Very Heavy,1.5,25.8
1,0,7.953272167,2,LyftPlus,Sedan,Rainy,High,1.0,20.86
1,0,23.68621752,2,UberXL,Hatchback,Cloudy,High,1.0,43.66
0,0,23.51213565,1,Lyft,SUV,Clear,High,1.0,39.53
1,0,4.974807358,1,Lyft,Van,Clear,Low,1.0,10.7
1,0,6.9371034,1,UberX,Sedan,Clear,Low,1.5,19.41
0,0,11.05130737,1,Lyft,SUV,Clear,Low,1.0,19.85
0,0,7.074093421,1,Lyft,Hatchback,Clear,Low,1.0,13.11
1,1,12.38093705,5,LyftPlus,Hatchback,Cloudy,Medium,1.0,26.89
0,1,5.430216174,2,LyftPlus,Sedan,Clear,High,2.0,27.4
0,0,14.72298712,3,UberX,Sedan,Clear,Medium,1.0,29.5
0,0,8.232498706,1,UberX,Sedan,Clear,Low,1.0,17.32
0,1,9.119884848,1,UberX,SUV,Clear,High,1.5,27.03
0,0,5.120094049,1,Standard,SUV,Rainy,Low,1.0,14.83
0,1,10.95817442,1,UberX,SUV,Rainy,Medium,1.0,23.99
1,0,24.75655473,1,Lyft,Sedan,Rainy,Medium,1.0,44.73
1,0,10.23947017,1,Lyft,Sedan,Rainy,High,2.5,38.39
0,0,21.52251751,1,Lyft,Sedan,Rainy,Medium,1.0,37.86
0,1,23.4290636,3,UberX,Hatchback,Clear,Medium,1.0,45.93
0,0,23.94130953,4,UberX,Hatchback,Clear,Low,1.0,39.8
0,0,21.24677462,1,UberXL,Sedan,Rainy,Very Heavy,1.0,41.07
0,0,18.43984803,3,UberX,SUV,Clear,Medium,1.0,32.87
1,0,23.605869,1,UberX,Sedan,Clear,High,1.5,47.18
1,0,3.454764307,1,UberX,SUV,Clear,Very Heavy,1.0,14.95
1,0,11.42480184,2,Lyft,Sedan,Clear,Medium,2.0,31.01
0,0,26.48765797,1,UberX,Hatchback,Clear,Medium,1.0,45.3
0,1,20.51232427,3,UberX,SUV,Rainy,Low,1.5,44.89
1,1,24.29196933,1,UberX,Sedan,Clear,Medium,1.5,45.62
1,0,20.01865827,3,UberX,Sedan,Cloudy,High,1.0,40.05
0,1,21.9367564,6,UberXL,Sedan,Clear,Low,1.5,45.96
0,0,19.40481815,1,UberX,Sedan,Clear,Very Heavy,1.0,38.14
1,0,18.28727404,1,Lyft,Van,Clear,High,1.0,30.52
1,1,14.98724767,1,UberX,SUV,Clear,Medium,1.0,31.78
0,0,24.36454548,1,Standard,SUV,Cloudy,Medium,1.0,44.84
0,0,21.89410814,1,UberX,SUV,Clear,Low,1.5,41.22
0,0,21.49407861,2,Standard,SUV,Clear,Low,1.0,35.06
1,0,17.80353803,1,LyftPlus,Sedan,Clear,Medium,1.0,28.18
1,0,10.98645211,5,Lyft,Sedan,Clear,Medium,1.0,21.38
0,1,4.365775688,2,Standard,SUV,Clear,Very Heavy,1.0,17.95
1,0,25.33959385,1,UberX,Hatchback,Clear,Medium,2.5,57.66
0,0,14.15195097,1,UberX,Van,Clear,Medium,1.5,29.15
0,0,10.46586105,1,UberX,Sedan,Rainy,Low,1.0,23.39
0,1,5.469703639,1,UberX,Sedan,Rainy,High,1.0,17.3
0,0,21.17659867,1,UberX,Hatchback,Clear,Medium,1.0,34.3
1,0,22.77945076,1,Lyft,SUV,Clear,Medium,1.0,39.44
0,1,19.91682319,1,UberX,Van,Rainy,Very Heavy,1.0,42.64
0,0,19.30743241,1,UberX,Sedan,Rainy,High,1.0,35.3
0,0,12.15799925,2,UberX,Sedan,Clear,High,2.0,34.89
1,1,10.26875921,2,Lyft,Sedan,Clear,Very Heavy,1.0,27.96
1,0,2.256168077,1,Standard,Sedan,Clear,Medium,1.0,6.1
0,0,21.15963993,1,UberXL,Sedan,Clear,High,2.0,48.87
1,0,11.6416219,2,UberXL,Sedan,Clear,Medium,1.0,22.34
0,0,3.691206819,5,UberX,SUV,Clear,Low,1.0,11.49
0,1,17.9703756,1,Lyft,Hatchback,Cloudy,Very Heavy,1.0,35.83
1,0,13.6852835,1,UberX,Sedan,Clear,Low,1.0,24.43
0,0,14.41161798,1,Standard,Sedan,Clear,Medium,1.5,29.89
0,0,23.26264531,1,UberXL,Van,Rainy,Low,1.0,37.59
0,1,3.481354145,1,UberX,Sedan,Rainy,Medium,1.5,16.76
0,1,20.54508773,1,Standard,SUV,Clear,Medium,2.0,47.04
1,1,3.522479787,1,Standard,Hatchback,Clear,Medium,1.0,12.18
0,1,4.857697925,1,Lyft,Sedan,Clear,Very Heavy,1.0,19.05
0,1,11.86004265,1,UberX,Hatchback,Clear,Low,1.0,23.63
0,0,4.359127377,1,Lyft,SUV,Clear,High,1.0,14.98
1,0,19.05457332,3,UberX,Sedan,Clear,Low,1.0,32.88
1,1,15.72205204,1,UberX,Hatchback,Clear,Low,1.0,30.16
0,0,4.964673935,4,UberX,SUV,Rainy,Medium,1.0,14.42
0,1,4.606886605,1,UberXL,SUV,Clear,High,2.0,25.48
0,1,16.64912192,1,Lyft,SUV,Clear,Low,1.0,29.76
0,0,20.69831639,1,UberX,Sedan,Clear,Medium,1.0,35.17
0,1,11.06935483,1,Standard,Sedan,Rainy,Medium,2.0,33.96
0,0,13.84603311,1,UberX,Sedan,Cloudy,Very Heavy,1.0,26.94
1,0,21.34674402,1,UberX,Sedan,Rainy,Medium,1.0,39.72
1,1,16.25036074,2,Lyft,Sedan,Snowy,Medium,2.0,45.78
0,0,6.585500451,2,LyftPlus,Sedan,Clear,High,1.0,15.57
0,0,15.08180412,1,Standard,Sedan,Clear,Medium,1.0,27.65
0,0,17.45706102,2,Lyft,Sedan,Clear,Very Heavy,1.0,36.26
0,1,20.02432806,1,UberX,SUV,Clear,Very Heavy,1.0,41.02
0,1,15.12531277,1,Standard,Sedan,Clear,Medium,1.0,29.04
0,1,24.47538953,1,Standard,SUV,Clear,Medium,1.0,44.21
0,0,7.728230509,1,UberX,SUV,Clear,Low,1.0,17.18
0,0,23.34033449,1,Lyft,Hatchback,Clear,Very Heavy,1.0,43.04
0,1,16.0832021,1,Lyft,SUV,Snowy,Medium,2.0,45.2
0,0,17.43828307,1,UberXL,Van,Clear,High,1.0,33.6
0,1,3.471297621,1,Standard,SUV,Clear,Medium,1.0,12.5
0,0,11.17802935,1,UberX,Sedan,Clear,Medium,2.0,33.7
0,0,21.29431062,1,Lyft,Sedan,Cloudy,Low,1.0,34.67
0,0,9.654545252,1,UberX,SUV,Rainy,Medium,1.0,22.17
1,0,3.953121497,1,UberXL,SUV,Clear,Low,1.0,8.4
0,1,19.18025034,3,Lyft,Sedan,Clear,Low,2.5,51.26
1,1,4.141468255,1,UberX,SUV,Clear,Low,1.5,18.49
0,0,15.02214258,1,UberX,Sedan,Clear,Medium,2.0,39.17
1,0,5.419244615,1,Standard,Van,Snowy,Medium,1.0,17.33
0,1,24.21715178,2,Lyft,Sedan,Clear,Medium,1.0,43.0
0,0,22.14050537,1,Lyft,SUV,Clear,Low,1.0,37.22
0,0,4.191294723,1,UberX,Van,Cloudy,Medium,2.0,22.07
0,1,20.92390248,1,UberXL,Hatchback,Clear,High,1.0,39.08
1,0,9.614905926,6,Lyft,SUV,Clear,Medium,1.0,22.82
0,1,24.4568204,1,LyftPlus,Hatchback,Clear,Very Heavy,1.0,46.42
0,1,9.633944708,1,UberX,SUV,Rainy,Low,1.0,20.48
0,0,20.30484606,1,Lyft,Sedan,Clear,High,1.0,37.44
1,0,12.8784762,1,UberX,Hatchback,Clear,Medium,1.0,25.2
0,1,18.79990217,1,UberX,Sedan,Clear,Medium,1.0,30.93
1,1,10.62040981,2,UberXL,Sedan,Cloudy,Medium,1.0,27.58
0,0,9.919118331,1,UberX,Sedan,Clear,Medium,1.0,24.32
1,0,12.05608238,1,UberX,Hatchback,Clear,Medium,1.0,21.43
0,0,2.550407962,1,Lyft,Sedan,Clear,Medium,1.0,9.65
0,0,7.129593656,1,UberXL,SUV,Rainy,Low,1.0,14.24
0,1,20.57795663,1,Lyft,Sedan,Cloudy,Medium,2.5,50.42
0,0,11.63117765,1,Lyft,Sedan,Clear,High,1.0,22.76
0,0,13.4772483,1,Lyft,Van,Cloudy,Medium,1.0,23.19
0,1,22.09164445,1,UberX,Sedan,Clear,Low,1.0,39.14
1,1,13.28910629,1,UberX,Sedan,Clear,Low,1.0,26.65
0,0,15.98137958,3,Lyft,Sedan,Cloudy,Low,1.0,31.41
0,0,23.5754122,1,UberX,SUV,Clear,Low,2.0,48.58
1,1,23.82522637,3,LyftPlus,Hatchback,Rainy,Low,1.0,45.13
0,0,6.037070969,1,UberXL,Hatchback,Cloudy,Low,1.5,18.19
0,0,14.84894143,1,UberX,Sedan,Clear,Medium,2.0,37.41
0,0,7.694263068,1,Lyft,SUV,Clear,Medium,1.0,14.89
0,0,24.69876509,1,Standard,SUV,Cloudy,Very Heavy,1.0,44.69
0,0,12.17431608,1,UberX,SUV,Clear,Very Heavy,1.0,25.26
0,0,11.68611139,2,UberX,Hatchback,Clear,Low,1.0,22.31
0,0,8.361325128,5,LyftPlus,Hatchback,Clear,Low,1.5,19.63
0,0,4.059122966,1,UberX,Sedan,Clear,Medium,1.5,17.32
0,0,4.592798038,3,UberX,Sedan,Rainy,Low,1.0,12.94
0,0,19.34994305,1,UberX,Hatchback,Clear,Medium,1.0,32.68
1,1,19.17515181,4,UberXL,SUV,Rainy,Medium,1.0,39.93
1,1,25.28906975,1,Lyft,Sedan,Cloudy,Medium,1.0,45.3
0,1,19.50295179,2,UberXL,SUV,Clear,High,1.0,38.39
0,1,7.590281746,1,Standard,Sedan,Clear,High,1.5,26.6
0,0,4.823021301,3,Lyft,SUV,Rainy,Very Heavy,1.0,15.7
0,0,10.95454549,1,Standard,Sedan,Rainy,Low,1.0,20.0
0,0,23.68290405,1,UberXL,SUV,Clear,High,1.0,40.74
1,0,10.50827643,1,UberX,Sedan,Clear,Medium,1.5,27.86
1,0,11.83373673,2,Standard,Hatchback,Clear,Medium,2.0,34.44
0,0,10.02505284,1,UberX,Hatchback,Clear,High,1.5,26.0
0,1,21.31517048,1,Lyft,SUV,Clear,Very Heavy,1.0,42.83
0,0,16.55713271,1,UberX,Sedan,Rainy,High,1.0,34.25
1,0,7.134567541,2,Lyft,Sedan,Clear,Medium,1.0,16.93
1,1,23.68087597,1,Standard,Sedan,Snowy,Medium,1.0,46.85
0,1,24.47428522,1,UberX,Sedan,Rainy,Medium,2.5,60.82
0,1,6.050873916,3,UberX,Sedan,Clear,High,1.0,18.86
0,0,21.5517266,1,UberX,Hatchback,Clear,High,1.0,39.57
0,1,10.90261303,1,UberXL,Van,Rainy,Medium,1.5,29.74
0,0,12.6120292,1,UberX,Sedan,Rainy,Medium,1.0,25.22
1,0,22.46635996,3,Lyft,Sedan,Snowy,Low,1.0,41.66
0,1,24.59161246,1,UberX,Hatchback,Clear,Very Heavy,1.0,45.07
0,1,8.868050526,1,UberX,SUV,Clear,Low,1.0,17.77
0,0,8.294352747,3,UberXL,Sedan,Cloudy,Medium,1.5,23.4
0,0,6.015511693,1,UberXL,Van,Clear,High,1.5,20.6
0,1,15.3882193,2,UberX,SUV,Rainy,Medium,1.0,32.6
1,0,3.367027094,1,Lyft,SUV,Clear,High,1.0,11.37
0,1,13.1746468,1,LyftPlus,SUV,Rainy,Medium,1.0,29.96
0,1,4.845463781,1,UberX,Sedan,Clear,Low,1.0,12.52
1,0,10.99180948,1,UberX,SUV,Rainy,Medium,1.0,22.51
0,0,3.356376744,1,Lyft,Sedan,Clear,High,1.5,16.64
1,1,19.24488028,1,UberX,SUV,Snowy,Medium,1.0,39.48
0,0,6.677520511,4,UberX,Sedan,Clear,Medium,1.0,17.66
0,1,8.532472602,1,Lyft,Sedan,Clear,Medium,1.0,16.76
1,1,22.49205708,2,UberX,Sedan,Clear,Low,1.0,37.85
0,1,20.62938356,1,UberX,Sedan,Cloudy,Medium,1.0,39.91
1,1,6.877995084,1,Standard,Sedan,Clear,Low,1.0,15.35
0,1,3.678152847,2,UberX,Hatchback,Clear,Low,1.0,8.96
0,0,19.68796535,1,Standard,Sedan,Clear,Medium,1.0,36.51
0,0,11.144569,3,UberX,Hatchback,Clear,Medium,1.0,24.38
0,0,20.11050724,1,LyftPlus,Hatchback,Clear,Low,2.0,41.89
0,0,13.53961826,1,UberXL,Sedan,Clear,High,1.0,24.9
0,0,9.903976012,1,UberX,Sedan,Rainy,Medium,1.0,26.58
0,0,12.23786011,1,Lyft,Hatchback,Clear,Very Heavy,1.0,25.08
0,1,18.96191207,1,LyftPlus,SUV,Rainy,Medium,1.0,39.37
1,0,21.29528908,2,UberX,Hatchback,Cloudy,Low,1.0,38.81
0,0,4.581555011,1,Lyft,SUV,Cloudy,High,1.5,16.84
0,0,15.13132282,1,UberXL,SUV,Rainy,Medium,1.5,33.43
0,0,3.802068221,2,Lyft,Hatchback,Clear,Medium,1.0,12.25
0,0,14.66468673,2,Lyft,Sedan,Rainy,Medium,1.0,27.25
0,0,22.21503692,1,UberX,SUV,Clear,Low,1.0,34.92
0,0,11.57257577,1,UberX,Sedan,Clear,Medium,1.0,21.72
0,0,23.99974369,1,UberXL,Sedan,Rainy,Low,1.0,41.06
1,0,4.200888075,1,Standard,Sedan,Cloudy,Medium,2.0,23.14
0,1,18.02825292,1,UberX,SUV,Clear,High,1.0,36.19
0,0,23.67959275,6,Lyft,Hatchback,Clear,High,1.0,44.58
0,1,8.974609111,1,UberX,Sedan,Clear,Low,1.0,18.29
0,0,18.35673233,1,Lyft,Hatchback,Clear,High,1.0,32.56
0,1,5.385327068,3,Lyft,Sedan,Rainy,Medium,1.0,19.95
0,0,7.624736616,1,Lyft,Sedan,Clear,Low,1.5,20.35
1,0,10.82029842,3,Standard,Van,Clear,High,1.0,24.31
0,0,8.151849502,1,UberX,Sedan,Clear,Medium,1.0,17.46
0,0,14.08335196,1,UberX,Sedan,Cloudy,Medium,2.0,36.34
0,0,11.89313056,3,Standard,Sedan,Rainy,Low,2.0,34.45
0,1,23.54039514,1,UberX,Sedan,Cloudy,Medium,2.0,52.72
0,1,13.48106535,2,Lyft,Sedan,Clear,Low,1.0,25.91
0,1,19.43091148,1,Lyft,Sedan,Cloudy,High,2.0,47.05
0,0,22.76704663,2,Lyft,SUV,Clear,Medium,1.5,45.15
0,1,22.14670972,1,UberX,Sedan,Cloudy,Medium,2.0,52.41
0,0,8.059995532,1,UberX,SUV,Clear,Low,2.0,25.75
0,1,13.18438535,1,Lyft,Hatchback,Clear,High,2.0,40.78
1,1,11.04099659,1,UberX,Sedan,Clear,Medium,1.0,22.72
0,0,11.83175347,1,Lyft,SUV,Clear,Medium,1.0,25.82
1,0,11.09418604,1,UberXL,Sedan,Clear,High,1.0,23.41
0,0,18.77515883,1,UberX,Sedan,Cloudy,Low,1.0,27.6
0,1,12.96297418,1,UberX,Hatchback,Clear,Medium,1.0,29.21
0,0,14.27058465,2,Standard,SUV,Clear,Medium,1.0,25.73
0,1,25.0041906,1,UberXL,Sedan,Clear,Medium,1.0,44.42
1,1,3.665740628,1,Lyft,Sedan,Clear,Low,1.0,12.02
0,1,13.36412257,1,Standard,Sedan,Rainy,Medium,1.0,29.05
0,0,20.56246116,1,Lyft,Hatchback,Clear,Medium,1.0,35.92
1,1,7.771281192,3,Standard,Hatchback,Cloudy,Very Heavy,1.5,27.2
1,0,15.12912201,1,UberX,Sedan,Clear,Medium,2.0,36.67
0,0,8.781372354,1,LyftPlus,Sedan,Cloudy,Low,1.0,18.9
0,0,23.30282347,1,UberX,Sedan,Clear,High,1.0,39.48
0,0,12.69470497,2,LyftPlus,Hatchback,Cloudy,Medium,1.0,24.87
0,1,11.34872965,1,LyftPlus,SUV,Clear,Medium,1.0,24.84
1,0,9.695860219,2,UberX,Sedan,Rainy,Medium,1.5,25.41
0,0,17.39703722,1,UberXL,Sedan,Clear,Medium,1.0,32.0
0,0,6.31392181,2,Lyft,Sedan,Clear,Medium,1.0,16.24
0,0,9.322678261,1,UberX,Sedan,Clear,Low,1.5,22.71
1,1,11.66350995,4,Lyft,Hatchback,Rainy,High,2.5,46.03
1,0,10.31783781,1,UberX,Sedan,Clear,Low,1.0,18.86
0,0,3.278646033,1,Standard,Hatchback,Clear,Medium,1.0,8.5
1,1,12.57548363,2,UberX,SUV,Rainy,Low,1.0,26.33
1,0,17.36886655,1,Lyft,Sedan,Rainy,High,1.0,32.21
0,0,13.66768314,1,UberX,SUV,Snowy,Medium,2.0,41.82
1,1,17.64214546,5,UberX,Sedan,Clear,High,2.0,46.5
1,1,8.471453729,1,UberXL,Sedan,Clear,High,1.0,18.18
0,1,4.932822738,1,UberXL,Van,Clear,Low,1.5,17.17
0,0,20.4220685,1,UberX,SUV,Rainy,Medium,1.0,37.13
0,0,21.87920241,1,LyftPlus,Sedan,Cloudy,Medium,1.0,36.2
1,0,8.526996694,2,UberX,Sedan,Snowy,Medium,1.0,19.55
1,1,13.10067725,1,Lyft,Sedan,Cloudy,Low,1.5,30.08
1,0,13.67884832,1,UberXL,Sedan,Cloudy,High,1.5,33.08
0,0,15.963168,1,UberXL,Sedan,Snowy,High,1.0,34.57
0,0,16.43933978,1,UberX,Sedan,Clear,Medium,1.0,30.93
1,0,2.725480488,3,Lyft,SUV,Cloudy,High,1.0,10.8
0,0,18.73432767,3,UberXL,Hatchback,Rainy,Medium,1.5,37.24
1,0,4.366638061,1,UberX,Sedan,Clear,Low,1.0,12.52
0,0,12.44396037,1,UberX,SUV,Clear,Medium,1.0,23.14
1,1,20.93265953,3,UberX,Sedan,Clear,Medium,1.5,43.74
0,0,14.29150165,1,UberX,Sedan,Rainy,Low,1.0,28.9
1,1,5.885582846,1,UberX,SUV,Rainy,Medium,1.0,17.46
1,0,22.73437532,1,UberX,Hatchback,Clear,Very Heavy,2.0,52.94
1,0,20.82094876,1,Lyft,Sedan,Rainy,Medium,1.0,38.25
0,1,22.05552555,2,UberX,Sedan,Clear,High,1.0,40.38
0,1,13.50383096,1,UberX,Van,Cloudy,Low,1.0,24.67
0,0,6.608604021,4,UberX,Hatchback,Rainy,Low,1.0,16.68
0,0,24.52163979,1,Lyft,Sedan,Snowy,High,1.0,45.96
1,1,14.97214339,1,UberX,Sedan,Clear,Medium,1.0,28.68
0,1,23.02232551,5,Lyft,Van,Cloudy,High,1.0,44.84
0,0,9.45486784,2,Lyft,Sedan,Clear,Low,1.0,18.02
0,0,9.333373942,2,Lyft,Sedan,Clear,Very Heavy,1.0,21.44
0,1,26.00125935,1,UberX,Sedan,Clear,Medium,1.0,47.29
0,1,12.98708408,2,UberXL,SUV,Rainy,Low,1.0,27.63
0,1,6.165102121,1,UberX,Sedan,Snowy,High,1.0,20.21
0,1,7.7881401,1,Standard,SUV,Clear,High,1.0,21.27
0,1,14.38703572,1,Lyft,Sedan,Cloudy,Low,1.0,29.63
0,0,4.074238255,1,UberXL,SUV,Clear,Very Heavy,1.0,13.98
0,0,13.04370799,2,Standard,Sedan,Clear,High,1.0,24.5
1,1,11.8361588,1,UberXL,Sedan,Clear,Medium,1.5,31.61
0,0,19.15059174,1,UberX,SUV,Clear,Low,1.0,34.38
0,0,10.64262546,1,UberX,Van,Snowy,Medium,1.0,25.72
0,1,25.78117217,1,UberXL,Hatchback,Rainy,Low,1.0,46.82
0,1,6.69100508,1,LyftPlus,Sedan,Clear,Medium,1.0,17.65
0,0,9.406260179,1,LyftPlus,SUV,Rainy,High,1.0,22.67
0,0,16.73271131,1,Lyft,SUV,Clear,High,1.0,31.54
0,1,5.449963931,1,UberX,SUV,Clear,Medium,1.5,18.18
0,0,18.98318442,5,Lyft,Hatchback,Clear,Low,1.0,32.46
0,0,24.25617207,1,Lyft,Van,Rainy,Very Heavy,1.0,44.86
0,1,22.70263841,1,UberXL,Sedan,Snowy,Medium,1.0,40.74
0,0,16.01906201,2,UberXL,Hatchback,Clear,Medium,1.0,27.66
0,0,13.52492947,1,Lyft,Sedan,Clear,Medium,1.5,29.78
0,0,23.06977417,3,LyftPlus,Hatchback,Clear,High,1.0,38.9
0,0,10.62903798,1,Lyft,Hatchback,Clear,Very Heavy,1.0,22.07
0,0,22.17093258,3,UberX,SUV,Rainy,Very Heavy,1.0,43.66
0,1,24.33602112,1,UberX,Hatchback,Clear,Very Heavy,2.0,55.11
1,0,12.45097038,1,LyftPlus,SUV,Rainy,Medium,1.0,24.77
0,0,26.3077519,1,LyftPlus,SUV,Clear,Low,1.0,43.04
0,0,8.791678571,1,UberX,Van,Clear,Medium,1.0,19.63
0,1,8.603662889,2,Lyft,Sedan,Clear,Low,1.0,17.5
1,0,5.574598554,1,Standard,Van,Clear,Low,1.0,11.6
0,0,8.366666792,1,Standard,Sedan,Cloudy,Low,1.0,13.13
0,0,19.00722743,1,Lyft,SUV,Clear,Low,2.0,42.45
0,0,20.07851224,2,UberX,Sedan,Clear,Medium,1.0,34.37
1,0,20.52563658,2,Lyft,Sedan,Rainy,Medium,1.0,39.0
0,1,18.1479554,1,UberX,SUV,Snowy,Medium,1.5,41.55
1,1,15.08314437,1,LyftPlus,Sedan,Cloudy,High,2.0,44.97
0,0,18.67863045,1,UberX,Van,Clear,High,1.0,37.21
1,0,12.82194882,1,Lyft,Sedan,Clear,Very Heavy,1.0,27.98
1,0,24.45954848,1,Lyft,Sedan,Rainy,Medium,2.0,54.13
0,1,17.06648978,1,Lyft,Hatchback,Cloudy,Medium,1.0,33.38
0,0,9.576417187,6,Lyft,Hatchback,Clear,Low,1.0,19.52
0,1,18.69410272,3,UberX,SUV,Clear,High,1.0,35.88
0,0,15.87310224,1,Lyft,Sedan,Clear,High,1.0,28.45
0,0,20.92770197,1,UberX,Hatchback,Clear,Low,1.5,38.64
0,1,9.37707303,6,UberX,Sedan,Clear,High,1.0,25.85
0,0,11.0481414,1,Standard,Van,Clear,Medium,1.0,21.21
1,0,20.44497956,1,Lyft,SUV,Clear,Low,1.0,30.7
0,0,12.92145592,3,Lyft,Hatchback,Clear,Medium,1.0,29.18
0,0,21.58216197,1,UberXL,Hatchback,Clear,Medium,1.5,41.68
1,0,9.516154042,1,Lyft,SUV,Clear,Low,1.0,20.9
0,0,11.79277264,1,Lyft,Hatchback,Clear,Medium,1.0,21.69
0,0,21.92786539,1,Lyft,SUV,Cloudy,High,1.0,39.72
0,0,13.48589598,1,Standard,Sedan,Clear,Medium,1.0,26.52
1,0,14.38424944,1,UberXL,Sedan,Rainy,Medium,1.0,27.83
0,0,9.140660133,1,Lyft,Sedan,Cloudy,Very Heavy,1.5,27.41
1,0,9.162821979,6,Lyft,Hatchback,Clear,Low,1.0,19.05
1,0,17.6678766,1,UberX,SUV,Clear,Medium,1.0,30.88
0,0,6.699126228,1,UberXL,SUV,Clear,Medium,1.0,16.95
0,0,6.494336621,1,Standard,Hatchback,Rainy,High,1.0,16.23
1,0,21.32452027,1,UberX,SUV,Clear,Medium,1.0,36.37
0,1,20.49729584,2,UberX,Sedan,Clear,High,1.0,42.38
0,1,4.979152896,1,UberXL,Sedan,Cloudy,Very Heavy,1.0,17.22
0,0,19.11967218,1,UberX,Sedan,Rainy,High,2.5,49.87
1,1,17.35522556,1,LyftPlus,Sedan,Clear,Low,1.5,37.06
1,0,4.388056873,1,UberX,Sedan,Rainy,High,1.0,14.98
0,0,8.671264014,1,UberX,SUV,Clear,High,1.0,19.98
0,0,11.10060778,1,LyftPlus,Sedan,Rainy,Low,1.0,22.35
1,0,9.658219625,1,UberX,Sedan,Clear,Medium,1.5,22.68
0,0,17.84341061,5,Lyft,Van,Rainy,High,2.0,47.72
1,0,9.956373529,2,LyftPlus,Van,Clear,Low,1.0,20.94
1,0,18.03923571,2,Lyft,SUV,Clear,Low,2.0,40.36
0,1,14.39542481,3,Lyft,Sedan,Clear,High,1.0,29.96
1,1,18.91758801,2,UberX,Hatchback,Rainy,High,1.0,39.27
0,0,19.47699227,3,UberX,SUV,Clear,Low,1.0,33.35
0,0,4.746754053,1,UberX,Sedan,Clear,Medium,1.5,16.79
1,0,16.50630701,1,UberX,SUV,Clear,Medium,1.0,31.76
0,0,19.6858051,2,UberXL,Sedan,Clear,High,1.5,41.39
0,0,10.71642224,1,UberX,Van,Rainy,Very Heavy,1.0,28.51
0,0,9.293426818,1,Lyft,Hatchback,Snowy,High,1.0,23.73
0,0,21.11849656,1,UberX,Sedan,Rainy,Medium,1.0,39.27
0,0,16.97873751,1,UberXL,Sedan,Cloudy,Very Heavy,1.0,37.09
1,1,22.05172696,1,UberX,Sedan,Clear,Low,1.0,38.89
0,0,9.566044503,1,UberX,Hatchback,Clear,Low,1.5,22.42
0,0,16.27034096,1,Lyft,Sedan,Clear,Medium,1.0,27.94
0,0,7.745064449,3,Lyft,Sedan,Snowy,Medium,1.0,19.04
0,0,13.80704517,2,LyftPlus,Sedan,Rainy,Low,1.0,25.63
1,0,9.892897533,2,LyftPlus,Sedan,Clear,Medium,1.5,24.56
0,0,19.1297881,3,Lyft,Van,Clear,High,1.0,33.25
0,1,14.16032129,1,Lyft,Van,Clear,High,2.0,39.47
0,0,22.95877197,1,UberX,Sedan,Clear,Low,2.0,44.1
1,0,18.58831359,1,UberX,Sedan,Rainy,Medium,1.0,36.6
0,0,17.96050512,4,LyftPlus,SUV,Clear,Medium,1.0,30.51
0,0,8.259725761,1,UberX,Hatchback,Cloudy,High,1.0,19.57
1,0,24.72558237,2,UberX,Sedan,Cloudy,Medium,1.0,43.11
1,0,4.667426872,1,UberX,Sedan,Cloudy,Very Heavy,1.0,17.21
0,0,20.96749173,4,UberX,Sedan,Cloudy,Low,1.0,36.86
1,1,18.63509124,1,Lyft,Sedan,Clear,Medium,2.0,45.0
0,1,9.52258853,2,UberX,Hatchback,Snowy,Low,1.5,28.46
0,0,14.76424635,1,UberXL,Sedan,Clear,Medium,1.0,26.01
0,1,3.310113138,1,UberX,Sedan,Cloudy,High,1.0,13.4
0,0,14.33160558,1,Lyft,Hatchback,Clear,Medium,1.0,29.82
0,0,7.130137128,6,Lyft,Hatchback,Clear,Medium,1.5,22.41
0,0,16.51006147,1,UberX,Sedan,Clear,High,1.0,32.13
0,0,16.74443691,4,Lyft,Sedan,Clear,Medium,1.0,30.04
1,0,11.01931226,2,UberX,Hatchback,Cloudy,Low,1.0,22.31
0,0,13.24800559,2,Lyft,SUV,Cloudy,High,1.0,27.58
1,0,21.70598409,1,Lyft,SUV,Clear,Low,1.0,35.65
0,0,6.53103817,1,Standard,Sedan,Clear,Low,1.0,11.04
0,0,22.04733176,1,UberX,Sedan,Rainy,Medium,1.0,41.28
1,1,5.068123289,4,UberX,Sedan,Clear,Medium,1.0,19.0
0,1,2.996110421,4,UberX,Sedan,Rainy,Low,2.5,27.95
1,0,5.219168444,2,UberX,Sedan,Clear,High,1.0,16.07
1,0,19.80231565,1,UberX,Hatchback,Rainy,Medium,1.0,36.18
0,1,11.42440653,1,UberX,SUV,Snowy,Medium,2.0,35.09
0,0,22.55437188,5,UberXL,SUV,Clear,Medium,1.5,44.28
1,0,15.20678433,1,Standard,SUV,Clear,Medium,1.0,27.9
0,0,4.041769568,2,UberX,SUV,Cloudy,High,1.0,13.89
1,0,17.12176051,1,Standard,Hatchback,Cloudy,Very Heavy,2.0,41.84
0,0,5.399421759,1,LyftPlus,Hatchback,Snowy,Very Heavy,1.0,18.14
0,0,18.67063245,2,LyftPlus,Sedan,Clear,Medium,1.5,38.46
0,0,11.73687277,1,Standard,Sedan,Clear,Very Heavy,1.0,23.31
0,0,6.343578652,1,Lyft,Van,Clear,Medium,1.5,20.0
0,1,9.233357217,4,Lyft,SUV,Clear,Low,1.0,22.94
0,0,19.20370595,1,UberXL,Hatchback,Rainy,High,1.0,36.95
1,0,24.20097229,2,UberXL,Hatchback,Clear,Low,1.5,46.3
1,0,11.90479539,2,Standard,SUV,Rainy,Low,1.0,21.99
0,0,22.54711439,1,UberX,SUV,Cloudy,Very Heavy,1.0,41.62
0,1,7.260339571,1,UberX,Van,Snowy,High,1.0,23.68
1,0,20.42412287,1,Lyft,Hatchback,Clear,Low,1.0,31.89
0,0,18.14993867,1,Lyft,Hatchback,Clear,High,1.0,32.51
0,0,7.897992823,1,LyftPlus,Sedan,Cloudy,High,1.0,20.41
1,0,9.773865535,2,UberX,Van,Clear,Very Heavy,1.0,21.85
0,0,6.708581976,1,Lyft,Hatchback,Cloudy,Medium,1.0,12.56
0,0,10.81502541,1,UberX,Hatchback,Cloudy,High,1.5,27.23
0,0,7.456246977,1,Standard,Sedan,Clear,High,1.0,20.05
0,1,15.13498143,1,UberX,SUV,Clear,High,1.0,33.46
1,1,26.2689805,1,LyftPlus,Sedan,Clear,Medium,2.0,55.84
1,1,2.772509979,2,UberX,SUV,Rainy,Medium,1.5,18.01
1,0,16.29579976,1,UberX,SUV,Clear,Medium,1.0,33.18
0,0,7.343809263,1,UberX,Sedan,Rainy,Very Heavy,1.0,19.21
0,1,15.92288919,1,UberX,SUV,Cloudy,Medium,1.0,29.97
0,1,23.16733733,1,Lyft,SUV,Clear,Low,1.0,41.49
0,0,13.53012322,1,UberX,Hatchback,Snowy,High,1.5,33.45
0,0,15.44104002,3,UberXL,SUV,Rainy,Low,1.0,29.71
0,1,14.65331088,1,UberX,SUV,Cloudy,Medium,2.5,42.78
1,1,10.7056854,1,LyftPlus,Hatchback,Clear,Medium,1.0,23.64
0,0,4.975363993,1,UberX,SUV,Clear,Medium,1.0,11.91
1,1,10.78043604,1,UberX,Van,Clear,Very Heavy,1.0,25.1
1,0,2.751433457,1,Lyft,Sedan,Clear,High,1.0,8.91
0,0,16.24977015,1,Standard,SUV,Clear,Low,1.0,25.8
0,0,8.76316864,1,LyftPlus,Sedan,Cloudy,Very Heavy,1.0,20.77
0,0,15.35520792,1,LyftPlus,Hatchback,Clear,Medium,1.0,24.5
0,0,6.088473513,1,UberX,Hatchback,Snowy,Medium,1.0,15.05
0,0,24.8365606,1,LyftPlus,Hatchback,Clear,Medium,1.0,42.23
0,0,23.18941902,1,Lyft,Sedan,Clear,Very Heavy,1.0,43.12
0,0,7.14934467,3,Standard,Van,Clear,Low,1.0,14.87
1,0,12.6170197,1,UberX,Van,Snowy,High,1.0,27.29
0,1,17.32008848,3,Standard,Sedan,Clear,Medium,2.0,46.4
0,0,5.659828778,1,UberXL,SUV,Clear,Low,1.5,17.84
0,0,10.11788599,1,Lyft,Hatchback,Cloudy,Very Heavy,2.0,33.27
0,0,7.377827226,1,UberXL,SUV,Clear,Medium,2.5,30.44
0,0,22.88189993,2,UberXL,SUV,Rainy,High,1.0,42.41
0,1,10.50117522,1,UberXL,SUV,Clear,Low,1.0,20.49
0,1,21.43325701,1,UberX,SUV,Clear,High,1.0,40.66
1,0,16.55727388,1,Lyft,SUV,Clear,High,1.0,32.3
1,0,15.42940925,1,Lyft,Sedan,Cloudy,Medium,1.0,28.17
0,0,23.13396321,1,Lyft,SUV,Cloudy,Medium,1.0,41.92
0,1,26.4493861,1,UberX,Hatchback,Clear,Very Heavy,1.0,48.75
1,0,25.59860331,1,Standard,Hatchback,Clear,High,1.0,46.88
0,0,5.728366026,1,Lyft,Hatchback,Clear,Medium,1.0,13.2
0,1,7.673695261,1,UberX,Sedan,Clear,High,2.0,31.23
1,0,17.3087143,1,Lyft,Hatchback,Clear,High,1.0,35.58
0,1,15.1654742,1,UberX,Sedan,Clear,Low,2.0,41.88
0,1,3.045683176,1,UberX,SUV,Clear,Medium,1.0,9.41
0,1,3.151673873,1,UberXL,SUV,Clear,Very Heavy,1.0,15.93
1,0,10.53263113,1,Lyft,Sedan,Rainy,Very Heavy,1.0,24.08
0,1,22.53186617,1,UberX,SUV,Cloudy,High,1.0,43.36
1,1,22.18344078,1,UberX,Hatchback,Clear,Low,2.5,54.21
0,0,10.83282505,1,Standard,Van,Rainy,Very Heavy,1.0,27.09
0,1,21.70501237,1,UberX,Sedan,Clear,Medium,1.0,37.44
0,0,17.64918959,1,UberX,SUV,Clear,Low,1.0,27.91
0,1,20.97866246,1,Standard,Sedan,Rainy,High,1.5,45.33
0,0,12.13651762,1,UberX,SUV,Rainy,High,2.5,42.18
0,1,4.185552849,1,Lyft,Van,Clear,Low,1.5,17.15
0,1,11.40338053,5,UberX,SUV,Clear,Very Heavy,1.0,29.22
1,0,13.45931361,1,Lyft,Hatchback,Cloudy,Very Heavy,1.0,27.17
0,0,13.06210496,1,UberX,SUV,Rainy,Low,1.0,24.84
0,0,13.83664273,1,Standard,Sedan,Rainy,Very Heavy,1.0,29.82
0,0,6.981750939,1,UberXL,SUV,Rainy,Very Heavy,1.0,19.45
1,0,24.44605041,4,Lyft,SUV,Clear,Low,1.0,41.08
0,0,11.32848916,3,Standard,Hatchback,Clear,Medium,1.0,20.77
0,0,8.321887335,2,Standard,Sedan,Snowy,Medium,1.0,21.88
0,0,7.74328895,4,UberX,Sedan,Clear,Medium,1.0,15.72
0,1,14.42103131,1,LyftPlus,Hatchback,Clear,High,1.0,29.21
0,0,11.43134536,1,UberX,Sedan,Rainy,Medium,1.0,25.51
1,0,12.92568226,3,Lyft,Van,Clear,Very Heavy,1.0,26.02
0,0,20.90420918,1,UberX,SUV,Clear,Very Heavy,1.0,37.15
0,1,13.4753463,5,UberXL,Sedan,Clear,Medium,1.0,30.82
1,0,17.97385297,1,UberX,SUV,Clear,Medium,1.0,30.2
0,0,19.79729135,1,Lyft,SUV,Rainy,Medium,1.0,38.3
1,1,4.019327441,5,UberXL,Sedan,Clear,Medium,1.5,20.69
1,1,14.54008368,1,UberX,Sedan,Clear,Medium,1.0,26.5
0,0,22.73114679,2,UberXL,Sedan,Clear,Low,1.0,37.95
0,0,3.737482268,1,Standard,Sedan,Clear,Low,1.0,9.59
0,0,11.83208321,1,Lyft,SUV,Clear,Low,1.5,24.36
1,0,24.26834355,4,UberXL,Hatchback,Clear,Very Heavy,1.0,45.74
1,0,10.40866629,1,Standard,Sedan,Rainy,Medium,2.0,33.47
0,0,12.82040615,1,Lyft,SUV,Rainy,Low,2.5,39.46
0,0,23.92753924,1,UberX,Hatchback,Clear,Medium,1.0,41.02
0,1,6.933888151,3,UberXL,SUV,Clear,Low,1.0,16.19
0,0,4.850009549,2,UberX,Hatchback,Clear,Low,1.0,12.56
0,0,4.249504646,1,Lyft,Sedan,Clear,Medium,1.0,10.88
1,0,21.67626006,1,Standard,Sedan,Clear,Medium,1.0,36.22
0,1,23.03033545,2,UberX,Sedan,Clear,Low,1.5,45.31
0,0,14.88841023,2,UberXL,Hatchback,Clear,Medium,1.0,25.54
0,1,13.03070568,1,UberXL,SUV,Snowy,Medium,1.0,24.77
0,0,22.86720157,1,UberX,Van,Rainy,Medium,1.0,39.96
0,1,19.92277438,2,Lyft,SUV,Cloudy,High,1.0,41.62
0,1,7.940199448,1,Lyft,Sedan,Clear,Medium,1.0,20.69
0,1,3.041769926,4,UberX,Hatchback,Clear,Medium,2.0,20.2
1,0,8.28398782,1,LyftPlus,Sedan,Clear,High,1.0,16.95
0,1,11.89838668,1,UberX,Hatchback,Snowy,Very Heavy,1.0,29.81
1,1,21.80932673,1,Standard,Sedan,Clear,High,1.0,40.63
1,0,23.23390857,4,UberX,Sedan,Clear,Medium,2.0,49.91
0,0,11.25562884,1,Lyft,Sedan,Clear,Medium,1.5,25.81
0,0,22.55712099,1,UberX,Van,Rainy,Medium,1.0,42.27
0,0,22.54903478,1,UberX,SUV,Clear,High,1.0,38.57
0,1,17.96920865,3,LyftPlus,Sedan,Clear,High,1.0,37.2
0,0,12.06809117,1,UberXL,Sedan,Snowy,Medium,2.5,42.15
1,0,19.35965156,1,Standard,Sedan,Clear,Low,1.0,36.19
0,0,19.07558219,1,Lyft,Sedan,Clear,Medium,1.0,32.78
0,0,16.408883,1,Standard,Sedan,Clear,Medium,1.0,27.49
0,1,3.268797611,1,Standard,Hatchback,Cloudy,Very Heavy,1.0,13.07
0,0,24.14361376,1,UberXL,Hatchback,Clear,Medium,1.0,42.26
0,0,12.55232263,1,Lyft,Van,Clear,Low,1.0,22.87
1,0,10.60864319,2,LyftPlus,Sedan,Rainy,High,1.0,24.76
0,0,15.84031597,2,UberX,Hatchback,Clear,Low,1.0,28.1
0,0,11.75102884,3,LyftPlus,Sedan,Cloudy,Medium,1.0,24.15
0,0,16.84313638,1,Lyft,Sedan,Rainy,Medium,1.0,31.7
0,0,7.092815089,2,Lyft,Sedan,Clear,Medium,1.5,20.84
0,0,18.94716059,1,UberX,Van,Clear,Medium,1.0,33.43
0,0,7.644703664,1,Lyft,Van,Rainy,Medium,1.0,22.04
1,0,7.443769352,1,UberX,Hatchback,Rainy,Low,1.5,22.63
0,0,13.20302352,1,LyftPlus,Sedan,Rainy,Medium,2.0,35.21
1,0,22.30215091,1,UberXL,Hatchback,Clear,Medium,1.0,38.8
0,0,25.16463358,1,UberX,SUV,Cloudy,High,1.0,44.39
0,0,20.2894904,1,Standard,Sedan,Clear,Medium,1.5,43.19
0,0,21.70403284,1,Lyft,Sedan,Clear,Medium,1.0,39.19
1,0,6.63309412,1,Standard,SUV,Snowy,Medium,2.0,27.55
1,1,3.113364129,1,UberX,Hatchback,Rainy,Low,2.0,21.83
1,0,14.46232731,1,Lyft,Hatchback,Clear,Low,1.0,23.09
1,0,10.27257201,1,Lyft,SUV,Cloudy,High,1.0,23.34
1,1,21.51141443,1,Lyft,SUV,Clear,Medium,1.0,41.04
0,0,16.85466823,1,UberX,SUV,Clear,High,2.5,46.81
0,0,22.6496202,1,UberX,Hatchback,Rainy,Low,1.5,45.07
0,0,8.817675314,2,Standard,Sedan,Clear,High,1.0,19.74
0,0,14.0229471,1,UberXL,Hatchback,Cloudy,Very Heavy,1.0,30.46
0,1,15.53115219,1,Standard,Sedan,Cloudy,Medium,1.0,28.63
1,1,5.769768785,2,UberX,Sedan,Clear,Medium,2.5,29.38
0,0,16.10027266,1,Standard,Sedan,Cloudy,Medium,1.5,36.09
0,0,13.66905996,1,Lyft,SUV,Clear,High,1.0,24.94
0,1,12.40762831,1,Lyft,Sedan,Clear,Low,1.0,23.21
0,0,9.383546454,1,UberX,Van,Cloudy,High,1.0,20.31
0,0,2.447656403,1,Standard,SUV,Cloudy,High,2.0,20.88
0,1,14.52351052,2,UberXL,Van,Clear,Medium,1.0,29.37
0,1,9.88845183,1,Lyft,Sedan,Clear,Low,1.5,20.92
0,0,3.332924877,1,UberX,SUV,Clear,Low,1.0,9.07
0,1,11.05411424,1,Lyft,Van,Clear,High,1.0,24.35
0,1,8.730496945,2,LyftPlus,Sedan,Clear,Low,1.0,20.25
0,1,12.87558524,3,UberX,Sedan,Clear,Medium,1.5,30.66
1,0,5.785090339,1,Lyft,SUV,Clear,Medium,1.0,15.89
0,1,14.50797353,1,UberX,Sedan,Cloudy,Medium,1.0,27.3
1,1,18.1165837,1,Standard,Sedan,Clear,Medium,1.0,33.73
0,0,17.22891131,1,Standard,Van,Clear,High,1.5,38.98
0,1,21.22134977,1,UberX,Hatchback,Snowy,Medium,1.0,44.91
0,1,13.58599309,1,UberX,SUV,Clear,High,1.0,26.82
1,1,14.42326241,5,Lyft,Sedan,Rainy,Medium,1.0,36.22
1,0,17.49805668,1,UberX,Sedan,Clear,High,2.0,38.88
0,1,13.00496408,1,UberXL,Sedan,Clear,Medium,2.0,37.39
0,0,16.46489708,1,UberX,SUV,Clear,Very Heavy,1.0,35.49
1,0,11.95436685,1,UberXL,SUV,Clear,Medium,2.5,35.98
1,1,9.798954411,1,UberX,Sedan,Clear,Medium,1.0,23.34
1,0,21.42307695,2,UberX,Van,Clear,Medium,1.0,36.57
0,0,7.263715602,1,UberX,SUV,Clear,Medium,1.5,19.77
0,1,10.1230796,6,Lyft,Sedan,Clear,Low,1.0,20.7
0,0,9.350694158,1,Lyft,Hatchback,Clear,Low,2.5,32.26
0,1,11.43244758,1,UberX,Sedan,Snowy,High,1.0,28.61
0,0,8.19283685,1,Lyft,Hatchback,Cloudy,Medium,1.0,15.55
0,1,16.14206822,1,LyftPlus,Hatchback,Cloudy,Medium,1.0,33.4
0,1,20.17769617,1,UberX,Van,Rainy,Very Heavy,1.0,41.1
0,0,19.06580291,1,LyftPlus,Sedan,Clear,Medium,1.0,33.69
1,0,11.9799129,1,Lyft,Sedan,Clear,Low,1.0,21.37
1,1,24.68175946,3,UberX,Sedan,Cloudy,High,1.0,51.02
0,1,14.30567383,1,UberX,Sedan,Clear,Medium,1.5,35.53
0,0,12.29418352,1,UberXL,Hatchback,Clear,Medium,1.0,24.56
0,1,21.42272086,1,Lyft,Hatchback,Clear,Medium,1.5,43.32
1,1,20.75704792,1,UberX,Van,Clear,Low,1.0,37.4
0,0,19.75258973,1,Standard,Sedan,Clear,Low,1.0,33.94
1,0,6.134009419,1,Lyft,Hatchback,Snowy,Low,1.0,15.5
1,0,11.5129824,1,UberX,Sedan,Rainy,Low,1.0,23.76
0,0,23.22451347,1,UberX,Van,Clear,Medium,1.5,49.78
0,0,14.0252121,2,UberX,Sedan,Rainy,Very Heavy,2.5,44.42
0,1,17.17015609,2,UberXL,Hatchback,Clear,Medium,1.0,33.48
1,0,4.280334831,1,UberXL,Sedan,Rainy,High,1.0,15.11
0,0,17.23288622,1,Lyft,Sedan,Cloudy,Medium,1.0,30.94
1,1,22.00365843,2,Lyft,Hatchback,Clear,High,2.5,55.9
0,0,13.09717755,1,UberX,Hatchback,Rainy,Low,1.5,29.01
0,1,9.505553179,1,Lyft,Hatchback,Clear,Medium,1.0,24.17
0,1,14.82383376,2,UberX,Sedan,Clear,Medium,1.0,29.82
0,0,7.49773982,1,UberX,Sedan,Rainy,High,1.0,21.47
0,1,17.79358736,2,Lyft,Sedan,Cloudy,Low,1.5,37.82
1,0,19.90770341,1,UberX,Hatchback,Rainy,Medium,1.5,42.41
0,0,5.02663627,1,LyftPlus,Sedan,Snowy,Low,2.5,29.36
1,0,17.87366744,1,Standard,Van,Clear,Medium,1.0,31.75
0,1,11.00996034,2,Lyft,SUV,Rainy,Medium,1.0,26.16
0,1,5.051972231,1,UberX,SUV,Cloudy,High,1.0,18.7
0,0,12.91514919,1,UberX,Hatchback,Clear,Low,1.0,20.8
0,0,7.806944524,2,UberX,SUV,Clear,Low,1.0,15.9
1,1,13.44297307,3,Lyft,Sedan,Clear,Medium,1.5,33.57
0,0,12.59475284,2,LyftPlus,Sedan,Clear,Very Heavy,1.0,28.49
0,1,18.29164499,1,Lyft,Sedan,Cloudy,Medium,1.0,36.13
0,1,21.47638375,3,Lyft,SUV,Clear,Medium,1.5,46.2
0,0,15.32845409,1,Lyft,Sedan,Clear,Medium,2.0,39.93
1,1,4.093905235,1,LyftPlus,SUV,Cloudy,Low,1.0,11.58
0,0,25.90395527,3,UberX,Sedan,Clear,High,1.5,53.74
0,0,18.40961716,1,LyftPlus,Hatchback,Clear,Medium,1.5,37.7
0,0,1.973518168,1,Lyft,Hatchback,Clear,High,1.0,10.52
0,0,20.68842616,1,UberX,Hatchback,Rainy,Medium,1.0,36.12
1,0,9.580693111,2,Standard,Sedan,Clear,Medium,2.0,30.77
0,0,4.792903188,1,Standard,Hatchback,Snowy,Low,2.0,23.82
0,0,17.0698602,1,Lyft,Hatchback,Clear,High,1.0,31.5
0,0,12.30933251,1,LyftPlus,Sedan,Cloudy,Low,1.0,24.51
1,0,11.88077586,1,UberX,Van,Clear,High,2.0,34.51
1,1,22.35799787,2,UberXL,Sedan,Clear,High,1.5,47.84
0,1,14.57286259,1,UberX,Sedan,Clear,Medium,1.0,26.77
1,0,4.351630733,1,UberXL,Sedan,Clear,Medium,1.0,10.3
1,0,21.94060983,2,UberXL,Sedan,Clear,Very Heavy,2.5,56.84
0,0,25.63375746,1,UberX,Hatchback,Clear,Medium,1.0,41.99
0,0,18.28498644,1,Lyft,Sedan,Clear,Very Heavy,1.0,37.16
1,0,13.94829958,1,UberX,SUV,Cloudy,Low,1.0,24.23
0,0,3.436050458,2,UberX,SUV,Clear,Medium,1.0,9.21
0,0,20.65422316,1,UberX,Hatchback,Snowy,Low,1.0,35.61
0,1,4.67961083,1,UberXL,Sedan,Cloudy,Low,1.0,12.62
1,0,3.54296328,1,UberX,Hatchback,Clear,Medium,1.0,11.54
1,0,15.49040058,1,UberX,Sedan,Clear,Low,1.5,30.38
0,0,4.816446118,2,UberX,Hatchback,Rainy,Very Heavy,1.0,16.26
0,0,2.19676199,2,UberX,Van,Cloudy,High,1.0,10.03
0,0,13.52044953,1,UberXL,Sedan,Cloudy,Low,1.0,23.93
1,0,5.292944791,1,Standard,Sedan,Rainy,Low,1.0,11.45
0,0,6.037981167,2,UberX,SUV,Clear,High,1.0,16.19
1,1,4.782034335,1,Lyft,Sedan,Clear,Medium,1.5,21.66
1,1,7.140115317,1,UberX,Sedan,Cloudy,High,1.0,19.94
0,0,19.43153908,3,UberX,Sedan,Rainy,Medium,1.0,36.49
1,0,20.97237885,1,UberX,SUV,Cloudy,High,1.5,45.24
0,0,11.44909605,1,Standard,Sedan,Rainy,Medium,1.0,22.45
0,0,13.40930988,1,UberXL,SUV,Clear,Medium,1.0,25.96
1,1,2.875372235,2,Lyft,SUV,Snowy,Low,2.0,23.1
1,1,4.061549416,1,Lyft,Hatchback,Cloudy,Medium,2.0,25.88
0,0,8.77846673,2,UberX,Van,Clear,Low,2.0,28.6
0,0,15.27205291,5,Standard,SUV,Clear,Medium,1.0,26.72
1,0,16.90218601,4,UberX,Sedan,Clear,Medium,2.5,47.32
0,1,17.33512674,3,UberX,Sedan,Rainy,High,1.5,40.01
0,0,11.53594513,1,UberX,SUV,Clear,Low,1.0,22.61
0,0,4.482731494,3,UberX,Van,Clear,Medium,1.0,11.14
1,1,21.12933157,1,UberX,Hatchback,Clear,Low,1.0,38.57
0,0,8.897712304,3,Lyft,Sedan,Clear,Medium,1.0,21.27
0,0,17.61746406,1,UberX,Hatchback,Clear,High,1.0,30.09
1,0,16.41469038,1,Lyft,Hatchback,Rainy,High,1.0,35.48
0,0,19.39687115,1,UberX,Sedan,Cloudy,Very Heavy,1.0,39.28
1,1,22.22312368,2,Standard,Hatchback,Clear,Very Heavy,1.0,42.25
1,0,23.37114769,1,UberX,Sedan,Rainy,High,1.0,44.95
1,0,4.818430546,1,Lyft,SUV,Rainy,Medium,1.0,12.43
0,0,14.80812465,2,Lyft,Sedan,Clear,Low,1.0,27.48
0,0,14.74231851,1,UberX,Sedan,Clear,Medium,1.5,31.63
0,0,4.801975101,1,UberX,Hatchback,Clear,Very Heavy,1.0,13.17
0,1,9.199617227,1,UberX,Hatchback,Clear,Medium,1.0,22.66
0,1,23.42957181,1,UberX,Sedan,Cloudy,Low,1.0,43.0
0,0,12.25335441,1,UberX,Sedan,Cloudy,Very Heavy,1.5,31.67
0,0,4.700938811,4,Lyft,Sedan,Clear,Medium,1.0,13.49
0,0,13.83858431,1,UberXL,Hatchback,Cloudy,High,2.0,37.11
0,0,6.442579032,1,UberXL,Sedan,Cloudy,High,1.0,17.19
0,0,15.09275934,1,UberX,Hatchback,Cloudy,High,1.0,30.45
0,0,15.35182773,5,LyftPlus,Van,Clear,High,1.0,34.02
0,0,10.65629772,1,UberX,SUV,Rainy,High,1.0,24.8
1,0,4.397949116,1,UberX,Sedan,Rainy,High,1.0,16.9
0,0,24.91456852,1,UberX,Sedan,Rainy,Medium,2.0,51.73
0,1,19.66892246,2,UberX,Sedan,Clear,High,1.0,39.47
1,1,20.47135235,3,Lyft,Sedan,Rainy,High,1.0,42.52
0,0,11.59238205,1,Lyft,Hatchback,Clear,Medium,1.5,27.68
0,1,19.58614677,1,Lyft,Sedan,Cloudy,Medium,1.0,39.51
1,1,13.92812269,1,Lyft,Sedan,Rainy,Medium,1.0,31.7
0,0,8.134962505,1,Standard,SUV,Clear,Medium,1.0,16.73
0,0,5.15819025,1,UberXL,Hatchback,Clear,Low,1.0,10.06
0,0,10.37219685,1,UberXL,Sedan,Rainy,High,1.0,21.33
0,1,5.715735414,1,UberX,Hatchback,Clear,Low,1.0,14.65
0,0,26.24870848,2,UberX,SUV,Clear,Low,1.0,44.77
0,0,4.096477293,1,UberXL,SUV,Rainy,Low,2.0,23.3
0,0,12.86153638,1,UberX,Hatchback,Cloudy,Medium,2.5,38.79
0,1,11.78961722,1,UberXL,Sedan,Clear,Medium,1.0,26.06
0,0,10.34469702,1,UberX,SUV,Clear,Medium,1.0,22.27
0,0,15.99784184,1,LyftPlus,Hatchback,Cloudy,Very Heavy,1.0,34.0
0,0,5.464256166,1,Standard,Hatchback,Cloudy,High,1.0,14.83
0,0,22.16906583,2,UberX,Sedan,Clear,High,1.5,44.94
1,0,5.337194423,4,LyftPlus,Sedan,Clear,Medium,1.0,14.86
0,0,9.690239411,2,LyftPlus,Sedan,Clear,High,1.5,27.31
1,0,16.0066847,1,Standard,Hatchback,Cloudy,High,1.0,29.95
1,0,18.37549028,4,UberX,Hatchback,Clear,Very Heavy,1.0,36.12
1,0,24.10280375,1,Lyft,SUV,Clear,Low,1.0,39.76
1,0,22.32050437,1,UberX,Sedan,Clear,Low,1.5,40.9
0,0,16.83683371,1,Lyft,Sedan,Clear,Low,2.5,42.89
0,0,13.2614959,1,Lyft,SUV,Rainy,Very Heavy,1.0,26.9
0,0,13.03227201,3,Lyft,Van,Clear,Medium,1.0,23.68
0,0,20.688063,1,UberX,Hatchback,Clear,Medium,2.5,52.15
0,0,22.85325238,1,LyftPlus,Hatchback,Clear,Medium,1.0,40.69
0,1,9.769547098,1,UberXL,Sedan,Clear,High,1.0,22.85
0,1,5.05721507,2,UberX,Van,Cloudy,Very Heavy,1.0,20.02
0,0,12.39001608,2,UberXL,Hatchback,Clear,High,1.0,22.29
0,1,20.92445381,1,LyftPlus,Sedan,Cloudy,High,1.0,41.08
1,0,11.07407859,1,Standard,Hatchback,Clear,Medium,1.0,19.02
1,1,12.12543138,2,Lyft,Sedan,Clear,Medium,1.0,24.43
1,0,13.19185803,1,UberX,SUV,Clear,High,1.0,27.11
0,0,11.71846139,1,UberX,Van,Cloudy,High,1.0,25.46
0,1,15.4713349,1,UberX,Sedan,Clear,High,1.0,28.9
0,1,26.10615912,1,UberX,Hatchback,Rainy,Low,1.5,49.31
1,1,14.34223444,1,UberX,SUV,Clear,Low,2.0,35.56
1,0,8.30328584,1,UberX,Van,Clear,Low,1.0,12.97
0,1,7.15347922,1,UberX,Sedan,Clear,Medium,1.0,17.21
1,0,5.146241886,3,LyftPlus,Hatchback,Cloudy,Medium,1.0,15.17
1,0,16.14991563,1,Lyft,Sedan,Clear,Very Heavy,1.0,29.55
0,0,14.4467088,1,Lyft,Sedan,Rainy,High,2.0,42.79
0,0,6.922687513,1,UberX,Sedan,Snowy,Medium,1.0,18.04
0,0,18.65319816,1,UberXL,Sedan,Clear,Medium,1.0,31.94
0,0,21.5941013,1,UberX,Van,Clear,High,1.0,37.1
0,0,8.550374301,5,UberXL,Sedan,Clear,Medium,1.0,21.34
0,0,10.93331682,1,Lyft,Sedan,Clear,High,1.0,23.45
0,0,25.68497166,1,UberXL,Sedan,Clear,Medium,1.5,49.06
0,0,10.81460795,1,LyftPlus,Sedan,Rainy,Low,2.5,37.1
0,0,20.53512089,1,Standard,Sedan,Rainy,Low,1.0,34.31
1,1,12.97393801,5,UberXL,Van,Rainy,Medium,1.0,31.33
0,1,21.70348272,1,UberX,SUV,Cloudy,Medium,1.0,40.76
1,0,18.97392356,2,Standard,Hatchback,Clear,High,1.0,33.11
1,0,20.00451983,6,Lyft,Hatchback,Clear,Medium,1.0,37.1
0,0,21.49263227,1,Lyft,SUV,Clear,Very Heavy,1.5,44.48
0,0,10.52146536,1,Lyft,Van,Clear,High,1.0,22.25
1,0,23.66768813,1,UberX,Van,Clear,Medium,1.0,41.33
0,0,14.68098106,2,UberX,Sedan,Clear,Medium,1.0,29.0
0,1,9.057571591,1,UberX,Van,Cloudy,High,1.0,22.69
0,0,11.50552486,1,UberX,SUV,Snowy,Low,1.0,25.04
0,0,20.2084455,1,UberXL,Sedan,Clear,Very Heavy,1.0,35.75
0,0,16.51430468,1,UberX,SUV,Cloudy,Medium,1.5,35.71
0,0,6.651746915,3,LyftPlus,Sedan,Cloudy,Very Heavy,1.0,16.21
0,1,3.832820458,1,Lyft,SUV,Clear,Very Heavy,1.0,15.1
0,0,18.57577002,1,UberX,Hatchback,Clear,Medium,1.0,33.59
0,1,8.831582362,1,UberX,Sedan,Snowy,Low,1.0,23.02
0,1,13.81615167,1,Lyft,Sedan,Rainy,Medium,1.0,29.77
1,1,19.05848482,1,UberX,Van,Snowy,Medium,1.0,40.95
1,0,15.69357931,1,Lyft,Sedan,Clear,High,1.0,30.3
0,0,5.030372203,1,LyftPlus,Sedan,Clear,Low,1.0,8.19
0,0,7.211688522,1,UberXL,Van,Clear,Medium,1.0,12.51
0,0,9.794560385,1,UberX,Van,Snowy,Very Heavy,1.5,29.25
0,1,9.22494992,1,Lyft,Sedan,Clear,Very Heavy,2.0,32.49
0,0,17.36290812,2,UberX,Sedan,Clear,Low,1.0,29.65
0,1,14.01774121,3,UberX,Van,Clear,High,2.0,39.75
0,0,7.421107585,1,UberXL,Sedan,Clear,Low,2.0,22.7
0,1,3.980786521,1,Standard,SUV,Clear,High,1.0,13.7
1,0,7.07341587,3,UberX,Sedan,Rainy,Medium,1.0,18.35
1,1,24.33072566,1,Standard,Hatchback,Clear,Very Heavy,1.0,44.84
1,0,12.83987522,4,UberX,Sedan,Clear,High,1.0,27.12
0,0,20.18130027,3,UberX,SUV,Clear,Medium,1.0,37.69
1,0,23.13839943,1,Lyft,Sedan,Clear,Medium,1.0,38.58
0,0,13.87016558,1,UberX,Sedan,Clear,Low,1.0,24.48
0,0,20.02210102,1,UberX,Sedan,Clear,High,1.0,39.39
0,1,7.144296683,1,UberX,Sedan,Rainy,High,1.0,21.38
0,1,18.7893124,3,UberX,Hatchback,Clear,High,1.5,44.52
0,0,9.066759707,4,UberX,Van,Clear,High,2.0,30.44
0,0,21.72006664,1,Lyft,Hatchback,Clear,High,1.5,45.73
0,0,3.832894765,1,Lyft,SUV,Clear,Very Heavy,1.0,12.64
0,1,6.182350132,1,Standard,Sedan,Clear,High,1.0,18.68
0,0,19.64221049,1,Lyft,Sedan,Rainy,Low,1.0,36.18
1,0,12.92567664,1,Lyft,Sedan,Rainy,High,2.5,45.15
0,1,3.737941562,4,Lyft,Hatchback,Rainy,Medium,1.5,21.15
0,0,21.63165406,1,LyftPlus,Sedan,Clear,Very Heavy,1.0,39.59
0,0,10.0642815,1,UberX,Van,Clear,Medium,1.0,17.77
0,0,17.23302103,1,UberX,Hatchback,Rainy,Medium,1.5,37.49
1,0,14.18191339,1,Lyft,Van,Clear,Low,1.5,31.03
0,0,11.26625281,1,UberX,SUV,Clear,High,2.0,34.2
0,0,19.0276638,1,Standard,SUV,Rainy,Low,1.0,33.96
1,1,24.38585049,1,UberXL,Sedan,Clear,Very Heavy,1.0,46.68
1,1,3.475253944,2,UberX,SUV,Rainy,Medium,1.0,17.37
1,0,22.82152647,1,Lyft,Van,Clear,Medium,2.0,50.3
0,0,17.60392415,1,UberX,Sedan,Clear,Low,1.0,29.75
0,0,19.23257303,2,Standard,Sedan,Cloudy,Low,1.0,33.29
0,0,12.00444397,2,Standard,Sedan,Clear,Medium,1.0,24.67
0,0,12.26476509,1,Lyft,Van,Clear,Medium,2.0,33.89
0,0,23.22394408,1,UberX,Sedan,Clear,Medium,1.0,42.77
0,1,11.69442248,2,UberX,Hatchback,Clear,Low,1.0,25.77
0,1,15.28874647,1,UberXL,Sedan,Clear,Medium,1.5,33.55
0,0,3.481481586,1,LyftPlus,Hatchback,Clear,High,1.0,10.75
1,1,5.102460354,1,UberX,SUV,Snowy,Medium,1.0,19.12
0,0,17.75742313,1,UberX,Sedan,Cloudy,Medium,1.5,36.12
1,0,18.05262557,1,UberX,Hatchback,Rainy,Medium,1.0,34.18
1,0,16.61907109,1,UberXL,Hatchback,Cloudy,Medium,2.0,42.87
0,0,5.15082098,2,LyftPlus,SUV,Clear,Medium,2.5,28.19
0,1,13.04098505,2,UberX,Hatchback,Clear,Medium,1.0,28.59
0,1,10.85114937,5,UberX,Sedan,Clear,Very Heavy,2.5,43.81
0,1,13.30196576,1,Lyft,Van,Rainy,Low,1.0,27.05
0,0,23.52698882,1,LyftPlus,Sedan,Clear,Low,1.0,36.03
0,0,20.10249374,2,LyftPlus,Sedan,Clear,Low,1.0,34.29
1,0,4.426114263,1,Lyft,Sedan,Cloudy,Medium,1.0,11.49
0,0,22.88555763,1,UberX,Sedan,Clear,Low,2.0,49.69
0,1,11.9231956,1,UberX,Sedan,Clear,Medium,2.0,31.05
0,0,7.451698676,1,Standard,SUV,Clear,Very Heavy,1.0,18.27
0,1,18.27927146,1,Standard,SUV,Clear,Low,1.0,34.6
0,0,6.632654207,1,Lyft,Sedan,Clear,Medium,1.0,17.38
1,0,17.81694687,4,Lyft,Sedan,Clear,High,2.0,46.15
0,0,9.379600745,1,Standard,Hatchback,Clear,Low,1.0,18.22
0,1,12.82230075,5,UberXL,Hatchback,Clear,Low,1.0,24.0
0,0,2.732690217,2,UberX,Sedan,Clear,Medium,1.5,13.21
1,0,4.47745801,1,Lyft,SUV,Snowy,Low,2.0,24.36
0,1,3.245667612,2,Standard,Sedan,Clear,High,1.0,12.08
0,0,8.036352185,1,Lyft,Hatchback,Rainy,Low,1.5,22.25
0,1,6.57074079,1,LyftPlus,Van,Rainy,Medium,1.0,18.09
0,1,16.54987155,1,UberXL,Sedan,Clear,High,1.0,33.7
1,0,5.48824664,1,UberX,Hatchback,Clear,Low,1.5,17.74
0,0,17.67722891,1,UberX,Sedan,Clear,Low,1.5,30.86
0,0,4.746854556,1,Standard,Sedan,Rainy,Low,1.0,12.6
1,0,22.70837301,1,UberXL,SUV,Clear,High,1.0,39.39
0,0,22.54364169,1,UberX,Sedan,Clear,High,1.5,45.9
1,0,8.260355403,1,Standard,Hatchback,Clear,Low,1.0,13.27
0,0,16.46105175,1,UberXL,Hatchback,Clear,High,1.0,32.22
0,1,3.522489242,1,LyftPlus,Van,Clear,High,1.0,12.76
0,0,22.99471596,3,UberXL,Sedan,Cloudy,Very Heavy,1.0,43.01
0,1,14.68391005,1,UberX,SUV,Clear,Medium,1.0,31.02
1,1,4.788042411,2,Lyft,Sedan,Clear,High,1.0,15.68
0,0,10.40680161,1,Standard,Sedan,Rainy,Medium,1.0,23.74
0,0,4.028014109,1,UberX,SUV,Cloudy,High,1.0,12.91
0,0,12.63688509,1,LyftPlus,Hatchback,Clear,Low,1.0,24.5
1,0,17.51703136,1,UberX,Sedan,Clear,Low,1.5,34.99
0,0,13.88954734,6,UberX,Van,Clear,High,1.0,30.61
0,1,11.34199026,1,UberX,SUV,Clear,High,1.0,25.98
1,1,6.70649682,1,LyftPlus,Hatchback,Clear,Medium,2.5,31.47
0,0,9.621901988,1,UberXL,Van,Clear,Medium,1.5,25.35
0,0,6.40145277,1,UberXL,SUV,Clear,Medium,1.0,13.08
0,1,20.21309605,2,LyftPlus,Sedan,Cloudy,Low,1.0,37.51
0,0,5.413158624,1,UberX,Hatchback,Clear,Low,1.0,13.16
0,1,16.97195288,2,UberX,Hatchback,Clear,Low,2.5,47.21
0,0,10.47571122,1,UberX,Sedan,Snowy,Medium,1.0,22.1
0,0,7.937321871,1,Lyft,Sedan,Rainy,Medium,1.0,19.33
0,0,16.37339289,1,UberXL,Sedan,Clear,Low,1.0,29.63
0,0,6.40942663,1,LyftPlus,Sedan,Clear,Very Heavy,2.0,25.46
0,0,14.09454344,2,UberXL,Van,Snowy,Low,1.0,25.65
1,0,11.68421909,1,UberX,Sedan,Clear,High,1.0,25.09
1,0,15.39735101,1,LyftPlus,Hatchback,Rainy,High,1.5,35.38
1,0,13.11822611,5,UberX,Hatchback,Cloudy,Low,1.0,26.6
1,1,9.809890875,1,Standard,Hatchback,Clear,Low,1.0,22.88
0,0,15.68611823,1,UberX,Sedan,Rainy,Medium,1.0,27.92
0,0,16.86654696,1,UberX,SUV,Snowy,Medium,1.0,31.01
0,0,2.342377937,1,UberXL,Van,Rainy,Medium,1.0,11.42
0,0,13.32883226,1,UberX,Sedan,Clear,Medium,1.0,27.06
1,1,5.133695029,1,UberX,Sedan,Cloudy,Very Heavy,1.5,25.52
0,0,7.174751689,3,UberXL,Hatchback,Clear,Low,2.5,31.07
1,0,15.08182431,1,UberX,SUV,Rainy,High,1.0,31.17
0,1,20.92615576,2,UberX,SUV,Clear,Low,1.0,37.03
0,0,21.78773699,1,UberX,Van,Clear,Medium,2.0,48.44
1,1,5.417181203,1,UberXL,Hatchback,Clear,Low,1.5,21.4
0,1,10.96710386,2,UberX,Sedan,Clear,Medium,1.0,23.99
1,1,17.59886573,3,UberX,Sedan,Clear,High,1.0,34.56
0,0,6.320609039,1,Lyft,Sedan,Clear,Low,2.0,23.47
0,1,18.25317369,1,Lyft,Sedan,Clear,Medium,1.0,31.59
0,0,19.87641309,2,Lyft,Sedan,Clear,Medium,1.0,34.23
0,1,23.32372393,4,UberX,Sedan,Cloudy,Low,1.5,47.17
1,0,7.562381976,5,UberX,Van,Rainy,High,1.0,20.86
0,0,4.125995649,1,UberXL,Sedan,Clear,High,1.0,10.21
0,0,4.380147372,1,LyftPlus,SUV,Clear,High,1.0,11.34
0,0,8.399040501,1,UberXL,Hatchback,Clear,Medium,1.5,22.22
0,0,21.16332764,4,UberX,Hatchback,Clear,Medium,1.5,44.2
0,1,17.46917396,1,UberX,SUV,Rainy,Medium,1.0,34.38
1,0,6.342995078,1,Standard,Sedan,Rainy,High,1.0,17.73
0,0,23.66012257,4,Lyft,Van,Clear,Medium,1.0,42.91
0,0,3.150491619,1,UberX,Sedan,Rainy,Very Heavy,2.0,28.83
0,0,16.51350905,2,UberX,Hatchback,Rainy,Very Heavy,1.0,34.4
0,0,17.41247697,1,LyftPlus,Van,Clear,Very Heavy,1.0,32.81
0,0,5.153721745,1,UberX,Sedan,Clear,Medium,1.0,13.87
0,1,13.38811602,1,UberXL,Van,Clear,Medium,1.0,27.86
0,0,18.00542658,1,Lyft,Hatchback,Clear,High,2.0,41.25
0,0,8.13848703,1,UberX,SUV,Clear,High,1.0,17.03
0,0,7.96467836,1,UberX,Sedan,Clear,High,1.5,21.14
0,1,17.2953164,1,UberX,Van,Clear,Medium,1.0,31.72
1,0,13.78028299,5,Standard,Sedan,Clear,High,1.0,30.62
1,1,20.79936872,1,UberXL,Sedan,Clear,Medium,2.0,48.33
0,1,11.23849299,1,LyftPlus,Hatchback,Clear,Medium,1.0,23.76
0,1,11.29626851,1,Lyft,Hatchback,Clear,High,1.0,23.62
0,1,26.03227676,1,Standard,Sedan,Clear,Medium,1.5,49.31
1,1,23.20697529,6,Standard,Sedan,Clear,High,1.0,46.02
1,0,3.356469854,1,UberXL,Hatchback,Rainy,Medium,1.0,11.56
1,1,20.28441808,1,UberX,Sedan,Cloudy,Medium,1.0,38.66
0,0,4.452147231,3,Lyft,Sedan,Clear,Low,1.5,18.51
1,0,3.127129494,1,Lyft,Sedan,Clear,Medium,1.0,7.48
1,0,7.059530536,1,UberXL,SUV,Cloudy,Medium,1.0,15.47
1,1,9.360168886,3,LyftPlus,SUV,Rainy,Medium,2.0,34.01
0,0,20.68751189,2,UberX,Hatchback,Clear,High,1.0,38.57
1,0,19.25273087,1,UberX,Sedan,Rainy,Medium,1.0,36.09
0,0,24.71517738,1,Lyft,Hatchback,Clear,High,1.0,43.42
1,1,17.64247824,3,UberX,Hatchback,Clear,Medium,2.0,44.55
0,0,12.40211118,1,UberXL,Sedan,Snowy,High,2.5,43.58
0,1,17.66293849,2,Standard,Sedan,Clear,Low,1.0,31.09
1,1,26.64353256,5,Lyft,Van,Cloudy,Low,1.0,48.52
0,0,17.77963592,1,Standard,Sedan,Clear,High,1.0,33.69
0,1,19.28691611,1,Lyft,SUV,Clear,Low,1.0,34.43
0,1,22.63043278,1,Lyft,SUV,Clear,Very Heavy,1.0,46.01
0,0,4.400103369,1,Lyft,Hatchback,Rainy,Low,1.0,11.97
1,0,18.53531742,1,UberX,SUV,Clear,Very Heavy,2.0,45.95
0,0,20.47224087,4,UberXL,SUV,Rainy,Medium,1.0,37.84
1,0,23.80843498,1,UberX,Hatchback,Rainy,Medium,1.5,48.82
0,0,8.071346448,1,Standard,Van,Clear,Low,1.0,18.58
0,0,13.66279416,2,UberX,SUV,Clear,Medium,1.0,25.73
1,0,15.76927574,1,UberX,SUV,Clear,Low,1.0,23.76
0,0,9.778251441,1,Lyft,Hatchback,Rainy,Medium,1.5,28.08
1,1,16.47698633,1,UberXL,Hatchback,Cloudy,Medium,1.5,39.27
0,0,8.945307241,1,UberX,Sedan,Clear,High,1.0,20.39
0,0,10.10399176,3,UberX,SUV,Clear,High,1.0,22.03
0,0,13.52430435,1,LyftPlus,Sedan,Clear,Medium,2.0,36.8
0,1,15.58017752,1,UberXL,SUV,Clear,Low,1.5,35.62
0,0,13.92402007,1,UberX,Hatchback,Clear,Medium,1.5,31.11
0,1,14.11902443,2,UberXL,Sedan,Rainy,High,1.0,33.44
1,1,8.192977453,4,UberX,Sedan,Snowy,Low,1.5,26.25
0,0,6.902404613,1,UberX,Sedan,Cloudy,Medium,1.0,17.49
1,1,4.309132536,2,Standard,Hatchback,Clear,Low,1.0,12.77
0,1,6.762882333,1,UberX,Hatchback,Clear,Low,1.0,15.29
0,0,15.00090402,1,UberX,Sedan,Clear,Medium,1.0,27.27
0,0,20.83757821,2,Standard,Sedan,Clear,Medium,1.0,37.72
0,0,9.92416328,1,Lyft,SUV,Clear,Medium,1.0,20.55
1,0,6.333326454,1,UberX,SUV,Clear,High,1.0,18.6
0,0,7.060623903,1,UberXL,SUV,Rainy,Low,1.5,22.51
0,1,12.67154193,1,LyftPlus,SUV,Clear,Medium,2.5,39.45
0,1,19.91892427,1,UberX,SUV,Cloudy,High,1.0,40.21
1,0,10.93191555,1,Lyft,SUV,Clear,Medium,1.0,22.56
0,0,24.26336648,1,UberXL,Hatchback,Clear,Low,1.0,40.42
0,1,18.01088961,1,UberXL,Hatchback,Clear,High,1.0,33.74
1,1,9.799038669,1,Lyft,Sedan,Clear,Medium,1.0,23.38
1,1,10.10188316,1,UberXL,SUV,Snowy,Low,1.0,23.89
0,0,15.1462033,2,UberX,Sedan,Clear,High,1.0,27.9
0,0,5.187496134,1,LyftPlus,Sedan,Cloudy,Medium,1.5,18.97
0,0,4.451181276,5,UberX,SUV,Clear,Low,2.5,28.67
1,0,7.682229341,3,UberXL,SUV,Clear,Medium,1.5,20.96
1,0,19.97890523,1,Lyft,Hatchback,Clear,Medium,1.0,33.31
0,0,14.90480351,1,Lyft,Sedan,Cloudy,Very Heavy,1.5,37.1
0,1,2.402312579,1,UberXL,Sedan,Clear,High,1.0,12.65
0,0,19.78339789,1,Lyft,Sedan,Snowy,Medium,1.0,38.76
1,0,12.56867983,1,UberX,Hatchback,Clear,Low,2.0,32.16
0,0,13.82120472,1,Lyft,Van,Clear,High,1.5,35.7
0,0,8.356743367,1,LyftPlus,SUV,Rainy,High,1.0,20.56
1,1,15.99726725,3,LyftPlus,SUV,Clear,Low,1.0,31.75
0,1,25.17544794,3,Lyft,Sedan,Clear,Low,2.0,53.33
0,1,3.620978961,1,UberX,SUV,Cloudy,High,1.5,16.88
0,0,10.38885029,1,UberX,SUV,Clear,High,1.0,21.55
0,1,8.00108679,1,UberX,Sedan,Clear,Low,1.0,16.89
0,1,8.451990399,1,UberXL,Hatchback,Clear,High,1.0,23.36
1,1,9.79124661,2,UberX,Sedan,Clear,Medium,1.0,22.8
0,0,10.86748924,2,Standard,Hatchback,Clear,Medium,1.0,20.5
0,0,20.52806756,1,LyftPlus,Sedan,Clear,Medium,1.0,36.14
1,1,23.53349901,1,UberX,Van,Rainy,Medium,2.0,52.51
1,1,6.923735597,1,Lyft,Sedan,Clear,High,1.5,23.32
0,0,13.32329721,4,Lyft,Sedan,Rainy,Medium,1.0,30.0
0,0,17.25562106,1,UberX,Van,Clear,Medium,1.0,31.8
1,0,14.2297751,1,UberXL,Sedan,Clear,High,1.0,25.38
0,0,11.82113049,2,UberXL,SUV,Clear,Low,1.0,20.8
0,0,7.310987479,2,UberX,Sedan,Rainy,High,1.0,18.73
0,0,11.96108539,3,Lyft,SUV,Rainy,High,1.0,25.96
0,0,12.44718601,1,Standard,SUV,Clear,Medium,2.0,34.27
0,0,20.31959142,1,UberX,Hatchback,Clear,Low,2.0,45.4
0,0,19.53199483,1,Lyft,Sedan,Rainy,High,1.5,42.39
0,1,6.900771094,3,UberX,Hatchback,Cloudy,Medium,1.0,17.56
0,0,4.411598501,2,LyftPlus,SUV,Rainy,Low,2.0,23.72
0,0,23.23804278,2,LyftPlus,SUV,Clear,High,1.0,42.43
1,0,14.65166763,1,UberX,Sedan,Clear,Medium,1.0,25.8
0,0,25.08756786,2,LyftPlus,Van,Rainy,Medium,1.0,44.2
0,1,4.767724215,1,UberX,Hatchback,Clear,Medium,2.0,23.27
0,1,13.44188676,1,UberX,Sedan,Clear,High,1.0,30.58
0,1,16.61959448,1,Lyft,Hatchback,Clear,Medium,1.0,32.49
1,1,22.97843834,1,UberX,Sedan,Clear,Low,1.0,42.22
1,1,5.192381723,1,UberXL,Hatchback,Snowy,Medium,1.0,18.26
1,1,7.852474716,3,Lyft,Sedan,Cloudy,Medium,1.0,18.6
1,1,10.61746626,2,UberX,Sedan,Clear,High,1.0,22.23
0,0,22.47905035,1,UberX,Sedan,Clear,Medium,2.0,47.49
0,1,4.324843625,1,UberXL,Hatchback,Rainy,Medium,2.0,22.69
0,0,22.77546457,1,UberX,Sedan,Clear,Low,2.0,46.7
0,1,25.61535117,1,UberX,Sedan,Clear,High,1.0,46.7
0,0,25.6471614,1,UberX,Hatchback,Clear,Medium,1.0,41.17
0,0,2.654445606,3,LyftPlus,Sedan,Clear,Medium,1.0,11.36
1,0,4.855476972,1,Standard,Sedan,Clear,Very Heavy,2.0,24.57
0,0,6.45956915,2,UberX,Hatchback,Clear,High,1.0,17.89
1,1,5.358828533,2,UberX,Hatchback,Clear,Medium,1.0,13.72
0,0,9.856345042,1,Lyft,Hatchback,Cloudy,High,1.0,22.52
0,0,21.04584777,1,Standard,SUV,Cloudy,Very Heavy,1.0,39.06
0,0,21.54179879,2,UberX,Sedan,Rainy,High,1.0,40.61
0,0,5.88775959,1,LyftPlus,Hatchback,Clear,Medium,1.5,17.78
0,0,8.518275228,3,UberXL,Sedan,Clear,High,1.0,19.65
0,0,16.10832242,2,Standard,Sedan,Rainy,Low,1.0,31.08
0,1,22.26688068,1,UberX,Sedan,Cloudy,Medium,1.0,38.53
1,0,11.99258935,5,Standard,Hatchback,Clear,Medium,1.0,28.37
0,0,3.764221001,1,UberXL,SUV,Clear,Medium,1.0,14.2
0,0,11.11549285,3,Standard,Van,Clear,High,2.0,33.47
0,1,11.37843265,1,UberXL,Sedan,Clear,Low,1.0,23.96
0,0,13.0810511,2,UberXL,Hatchback,Clear,Low,1.0,21.43
0,0,13.12181023,1,LyftPlus,SUV,Snowy,Medium,1.0,25.07
0,1,3.845885038,2,Lyft,Sedan,Clear,Medium,1.0,16.27
0,0,24.76882534,1,Lyft,SUV,Clear,Medium,1.5,47.84
0,0,15.03201927,1,UberXL,Hatchback,Snowy,Very Heavy,2.0,43.83
0,0,13.13451647,1,Lyft,Sedan,Clear,High,1.5,31.83
1,0,24.2267745,3,Standard,Sedan,Cloudy,Medium,1.0,41.39
0,0,6.64249502,1,UberX,Van,Clear,Low,1.0,13.47
0,0,8.464738619,1,Lyft,Sedan,Snowy,Medium,2.0,31.26
0,0,22.30915358,2,LyftPlus,Van,Clear,High,1.0,38.05
0,0,10.24047798,3,Lyft,Hatchback,Snowy,Medium,1.5,30.7
1,0,19.78526246,1,LyftPlus,SUV,Clear,Low,2.5,47.41
0,1,9.7314618,3,LyftPlus,Sedan,Clear,Low,1.0,19.39
0,0,4.236192003,1,Lyft,Sedan,Clear,Medium,1.0,13.54
1,0,13.72536914,2,Lyft,SUV,Clear,Medium,1.0,27.8
0,0,6.440748073,2,Standard,Sedan,Clear,High,1.0,16.45
0,0,19.29591796,1,LyftPlus,Sedan,Snowy,High,1.0,36.12
0,0,16.04550851,1,LyftPlus,Sedan,Clear,Medium,1.0,29.42
0,0,21.92997743,1,UberX,Sedan,Rainy,High,1.0,41.46
0,0,8.497382087,1,UberX,Sedan,Clear,Very Heavy,1.0,24.25
0,1,20.25847634,3,Lyft,Sedan,Cloudy,High,1.0,42.21
0,0,7.004657358,1,Lyft,Hatchback,Clear,High,1.5,21.33
0,0,21.53017794,4,UberX,SUV,Snowy,Very Heavy,2.0,57.2
1,1,16.9223406,1,UberX,Van,Clear,Medium,1.0,34.03
0,0,18.54730307,4,UberX,Sedan,Clear,Low,1.5,34.71
0,0,20.57080681,2,Lyft,Hatchback,Clear,Very Heavy,1.0,40.25
1,0,14.87891224,2,LyftPlus,SUV,Rainy,Medium,1.0,31.35
1,0,13.26606543,1,Standard,SUV,Rainy,High,2.0,38.0
0,0,19.12741871,1,UberX,SUV,Rainy,High,1.0,35.3
0,0,10.84046578,1,UberX,Hatchback,Clear,Medium,1.0,25.94
1,0,8.115160433,1,UberXL,Sedan,Clear,Medium,1.0,19.78
0,0,15.19299109,1,UberX,Sedan,Cloudy,Medium,1.5,33.53
0,0,8.145103794,2,Lyft,Sedan,Clear,Low,1.0,12.71
0,0,8.965770874,1,UberX,Sedan,Clear,Low,1.5,21.29
0,0,6.843460206,1,UberX,SUV,Rainy,Medium,1.0,20.13
1,0,1.328464368,1,UberXL,SUV,Clear,Low,1.5,12.62
0,0,17.1139862,1,UberX,Hatchback,Rainy,Medium,1.0,32.04
1,0,11.06437358,1,UberX,Sedan,Clear,Low,1.0,19.41
0,0,11.41901545,2,UberXL,SUV,Snowy,High,1.0,29.59
0,0,18.20052354,1,UberX,Sedan,Cloudy,High,1.0,34.16
1,1,11.50713939,2,UberXL,Sedan,Rainy,Medium,1.0,26.8
0,0,14.12089842,1,UberX,SUV,Clear,Medium,1.0,26.81
0,1,12.13365396,2,Lyft,Hatchback,Clear,Very Heavy,1.0,29.87
0,1,16.62767893,1,Standard,SUV,Cloudy,Low,1.5,34.02
0,0,10.02621641,2,UberXL,Sedan,Clear,Medium,2.0,31.1
0,1,8.456166127,1,Lyft,Van,Rainy,Medium,1.5,25.32
0,0,23.52652254,1,Standard,Hatchback,Clear,Medium,1.5,47.22
0,0,22.94168324,1,UberX,SUV,Clear,Low,1.0,37.34
0,1,21.51697022,3,UberX,Van,Clear,Medium,1.0,40.3
0,1,23.40637609,2,UberX,Sedan,Clear,Medium,2.0,48.58
1,0,13.91980789,1,UberXL,SUV,Rainy,Medium,1.5,33.97
0,0,13.60541036,1,Lyft,Van,Rainy,Medium,1.0,28.96
1,0,18.03117138,1,UberX,SUV,Clear,Medium,1.0,31.2
0,0,17.93311575,1,LyftPlus,SUV,Rainy,Medium,1.0,32.03
0,0,20.79474525,1,UberX,Sedan,Cloudy,Low,1.0,33.32
0,0,19.34584191,1,Standard,Sedan,Rainy,High,1.0,37.66
0,1,22.9598852,4,Standard,Sedan,Clear,Medium,2.0,51.55
0,0,11.37450111,4,Standard,SUV,Clear,Low,1.0,22.1
1,0,22.43495777,1,LyftPlus,Sedan,Cloudy,Low,1.0,37.66
0,0,18.60767428,1,UberX,Sedan,Clear,High,1.0,34.59
1,0,16.35318284,1,Lyft,SUV,Cloudy,High,1.5,38.62
0,0,10.27450749,1,UberX,SUV,Rainy,Medium,1.0,24.71
0,1,19.48649921,1,LyftPlus,Hatchback,Cloudy,Medium,1.0,37.2
0,0,21.60626915,1,UberX,Hatchback,Snowy,Medium,1.0,41.1
1,0,8.387499246,4,UberX,SUV,Rainy,Medium,1.0,21.82
1,0,17.52779128,3,Standard,Sedan,Clear,High,1.0,35.63
0,0,12.91265869,1,UberX,SUV,Clear,Medium,2.0,34.28
0,0,24.48526817,1,UberX,Sedan,Clear,Medium,1.0,43.36
1,1,13.70626335,2,UberXL,SUV,Clear,Low,1.0,29.57
1,0,9.688402636,2,Lyft,Sedan,Clear,Low,1.0,19.07
0,0,13.49615627,1,Lyft,SUV,Clear,High,1.0,25.93
0,1,18.46481526,2,Lyft,Sedan,Clear,Low,1.5,37.75
1,0,4.324007891,1,LyftPlus,Sedan,Clear,Medium,1.0,10.44
1,1,16.28649742,1,UberX,Sedan,Cloudy,High,1.0,34.38
0,0,23.30874928,1,UberXL,Sedan,Rainy,Medium,1.5,47.37
0,0,22.41361256,3,Lyft,Van,Cloudy,High,1.5,45.84
0,1,3.669161045,1,Lyft,Van,Clear,Medium,1.5,19.68
1,0,25.17591051,1,UberXL,SUV,Clear,Medium,1.0,42.48
0,0,18.69837064,2,UberX,Van,Clear,High,1.5,40.35
0,0,10.38375053,2,UberX,Hatchback,Clear,High,1.0,21.06
1,1,5.547782844,3,UberX,Sedan,Clear,Medium,1.0,16.37
0,1,3.520357361,1,UberX,SUV,Clear,High,1.5,17.59
1,0,8.537515745,5,UberX,Sedan,Clear,High,1.0,21.26
0,0,20.9829177,1,UberXL,SUV,Rainy,High,1.0,38.71
1,0,3.735802895,1,UberX,Sedan,Rainy,Medium,1.5,17.05
0,0,6.287206934,1,Lyft,Hatchback,Clear,Medium,1.0,13.52
1,0,19.91361751,1,LyftPlus,SUV,Clear,Medium,1.0,33.89
1,0,16.1110011,1,UberX,Sedan,Clear,High,1.0,29.02
1,0,20.33665971,3,UberXL,Hatchback,Clear,Low,1.0,34.45
0,1,20.14567561,1,Standard,Hatchback,Snowy,High,1.0,37.79
0,0,3.834193783,1,UberXL,Hatchback,Cloudy,Medium,2.0,22.3
0,1,23.81165276,1,Standard,Hatchback,Clear,Medium,2.0,52.83
0,0,7.111569301,1,UberX,SUV,Clear,Medium,1.0,15.95
0,1,16.61791722,1,LyftPlus,Sedan,Clear,Medium,1.0,31.94
0,0,17.38699453,4,UberXL,Sedan,Clear,High,1.0,35.94
0,0,7.928359587,2,UberX,Sedan,Cloudy,Medium,1.0,16.54
0,1,5.278020033,4,Standard,Sedan,Rainy,Medium,1.0,15.64
0,1,23.36738868,1,Standard,Sedan,Clear,Low,1.0,40.56
0,1,14.09027051,1,UberX,SUV,Clear,High,1.5,37.65
1,0,3.551331205,1,Standard,Sedan,Rainy,High,1.5,20.55
0,0,24.61481773,2,UberX,Sedan,Clear,Low,1.0,42.4
1,1,16.1853283,1,Lyft,Hatchback,Rainy,Medium,1.0,36.93
0,0,16.95723602,1,UberX,Sedan,Clear,Medium,1.0,29.77
0,0,15.31495398,1,UberX,Sedan,Clear,Very Heavy,1.0,30.49
1,1,21.20182392,1,Lyft,Sedan,Rainy,Low,1.5,43.71
0,0,3.683176199,1,UberX,Sedan,Clear,Low,1.0,4.88
0,1,9.948909641,1,UberX,Van,Clear,Low,1.0,22.21
0,0,11.93796407,2,UberXL,SUV,Clear,High,1.0,24.75
1,0,3.560645119,6,UberX,Sedan,Clear,High,2.0,23.28
0,0,18.85552626,1,Lyft,Sedan,Rainy,Medium,1.0,34.51
0,0,9.961825803,1,UberX,Sedan,Clear,Low,1.0,16.85
0,0,8.391548109,2,LyftPlus,SUV,Rainy,Medium,1.5,24.73
0,0,4.05279443,1,UberX,Van,Clear,Low,1.0,8.38
1,1,18.72753775,1,UberX,SUV,Clear,Low,2.0,42.96
1,0,19.96937469,2,UberX,SUV,Rainy,High,1.0,37.89
0,0,11.87998942,1,Lyft,Sedan,Rainy,High,1.0,26.29
0,0,7.59511639,1,UberX,SUV,Clear,Very Heavy,1.5,23.24
0,1,14.71050459,1,UberXL,Sedan,Clear,Medium,1.0,30.71
0,1,11.56556384,1,UberX,Sedan,Clear,Medium,2.0,34.96
0,0,17.2631761,1,LyftPlus,SUV,Cloudy,High,1.5,36.08
0,1,2.983562038,1,UberX,Sedan,Clear,Low,1.0,11.05
0,0,14.64847125,1,LyftPlus,Hatchback,Clear,Low,1.0,25.54
0,0,16.88153386,1,UberX,Van,Clear,Medium,1.0,30.38
0,0,22.68208324,1,UberX,Sedan,Clear,Very Heavy,1.0,41.54
0,0,11.68883398,1,UberX,Sedan,Rainy,High,1.0,27.35
0,0,20.34287455,1,UberX,Sedan,Clear,Low,1.0,31.95
0,1,17.07485926,1,UberXL,Sedan,Clear,Low,1.0,30.81
1,0,24.81793206,1,Standard,SUV,Clear,High,1.5,46.11
1,0,6.187505521,1,UberX,Sedan,Clear,High,1.5,21.28
0,0,12.62087898,1,UberXL,SUV,Clear,High,1.0,25.33
0,0,10.97936494,1,UberX,SUV,Clear,Low,1.0,18.3
0,0,23.70182398,1,UberX,Sedan,Clear,Medium,1.0,41.08
0,0,4.79320282,1,UberX,SUV,Rainy,Medium,2.0,25.89
0,1,4.415078008,4,LyftPlus,Van,Rainy,Very Heavy,1.0,19.79
0,0,5.310542373,1,UberX,Sedan,Clear,Low,2.5,23.65
0,0,22.92539617,1,Lyft,SUV,Clear,Medium,2.0,49.36
0,0,2.430544141,1,UberX,SUV,Clear,Low,2.0,17.44
1,1,21.56440226,2,UberX,Hatchback,Clear,Medium,1.0,38.86
0,1,12.86778856,1,UberXL,Sedan,Cloudy,Low,1.0,28.63
0,0,3.278660196,1,UberX,Hatchback,Snowy,High,2.5,27.14
1,1,11.28109262,1,UberX,SUV,Rainy,Medium,1.0,21.81
1,0,7.166880617,1,UberX,Sedan,Clear,Medium,1.0,14.59
0,0,17.25006301,3,UberX,Hatchback,Rainy,Medium,1.0,30.9
0,0,15.93561911,4,LyftPlus,Van,Clear,High,1.0,33.17
0,0,13.8003834,1,UberX,Hatchback,Rainy,High,2.0,40.89
1,1,3.508852106,1,Lyft,Van,Clear,Low,1.0,8.55
1,1,15.72795413,2,UberX,Sedan,Clear,Low,1.5,32.81
1,0,22.08905293,1,LyftPlus,Sedan,Clear,Medium,1.0,36.06
0,0,19.15842575,1,UberXL,SUV,Clear,Medium,1.0,33.45
0,1,21.42400347,2,UberX,Sedan,Rainy,Medium,1.5,47.34
1,1,5.610485302,1,Standard,SUV,Rainy,High,2.5,36.21
0,1,7.732459442,5,UberX,Sedan,Cloudy,Low,2.5,35.34
1,0,21.81763634,1,Lyft,SUV,Snowy,Very Heavy,1.5,48.42
1,0,10.81123873,1,Lyft,SUV,Clear,Low,1.0,19.24
0,1,10.89423751,1,UberX,SUV,Clear,Low,1.0,21.64
0,1,10.91419259,2,Standard,Sedan,Clear,Medium,1.0,24.36
0,0,4.175420488,1,LyftPlus,Hatchback,Cloudy,Medium,1.0,11.78
0,0,21.27107634,1,LyftPlus,Hatchback,Clear,Low,1.0,35.7
0,0,24.33288896,5,Standard,SUV,Clear,High,1.0,44.91
0,0,17.57423222,1,UberXL,SUV,Clear,Medium,1.0,29.18
1,1,7.919581823,1,UberX,Sedan,Snowy,Low,1.0,20.7
0,0,9.077588348,1,Lyft,Sedan,Cloudy,High,1.0,19.45
1,0,12.93190889,1,UberX,Sedan,Clear,Very Heavy,1.0,27.26
0,1,23.83257651,1,UberX,Hatchback,Cloudy,Medium,1.5,48.53
0,0,7.535879603,1,UberXL,Sedan,Clear,High,1.0,19.22
0,0,20.62434687,2,Standard,SUV,Clear,Low,1.0,34.94
1,0,9.241433822,1,UberX,Sedan,Rainy,Medium,2.0,29.9
1,0,20.41475109,2,LyftPlus,Hatchback,Clear,Medium,1.0,37.14
0,0,23.6212216,1,UberXL,Sedan,Clear,Very Heavy,2.5,58.58
0,0,13.7149214,5,UberX,SUV,Cloudy,Medium,1.0,30.87
0,0,9.363545414,1,LyftPlus,Hatchback,Rainy,Low,1.0,17.17
0,1,3.581697092,1,Standard,SUV,Snowy,Medium,1.0,14.35
0,1,20.56534334,1,UberX,SUV,Clear,Low,2.0,45.23
0,0,10.1859303,1,UberX,SUV,Clear,Low,1.0,21.55
1,0,13.70733028,1,UberX,SUV,Clear,Medium,1.0,25.89
0,1,18.23861928,1,LyftPlus,Sedan,Cloudy,Medium,2.0,41.75
0,1,15.96128655,1,UberX,Sedan,Clear,Low,1.5,31.5
1,0,5.916777175,1,UberX,Hatchback,Clear,Low,1.5,18.61
0,0,22.85501715,1,Lyft,Van,Clear,Medium,2.0,47.35
0,0,9.656866887,2,UberXL,SUV,Rainy,High,1.5,28.04
0,1,6.946327631,2,UberX,Hatchback,Clear,Medium,1.0,17.36
0,0,23.64196905,1,LyftPlus,SUV,Clear,High,1.0,44.88
1,1,9.604859113,1,Standard,Van,Clear,Low,1.5,24.2
1,0,19.10235909,1,Standard,Hatchback,Clear,Low,1.0,31.32
1,0,8.7041776,3,UberX,SUV,Clear,High,1.0,21.0
1,0,10.57040438,3,Standard,Sedan,Clear,Medium,1.0,23.22
0,1,10.63277643,1,Lyft,Sedan,Cloudy,Medium,1.0,23.28
0,0,20.59829105,1,UberX,Sedan,Clear,Very Heavy,1.0,35.2
0,0,15.21426994,1,Lyft,Hatchback,Clear,Medium,1.5,34.23
0,0,22.90012919,1,UberX,Sedan,Clear,Low,1.5,40.71
1,0,10.55259143,1,Lyft,SUV,Snowy,Very Heavy,1.0,24.73
0,0,18.4056984,1,Lyft,Van,Clear,Low,1.5,35.27
0,0,20.88431053,1,Lyft,Hatchback,Cloudy,High,1.0,38.21
0,1,6.983990647,1,UberX,Hatchback,Cloudy,Medium,1.0,20.11
0,0,13.69583161,4,Lyft,Sedan,Clear,Medium,1.0,24.24
1,0,14.5396954,1,UberX,Sedan,Clear,Medium,1.0,26.99
0,1,8.898412981,1,Standard,Sedan,Rainy,Medium,1.5,29.76
1,1,9.688104974,1,Lyft,Hatchback,Rainy,High,1.0,24.53
0,1,16.48339252,1,UberX,Sedan,Rainy,Very Heavy,1.0,37.53
0,1,7.110240114,3,UberX,Sedan,Cloudy,Low,1.0,18.35
0,1,18.23523427,1,Lyft,Hatchback,Clear,High,2.0,45.25
0,0,5.868726025,1,UberXL,Sedan,Rainy,Low,1.5,20.46
0,0,23.13131647,1,Lyft,SUV,Clear,Low,1.0,37.92
0,0,16.82855372,1,UberX,Hatchback,Clear,Very Heavy,2.0,42.92
0,0,15.78302203,2,Lyft,SUV,Rainy,Medium,1.0,33.32
0,1,4.228041244,1,UberX,Van,Clear,Low,1.0,11.23
0,0,20.77878168,1,UberXL,Sedan,Clear,Medium,1.0,38.33
0,0,10.72439939,1,Standard,Sedan,Clear,Medium,1.0,20.43
0,0,18.10946234,1,Lyft,Sedan,Clear,Medium,1.5,37.07
0,0,24.40834286,1,UberX,SUV,Cloudy,Medium,1.5,46.31
0,1,14.62039143,1,Standard,Hatchback,Clear,High,1.0,32.01
0,1,18.73542158,1,UberX,Van,Rainy,Low,1.0,34.41
0,0,13.02918637,2,Lyft,Van,Clear,Low,1.0,24.09
0,0,3.693186181,1,UberXL,SUV,Clear,Low,1.5,14.73
1,0,22.89803772,1,UberX,SUV,Clear,Low,1.0,38.2
0,0,5.595315973,1,UberX,SUV,Clear,Very Heavy,1.0,19.32
1,1,16.665651,1,UberX,SUV,Clear,Very Heavy,2.0,44.83
0,1,2.350470916,1,LyftPlus,Sedan,Cloudy,High,1.0,16.82
1,0,22.42943805,1,LyftPlus,Sedan,Clear,Medium,2.0,50.48
1,0,5.396114428,1,UberXL,Sedan,Clear,High,1.0,12.57
0,0,14.49687806,6,UberX,Sedan,Clear,Low,1.0,26.04
0,0,16.14801983,1,LyftPlus,Hatchback,Clear,Low,1.5,33.91
0,0,13.02643114,2,UberXL,Hatchback,Clear,Medium,1.0,24.12
0,0,11.51559675,2,UberXL,SUV,Rainy,High,1.0,26.79
1,0,15.0993339,6,UberXL,Sedan,Clear,Medium,2.0,39.11
0,0,10.24722411,1,UberX,SUV,Clear,Medium,1.0,19.53
0,0,11.42661234,3,UberXL,SUV,Clear,Low,1.0,20.96
0,0,11.03997143,4,Lyft,Sedan,Clear,Medium,1.0,24.09
0,0,14.87235506,1,UberXL,SUV,Clear,High,1.0,28.42
0,0,10.22660504,1,LyftPlus,Hatchback,Rainy,Medium,1.0,24.63
1,0,5.693161518,1,UberX,Hatchback,Rainy,Medium,1.0,14.18
0,0,25.15296365,1,Lyft,SUV,Clear,Medium,1.0,43.97
0,0,14.66874489,1,UberX,Sedan,Rainy,High,1.0,30.47
1,1,7.233202396,1,Lyft,SUV,Clear,Medium,1.0,15.75
0,1,14.74752358,2,UberX,Van,Rainy,Medium,1.0,30.84
1,1,21.49024385,1,UberX,Hatchback,Cloudy,Medium,1.0,39.16
0,1,4.439787054,2,LyftPlus,Sedan,Clear,Low,1.0,14.12
0,0,19.54219336,1,UberX,Hatchback,Clear,High,1.0,35.22
0,0,14.24134291,1,Lyft,Sedan,Clear,Very Heavy,1.0,32.51
0,0,7.067932674,1,Standard,SUV,Clear,Medium,1.0,15.27
0,0,8.416553762,1,UberXL,Hatchback,Clear,Low,1.0,16.42
0,1,19.90996691,2,UberX,SUV,Rainy,High,1.0,42.8
0,0,9.746480207,1,UberX,Sedan,Clear,Medium,2.5,32.68
1,1,8.547646764,1,LyftPlus,Sedan,Clear,Medium,1.0,21.22
0,1,21.16667906,3,UberX,Sedan,Rainy,Low,1.5,44.32
0,0,17.46641794,1,Lyft,Hatchback,Rainy,High,1.0,34.15
1,0,22.39207861,2,Lyft,Hatchback,Clear,High,1.5,45.61
0,0,18.78808348,1,UberXL,Hatchback,Rainy,High,1.0,35.52
0,1,20.32416444,1,Lyft,Sedan,Cloudy,Medium,1.0,42.03
0,0,21.85448889,1,UberX,Hatchback,Clear,High,2.0,49.37
0,0,3.773824651,6,UberXL,Sedan,Clear,Medium,1.0,13.07
0,0,20.1429087,1,Lyft,Sedan,Rainy,Medium,1.0,35.88
0,0,17.60309725,3,UberX,SUV,Rainy,High,1.0,33.49
0,0,5.449185329,6,UberX,Sedan,Clear,Very Heavy,1.5,25.03
1,1,15.09791263,1,Lyft,Sedan,Clear,High,1.5,35.49
1,0,4.510411937,1,Lyft,Sedan,Rainy,High,1.0,15.91
0,1,18.66794428,2,UberXL,SUV,Snowy,High,1.0,38.19
0,0,13.59566274,1,Lyft,Sedan,Rainy,High,1.0,29.66
0,0,24.50716292,1,UberXL,Sedan,Snowy,High,1.0,45.74
0,0,5.510454379,1,LyftPlus,Sedan,Rainy,Medium,1.0,12.79
0,0,16.31722559,2,Lyft,Sedan,Cloudy,Low,1.0,28.39
0,0,7.234543906,2,UberX,SUV,Rainy,High,1.0,20.57
1,0,16.73189453,1,UberX,Van,Cloudy,Very Heavy,1.0,34.68
0,0,20.0638469,1,Lyft,Sedan,Clear,Medium,1.0,35.37
0,1,20.24434585,3,LyftPlus,Van,Cloudy,High,1.0,39.96
1,1,21.63401352,1,UberX,Sedan,Clear,Medium,2.0,49.16
0,0,21.01385161,2,UberXL,Sedan,Clear,Very Heavy,1.0,38.99
0,1,4.67764416,1,UberX,Hatchback,Clear,High,1.0,16.81
0,1,9.678113363,2,UberX,Hatchback,Clear,Medium,1.0,22.09
0,0,17.46248333,3,Lyft,Sedan,Clear,High,2.0,42.95
0,1,14.45131655,1,UberX,Sedan,Snowy,High,1.0,35.86
1,0,6.220661255,1,Lyft,Hatchback,Rainy,High,1.0,19.94
1,1,14.70520403,1,Standard,Van,Cloudy,Very Heavy,1.5,37.65
0,1,10.89379866,1,Standard,Van,Snowy,Low,1.0,24.46
0,0,5.658297225,1,UberX,SUV,Clear,Low,1.0,11.21
0,1,11.22029308,1,Lyft,Hatchback,Clear,High,1.0,23.84
1,0,18.59823283,1,Standard,Hatchback,Clear,Very Heavy,1.0,37.03
0,0,13.60080433,1,UberX,Hatchback,Clear,Medium,1.0,28.21
1,1,4.595376242,2,UberXL,Van,Rainy,Low,1.0,15.9
1,1,2.262088556,1,Standard,Hatchback,Clear,Medium,1.0,12.87
0,0,22.57220019,1,UberX,SUV,Clear,Medium,1.5,45.25
1,1,25.65591479,1,Standard,Sedan,Clear,High,2.0,54.93
0,0,17.95854546,2,UberXL,SUV,Clear,Low,1.0,33.23
0,0,11.1651336,1,UberX,Hatchback,Clear,Low,1.0,19.71
0,0,23.33049084,1,UberXL,Sedan,Cloudy,High,2.5,57.37
1,0,8.519739245,1,UberX,Sedan,Clear,Low,1.0,14.91
1,0,18.61484166,2,UberX,Sedan,Clear,High,2.0,42.49
0,1,20.38424492,2,UberXL,Van,Clear,Medium,1.0,36.74
0,1,19.14258848,1,UberXL,Hatchback,Clear,High,1.5,44.78
1,0,11.44271203,1,UberXL,Sedan,Clear,Low,1.5,25.86
1,1,13.84166694,1,UberX,Sedan,Clear,Medium,1.0,28.91
0,0,7.502363692,2,LyftPlus,SUV,Clear,Medium,1.0,16.84
1,1,9.231789979,1,UberXL,SUV,Cloudy,High,1.0,22.98
1,0,19.23670528,1,LyftPlus,Sedan,Cloudy,Medium,1.0,33.49
0,0,23.65278669,1,LyftPlus,Van,Clear,Low,2.5,56.77
0,0,17.71648145,2,UberX,SUV,Rainy,High,1.0,38.33
0,0,12.74154495,1,UberX,SUV,Clear,Low,1.5,28.21
1,0,5.017812923,1,Standard,Hatchback,Clear,Very Heavy,1.5,18.45
0,0,5.388342916,1,Lyft,Sedan,Clear,Low,1.0,11.64
1,1,3.96098435,1,UberX,SUV,Clear,Medium,1.0,10.95
0,1,11.98823799,1,Lyft,SUV,Rainy,Low,1.0,23.34
0,0,14.45486651,1,UberX,Van,Cloudy,Medium,1.0,28.83
0,0,15.77782731,1,UberX,Sedan,Clear,Medium,2.5,41.99
1,0,3.534341174,1,UberXL,Hatchback,Clear,Medium,1.0,9.71
1,0,25.02007402,1,UberX,SUV,Clear,Low,1.0,42.56
1,0,10.66565322,1,Standard,Hatchback,Clear,High,1.5,28.11
0,1,19.75186192,1,LyftPlus,Hatchback,Cloudy,High,1.0,39.58
1,0,15.12345662,1,Lyft,Sedan,Cloudy,Medium,1.0,30.38
0,1,6.333732667,1,UberX,Sedan,Rainy,Medium,2.0,27.85
0,0,21.6337235,1,UberX,Sedan,Clear,High,1.0,39.36
1,0,18.28115603,1,UberX,SUV,Rainy,Low,1.5,40.28
1,0,4.332934717,1,UberXL,Van,Clear,Very Heavy,2.0,22.81
0,0,7.08543508,1,UberX,Sedan,Snowy,Medium,1.0,18.38
0,1,11.60538671,3,Lyft,SUV,Clear,High,1.0,27.95
0,1,13.91545096,1,UberXL,Hatchback,Clear,Medium,1.0,26.03
1,0,7.691048816,1,Standard,Van,Clear,Medium,1.0,16.73
0,0,18.69961806,1,Standard,SUV,Clear,High,1.0,34.02
1,0,22.0552087,1,Lyft,Hatchback,Rainy,Medium,1.0,38.67
1,0,4.536702839,1,Lyft,Sedan,Rainy,High,2.0,26.96
0,0,8.276222637,2,UberX,Sedan,Rainy,Medium,1.0,21.24
0,1,24.24930766,1,UberX,Sedan,Clear,Low,2.0,52.33
1,0,11.48010035,1,Standard,SUV,Clear,Medium,1.0,23.18
0,0,17.47655687,2,Lyft,SUV,Cloudy,High,1.0,32.66
0,0,15.02966897,1,UberX,Sedan,Cloudy,Medium,2.5,43.22
0,1,16.63959993,1,Lyft,Sedan,Clear,Medium,2.0,40.88
0,0,12.1315007,1,Standard,Sedan,Cloudy,Medium,1.0,24.81
0,0,9.881796595,1,UberX,Sedan,Snowy,Medium,1.0,21.57
0,0,4.11590922,1,UberX,Van,Rainy,High,1.0,13.88
0,0,19.85215064,1,Standard,Van,Clear,Low,1.0,31.84
0,0,17.41232004,1,UberXL,Sedan,Rainy,Medium,2.0,43.04
0,0,17.27648583,3,UberXL,Sedan,Clear,Medium,1.5,36.33
1,0,15.97654916,3,UberX,Hatchback,Rainy,Medium,1.0,32.47
0,0,9.051871705,2,LyftPlus,Sedan,Clear,Very Heavy,1.0,20.73
0,1,2.705981262,3,LyftPlus,Van,Cloudy,Low,1.0,10.08
1,1,19.22684381,1,UberXL,Sedan,Rainy,Low,1.5,41.6
1,0,10.21161107,1,UberX,SUV,Clear,High,1.0,21.52
0,1,14.25442442,1,UberXL,Hatchback,Rainy,Medium,2.5,49.79
1,0,4.07124344,2,UberX,Sedan,Clear,High,1.5,18.74
1,1,9.612258382,1,UberX,Sedan,Clear,High,1.0,23.03
1,1,6.825381994,1,UberX,Hatchback,Clear,Medium,1.5,23.98
1,1,4.755057312,2,UberX,Van,Clear,Low,1.0,14.24
0,0,10.16494283,2,Standard,SUV,Snowy,Low,1.0,22.12
1,0,19.52905343,2,UberX,Hatchback,Clear,Low,1.0,37.46
0,0,23.64689396,1,UberXL,Van,Rainy,Medium,2.5,59.15
0,1,22.59942731,1,UberX,Sedan,Clear,High,1.0,40.43
0,0,23.81860367,1,Lyft,Sedan,Rainy,High,1.5,48.83
1,0,20.58633629,1,UberX,Sedan,Clear,Low,1.0,31.34
0,0,15.73639844,1,UberXL,Sedan,Clear,High,1.0,27.91
0,0,6.114336435,1,Lyft,Hatchback,Snowy,Low,1.5,25.05
0,0,20.07286432,1,Standard,Sedan,Clear,High,1.5,43.24
0,0,9.09167049,1,Lyft,Sedan,Rainy,Low,1.0,16.26
0,1,6.644954843,2,UberX,Sedan,Clear,Low,1.0,15.51
0,1,8.044791278,3,UberX,Sedan,Clear,High,1.0,21.03
0,1,14.05484991,1,Lyft,Sedan,Cloudy,Medium,1.0,32.71
1,0,10.0514448,1,UberX,Sedan,Rainy,Medium,1.5,23.09
0,0,6.74763368,1,UberXL,Hatchback,Clear,Medium,1.0,14.07
0,0,12.9848921,1,Standard,Hatchback,Cloudy,Low,1.5,27.14
0,0,20.88595526,2,LyftPlus,Hatchback,Clear,High,1.0,36.96
1,0,15.64946856,2,LyftPlus,Hatchback,Clear,High,1.0,30.46
0,1,22.3050767,2,LyftPlus,Van,Clear,Low,1.0,40.54
0,0,7.248974192,1,Lyft,Sedan,Rainy,Medium,1.0,16.74
0,0,8.759430406,3,Lyft,Van,Clear,Medium,1.0,19.17
0,0,17.00012302,1,UberX,SUV,Clear,Medium,1.5,33.57
0,1,15.02039259,1,Standard,Sedan,Snowy,Medium,1.0,31.32
0,0,17.86789255,1,UberX,SUV,Clear,High,1.0,34.17
0,0,22.26712854,2,Lyft,Sedan,Clear,Very Heavy,1.0,42.62
1,0,11.14399896,1,UberX,Sedan,Clear,Medium,1.0,18.65
0,0,19.16952395,1,UberX,Sedan,Clear,Medium,1.0,32.36
1,0,23.14960056,1,Lyft,Sedan,Clear,High,1.5,45.74
0,0,11.26574285,1,UberX,Hatchback,Clear,Medium,1.0,21.02
1,1,7.581809747,1,Lyft,Sedan,Clear,Medium,1.0,17.58
1,1,15.32404368,1,Lyft,Hatchback,Clear,Medium,1.0,26.02
1,0,5.867339863,1,UberXL,Sedan,Rainy,High,1.0,18.86
0,0,11.09937978,1,UberX,Sedan,Snowy,Medium,1.0,24.33
1,0,6.048905896,1,UberXL,Sedan,Rainy,Low,1.0,18.39
0,1,10.51915461,1,LyftPlus,Hatchback,Clear,Medium,1.5,28.27
0,0,3.004849087,1,UberX,Van,Clear,High,1.0,11.83
0,1,2.858541851,2,UberXL,Sedan,Rainy,High,1.0,14.15
0,1,17.00530068,1,UberXL,Van,Rainy,High,1.0,35.39
0,0,15.72705508,1,LyftPlus,Hatchback,Clear,High,1.0,31.19
0,0,17.44494839,1,Lyft,Sedan,Clear,Low,1.0,29.15
1,0,17.61757546,1,UberX,SUV,Rainy,Medium,1.5,37.24
1,1,5.127796663,5,LyftPlus,Hatchback,Clear,Low,1.0,17.78
0,1,8.519000553,1,LyftPlus,SUV,Clear,High,2.0,31.84
0,1,6.000641175,1,Lyft,SUV,Clear,Medium,1.0,17.29
0,0,20.97219704,1,UberXL,Sedan,Rainy,High,1.0,39.45
0,1,20.5884085,1,Lyft,Sedan,Rainy,High,2.0,53.46
0,1,7.26996661,1,UberXL,Sedan,Cloudy,High,1.5,23.76
0,0,10.15883888,4,Lyft,SUV,Rainy,High,1.0,26.97
0,1,24.52707212,3,LyftPlus,Hatchback,Clear,Medium,1.0,43.92
0,0,14.06569965,1,LyftPlus,Hatchback,Rainy,Medium,1.0,30.55
0,0,21.83897609,1,UberXL,SUV,Clear,Medium,1.0,39.52
0,0,9.605902485,2,LyftPlus,Sedan,Clear,Low,1.5,22.63
0,0,6.828095853,1,UberX,Sedan,Cloudy,Low,1.0,17.75
0,0,19.11551592,1,UberX,Hatchback,Clear,Low,1.0,32.19
1,0,17.07919828,1,UberXL,Sedan,Clear,Very Heavy,1.0,36.35
0,1,16.57156804,1,Lyft,SUV,Clear,Low,1.0,31.58
0,0,13.46122486,2,UberX,Sedan,Snowy,High,1.0,30.95
0,0,13.95631556,2,UberXL,Sedan,Clear,Low,1.0,25.39
0,1,16.53823301,4,UberX,Sedan,Clear,Very Heavy,1.0,35.43
1,0,8.576444448,1,Lyft,Hatchback,Clear,Medium,1.0,19.36
0,0,10.62434971,3,LyftPlus,SUV,Cloudy,Medium,1.0,24.6
0,0,23.45708534,1,Lyft,SUV,Clear,Medium,2.0,51.19
0,0,10.78211876,1,UberX,Van,Snowy,High,1.0,26.32
0,0,14.28481629,1,Standard,Sedan,Clear,Low,1.0,25.28
0,1,18.2104126,1,Lyft,Sedan,Clear,High,2.5,51.46
0,0,26.10143842,1,LyftPlus,Sedan,Clear,High,2.0,56.56
0,0,12.12790676,2,Lyft,Sedan,Clear,Low,1.0,22.92
0,0,12.5886311,1,Standard,Hatchback,Cloudy,Low,1.0,23.55
0,1,20.93100018,1,LyftPlus,Hatchback,Rainy,High,1.0,41.13
0,1,20.7603065,2,UberXL,SUV,Clear,Low,1.0,38.71
1,1,19.16735922,3,UberX,SUV,Clear,High,1.0,39.07
1,0,12.8421303,1,Lyft,Hatchback,Rainy,Low,1.0,25.4
0,0,11.19257043,1,Lyft,SUV,Clear,Medium,1.0,21.26
0,0,15.5277629,3,Lyft,Sedan,Cloudy,High,1.5,37.43
1,1,22.39225224,2,UberX,Hatchback,Clear,High,1.0,39.38
1,1,24.22660409,1,UberXL,Hatchback,Clear,Medium,2.0,53.46
0,1,5.698262209,1,Lyft,SUV,Clear,High,1.5,21.02
1,1,11.62718494,1,LyftPlus,Sedan,Clear,High,1.5,30.28
0,1,13.57139883,3,Lyft,Sedan,Clear,Medium,1.0,27.52
0,0,26.93956506,1,UberX,SUV,Snowy,Medium,1.5,51.51
0,1,17.95518357,1,UberX,Sedan,Clear,Medium,1.0,33.37
1,1,12.75304193,3,UberX,SUV,Clear,Very Heavy,1.0,28.57
0,0,3.578455976,1,UberX,Sedan,Clear,High,1.0,12.04
0,1,15.71392462,3,UberX,SUV,Rainy,Low,1.5,38.23
0,1,5.035416249,1,Lyft,Sedan,Rainy,Medium,1.0,18.18
0,0,20.33985452,1,Standard,Van,Rainy,Very Heavy,1.0,41.18
0,0,19.9293684,1,UberX,Sedan,Clear,Low,1.5,37.3
1,0,8.776985539,3,Lyft,SUV,Rainy,Very Heavy,1.0,22.61
0,0,12.81876138,2,Lyft,Sedan,Rainy,Medium,1.0,25.95
0,0,14.35433609,3,Standard,Sedan,Clear,Low,1.0,25.61
0,0,22.66949159,1,Standard,SUV,Clear,Medium,1.0,38.26
0,1,8.422842005,1,UberX,Sedan,Rainy,Medium,1.0,25.48
1,1,8.719324767,1,UberX,SUV,Clear,High,1.0,22.79
0,0,11.44641799,1,UberX,Sedan,Clear,Medium,1.0,23.19
0,0,23.77095488,1,Lyft,SUV,Clear,Medium,1.5,46.17
0,0,19.62686043,3,Lyft,Hatchback,Clear,Very Heavy,1.0,37.24
0,0,21.83343806,1,UberX,Van,Clear,Low,2.0,46.26
0,1,7.418903258,2,LyftPlus,SUV,Rainy,Medium,1.0,21.62
0,1,5.150613061,4,UberXL,Hatchback,Cloudy,Medium,1.5,23.02
1,1,3.932373021,1,Standard,Hatchback,Clear,Low,1.0,12.09
0,0,10.1500907,3,UberX,Sedan,Clear,Low,2.0,30.47
0,0,19.23631673,1,UberX,Hatchback,Rainy,Medium,1.0,34.98
0,0,9.038473785,2,UberX,SUV,Rainy,Low,1.0,17.1
0,0,19.4582069,1,UberX,Sedan,Clear,Medium,1.0,35.71
0,0,8.945280581,1,Lyft,Van,Rainy,Medium,1.0,19.23
1,1,12.59669398,1,UberX,Sedan,Rainy,High,1.0,28.5
0,0,24.3525692,5,Lyft,SUV,Clear,Medium,1.5,46.76
0,1,8.538193248,2,UberX,SUV,Clear,Medium,1.0,20.37
0,0,11.37841282,1,UberX,SUV,Clear,Low,1.5,24.31
0,1,8.768186382,6,LyftPlus,SUV,Snowy,Low,1.5,31.58
0,1,5.870547199,1,Standard,Sedan,Clear,Medium,2.0,27.55
1,1,11.63755818,3,UberXL,Sedan,Clear,Very Heavy,1.0,28.89
0,0,15.60788954,1,Standard,Sedan,Clear,Low,1.0,25.61
0,0,10.82333501,1,Lyft,Sedan,Cloudy,Medium,1.0,24.62
0,0,16.96720781,1,UberXL,Hatchback,Clear,High,1.0,33.83
0,0,22.10749626,1,LyftPlus,Hatchback,Rainy,High,1.0,40.86
1,0,14.22924766,1,UberX,Sedan,Rainy,Very Heavy,1.0,31.93
1,0,2.49502933,1,UberX,Sedan,Rainy,Low,1.0,9.77
0,0,17.0038198,1,Lyft,Sedan,Cloudy,Low,1.0,30.59
0,1,5.55109042,1,UberX,Sedan,Clear,Medium,1.0,15.1
0,0,17.29718688,4,UberX,Hatchback,Cloudy,Low,1.0,31.18
1,0,17.49891199,1,UberX,Sedan,Cloudy,Medium,1.0,36.01
1,0,7.479446729,1,Lyft,SUV,Cloudy,High,1.0,18.82
0,1,20.73824363,1,Lyft,SUV,Rainy,High,1.0,40.43
1,0,24.70472781,1,UberXL,Van,Cloudy,Low,1.5,45.58
0,0,20.45060698,2,LyftPlus,Sedan,Clear,Low,2.0,47.27
0,1,9.811400242,2,UberXL,Sedan,Clear,Very Heavy,1.5,29.54
0,0,16.07539454,1,Lyft,Van,Clear,Medium,1.0,27.85
0,1,21.96571623,1,Standard,Sedan,Clear,Very Heavy,1.0,43.13
0,0,7.807082827,2,LyftPlus,Hatchback,Rainy,High,2.0,30.49
0,0,9.878022258,3,UberXL,Hatchback,Clear,Very Heavy,1.5,30.83
0,1,22.41744971,1,Lyft,Sedan,Clear,High,1.5,49.77
0,0,10.19514005,1,UberXL,Sedan,Rainy,Medium,1.5,26.67
0,1,11.62167755,1,Lyft,Sedan,Cloudy,High,1.0,27.8
0,0,3.063334324,1,UberX,Hatchback,Rainy,Medium,1.5,16.27
0,0,3.013268127,2,UberXL,Hatchback,Cloudy,Low,1.0,7.49
0,1,19.67474278,1,UberX,SUV,Clear,Low,1.0,37.43
0,0,20.67927658,1,UberX,Sedan,Cloudy,Medium,1.0,39.28
0,1,21.33620426,1,Lyft,Sedan,Clear,Low,1.0,38.27
1,0,22.46988767,1,LyftPlus,Sedan,Snowy,Low,1.0,39.11
1,0,6.661898535,1,UberX,Van,Clear,Medium,1.0,13.42
0,0,8.855017131,1,UberX,Hatchback,Cloudy,Very Heavy,1.0,22.57
0,1,22.82922316,2,UberXL,Sedan,Rainy,Medium,1.0,45.49
1,0,6.52603582,1,Lyft,Sedan,Clear,Medium,1.0,15.17
0,0,7.111838833,1,UberX,Hatchback,Rainy,Low,1.0,17.73
0,0,17.6551014,1,UberX,Sedan,Cloudy,Low,1.5,35.39
1,0,15.22506831,1,UberXL,SUV,Cloudy,High,1.0,29.18
0,0,5.476864288,1,LyftPlus,Sedan,Clear,High,1.0,15.13
0,0,10.59487619,1,UberX,Sedan,Clear,Medium,1.0,17.96
0,0,13.38700106,2,UberX,Sedan,Clear,Medium,1.0,24.84
0,1,23.89006981,1,Lyft,Sedan,Clear,High,1.0,45.46
0,0,19.4611341,2,UberX,Sedan,Clear,Low,1.0,29.54
1,0,17.3956804,1,UberX,Sedan,Rainy,Medium,1.0,30.86
0,0,15.82913239,1,UberXL,Sedan,Clear,High,1.0,29.94
0,0,9.888885276,1,Standard,Sedan,Rainy,High,1.0,21.24
0,1,6.657035227,1,UberX,Sedan,Clear,Low,1.0,14.67
0,0,12.16944416,1,UberXL,Sedan,Clear,Low,2.0,28.75
0,0,4.468225772,1,UberX,SUV,Clear,High,1.0,14.31
0,0,8.804836504,1,LyftPlus,Van,Rainy,Medium,2.5,36.75
0,0,9.058928064,1,UberX,Sedan,Rainy,High,2.5,34.76
1,1,11.00264898,1,Lyft,Sedan,Clear,Low,1.5,27.28
0,1,11.79549645,4,LyftPlus,Sedan,Clear,Low,1.5,29.29
1,0,5.146301652,3,Standard,Hatchback,Clear,Medium,1.0,14.21
0,0,8.498136227,1,Lyft,Sedan,Cloudy,Very Heavy,1.0,23.76
0,0,15.90989434,1,UberX,Sedan,Rainy,High,2.5,45.7
0,0,15.60070373,1,UberXL,Van,Rainy,High,1.0,33.79
0,1,3.614599918,1,UberX,Sedan,Clear,Medium,1.0,15.21
1,0,24.53606567,2,Lyft,Van,Clear,High,1.0,40.91
0,1,5.557880191,1,Lyft,Hatchback,Clear,High,1.5,23.17
1,0,21.8916013,1,LyftPlus,SUV,Clear,Medium,1.0,36.75
0,1,2.82790226,4,UberXL,SUV,Clear,Very Heavy,1.0,16.9
1,0,22.64124214,2,Lyft,Sedan,Clear,High,1.5,44.69
0,0,3.159560968,2,Standard,Hatchback,Clear,Very Heavy,1.0,12.86
0,1,19.34798246,3,Standard,Sedan,Clear,High,1.0,37.65
1,0,12.74606434,2,Lyft,SUV,Clear,High,1.0,24.88
0,0,17.65424196,1,Lyft,Sedan,Clear,Very Heavy,1.0,35.41
1,1,10.27242572,1,UberXL,Sedan,Rainy,Medium,1.0,24.99
0,0,5.341492444,1,UberX,SUV,Rainy,High,1.0,17.48
0,0,18.66541169,1,UberX,SUV,Clear,Low,1.5,35.75
1,0,2.564028658,2,UberXL,Sedan,Cloudy,High,1.5,15.7
1,0,24.30091658,1,UberX,SUV,Cloudy,High,1.0,44.07
0,1,5.381498184,1,Lyft,Hatchback,Clear,High,2.0,25.71
0,0,12.23712033,1,Lyft,SUV,Clear,High,1.0,23.97
1,0,17.11142926,1,UberXL,SUV,Cloudy,Medium,1.0,32.75
1,1,10.43264599,3,UberX,Hatchback,Cloudy,Medium,1.5,29.78
0,0,7.079227029,1,UberX,Hatchback,Clear,Low,1.0,16.26
1,0,21.613914,1,UberX,SUV,Clear,Low,1.5,37.18
0,0,19.82473642,1,UberX,Van,Cloudy,Medium,1.0,37.59
0,1,24.13114735,1,Standard,Sedan,Clear,Medium,1.0,44.53
0,0,8.721767256,2,UberX,Sedan,Cloudy,Low,1.0,19.4
1,0,12.59805361,1,UberX,SUV,Clear,Low,1.0,19.97
1,0,13.51155741,4,UberX,Sedan,Cloudy,Medium,1.0,26.29
0,0,10.97863161,5,Lyft,Hatchback,Clear,High,1.0,24.78
1,0,8.43660086,6,Lyft,Sedan,Clear,Medium,1.0,20.3
0,0,20.0607208,1,UberX,SUV,Snowy,Low,1.5,44.6
1,0,11.68822454,4,Standard,SUV,Clear,High,1.5,30.79
0,0,14.59770393,1,LyftPlus,Sedan,Clear,Medium,1.0,28.75
0,0,11.49019182,3,UberX,Hatchback,Cloudy,High,1.0,27.37
0,1,18.81992764,3,UberXL,Hatchback,Clear,Low,1.0,35.96
0,0,24.05822177,3,UberXL,Van,Clear,Very Heavy,1.5,50.67
0,1,18.28040186,2,UberX,Sedan,Clear,Low,1.0,35.68
1,0,13.7150882,1,LyftPlus,SUV,Rainy,High,1.0,26.5
0,0,13.26695609,1,UberX,Hatchback,Rainy,Medium,1.5,32.84
1,0,19.74507462,1,UberXL,Sedan,Cloudy,Low,1.0,35.61
0,1,18.47766521,2,UberXL,Sedan,Clear,Low,1.0,33.73
0,0,4.63647828,1,UberXL,Sedan,Clear,Medium,1.0,12.63
0,0,5.644839445,1,LyftPlus,Van,Clear,High,1.5,21.49
0,0,7.927317247,1,UberX,Sedan,Cloudy,Low,1.0,15.71
0,1,4.761270249,1,UberX,Hatchback,Rainy,High,2.0,31.89
1,1,12.18488225,4,Lyft,Sedan,Cloudy,High,1.0,27.3
0,0,20.71050164,1,UberX,Sedan,Snowy,Medium,2.0,46.28
0,0,7.239592554,2,UberX,Van,Clear,Low,1.0,15.68
0,0,10.82395235,1,UberXL,SUV,Clear,Very Heavy,1.0,23.37
0,0,23.94007601,2,UberX,SUV,Rainy,Medium,1.5,48.98
0,1,21.45829213,1,UberX,Sedan,Clear,Low,1.0,38.2
1,0,16.70714008,1,UberX,Sedan,Clear,High,1.0,31.88
0,1,10.29914792,3,UberX,Hatchback,Cloudy,Low,2.0,30.12
0,0,5.713423202,1,Lyft,Sedan,Clear,Medium,1.0,12.29
0,0,5.047044723,1,UberX,SUV,Clear,Low,1.5,17.52
1,1,6.210922587,1,Standard,Sedan,Clear,Very Heavy,1.0,18.84
0,1,9.625323848,1,UberX,Hatchback,Rainy,Medium,1.0,23.44
0,0,16.97438635,1,Lyft,Hatchback,Clear,Very Heavy,1.0,32.66
0,1,4.033340258,1,LyftPlus,Hatchback,Rainy,Medium,1.5,21.13
0,1,4.902120737,1,UberX,Sedan,Clear,Medium,1.0,13.76
0,0,8.583126322,1,Lyft,SUV,Cloudy,Very Heavy,1.0,24.1
1,0,17.50813635,1,LyftPlus,Sedan,Clear,Medium,1.0,30.01
0,0,17.94117793,1,UberX,Sedan,Cloudy,Medium,1.0,30.59
0,0,15.99821041,4,Standard,Sedan,Clear,Low,1.0,27.31
1,0,10.15450761,1,UberX,Van,Snowy,Very Heavy,1.0,27.62
0,0,10.65311204,3,UberX,Van,Cloudy,Low,1.0,19.33
0,0,9.811365336,1,Lyft,SUV,Clear,High,1.0,19.44
1,0,4.928003569,1,UberX,SUV,Clear,Medium,2.0,23.65
1,0,7.796448787,1,Lyft,Sedan,Clear,Low,1.5,22.61
0,1,21.18246841,1,LyftPlus,Sedan,Rainy,Low,1.0,42.36
1,0,24.71665574,1,Standard,Hatchback,Clear,Very Heavy,1.0,44.75
1,1,18.03958633,1,UberXL,SUV,Clear,High,1.0,31.26
0,0,22.48959435,2,Standard,SUV,Rainy,High,1.0,42.42
0,0,16.22665311,1,UberXL,Hatchback,Rainy,Medium,1.5,38.29
0,1,3.594374736,3,UberX,Van,Clear,Low,1.0,10.38
0,0,25.71332174,5,UberXL,Sedan,Clear,High,1.0,46.09
0,1,4.101260212,1,Lyft,Sedan,Clear,Medium,1.0,13.3
1,1,20.35339742,1,UberXL,Van,Clear,High,2.5,56.0
1,0,7.263250526,1,Lyft,SUV,Clear,Medium,1.5,19.17
0,0,11.05287703,1,UberXL,Hatchback,Cloudy,Very Heavy,1.0,26.98
0,0,18.34463236,1,UberXL,Sedan,Clear,Low,2.5,47.17
1,1,8.967531853,2,Standard,Sedan,Clear,Low,1.0,19.25
0,1,13.4827092,5,UberXL,Sedan,Clear,Very Heavy,1.5,38.02
0,1,7.826577737,2,UberX,Sedan,Snowy,Medium,1.0,23.94
1,0,9.862155697,1,Lyft,Hatchback,Clear,Medium,1.5,27.17
1,1,9.657638999,1,UberX,SUV,Snowy,High,1.0,28.5
0,1,23.78493288,1,LyftPlus,Van,Clear,Medium,1.0,40.96
1,0,20.95223267,1,UberX,Sedan,Clear,Low,1.0,35.69
1,0,12.2268001,1,UberX,Sedan,Rainy,High,1.0,27.07
0,0,5.6478724,1,UberX,Sedan,Clear,Low,1.0,12.26
0,1,22.01157403,3,UberX,Sedan,Rainy,Low,1.5,46.33
0,0,6.277848182,2,Lyft,SUV,Cloudy,Low,1.0,14.3
0,0,8.378255724,1,UberX,Sedan,Clear,Medium,1.0,17.44
0,0,10.74315114,4,LyftPlus,Sedan,Rainy,Low,1.0,22.27
0,0,22.91045616,1,UberXL,Hatchback,Rainy,High,1.0,42.97
0,1,8.225495769,1,UberX,Sedan,Cloudy,Medium,1.5,26.06
0,0,4.545865776,2,Lyft,Sedan,Clear,Medium,1.5,17.33
0,0,13.08952671,6,Lyft,SUV,Clear,High,1.5,32.55
0,0,8.180293467,1,Lyft,SUV,Clear,High,1.5,24.28
0,0,17.61619399,1,Lyft,Van,Snowy,Medium,1.5,40.18
0,0,12.91793115,2,UberX,SUV,Clear,Low,1.0,22.13
0,0,13.4565779,1,Lyft,Van,Clear,Low,1.0,23.27
0,0,2.819579913,1,UberX,Sedan,Clear,High,1.5,14.28
1,1,10.37445881,1,UberXL,Sedan,Rainy,Low,1.0,23.65
0,0,5.742283036,3,Standard,Hatchback,Clear,Low,2.5,27.31
0,0,22.45233849,1,UberX,Hatchback,Clear,Medium,2.0,50.94
0,0,23.14818108,3,Lyft,SUV,Rainy,Low,1.0,42.1
0,0,7.743326387,1,UberX,SUV,Clear,Very Heavy,1.0,20.8
0,0,7.075950278,1,UberX,Sedan,Clear,High,1.0,17.45
0,0,5.84679524,4,UberXL,Sedan,Clear,Medium,1.5,21.39
0,1,17.88823635,1,Lyft,Sedan,Clear,High,1.5,37.95
0,1,19.50026361,1,UberXL,Sedan,Clear,Medium,1.0,36.02
0,0,10.92453644,1,UberX,Hatchback,Clear,High,1.5,27.27
0,0,18.18494528,2,LyftPlus,Sedan,Clear,Medium,1.0,34.59
0,1,18.26837869,1,UberX,Sedan,Rainy,Low,1.0,33.04
0,0,23.79883508,1,UberX,Van,Clear,Very Heavy,1.0,43.83
0,1,3.832590324,1,LyftPlus,Sedan,Clear,High,1.0,16.13
1,1,7.060738083,1,Standard,Sedan,Clear,Very Heavy,1.0,20.15
0,0,10.14354876,1,UberXL,SUV,Clear,High,1.0,21.22
0,0,4.818512173,2,LyftPlus,Hatchback,Cloudy,Medium,1.0,13.45
0,1,21.6659938,1,UberX,Sedan,Clear,Low,2.0,47.29
0,1,19.3366658,1,UberX,Hatchback,Clear,Low,1.0,35.02
1,0,15.54231884,1,LyftPlus,Sedan,Cloudy,Low,1.0,29.29
0,1,5.585953996,3,Standard,SUV,Rainy,Low,1.0,17.32
0,0,9.149577213,1,UberX,Sedan,Rainy,Medium,1.5,25.9
0,1,9.495873997,1,UberX,Sedan,Rainy,High,1.5,31.04
1,0,15.76191636,2,UberX,SUV,Clear,Medium,1.5,36.44
1,0,9.071255215,1,UberX,Hatchback,Snowy,Medium,1.0,20.79
0,1,5.310400496,1,Lyft,SUV,Cloudy,Medium,1.0,18.42
0,0,19.80869689,1,UberXL,Hatchback,Clear,High,1.0,35.4
1,0,9.491194399,2,UberXL,Sedan,Cloudy,Very Heavy,1.0,23.96
0,0,12.81363765,1,Lyft,SUV,Clear,High,1.0,26.42
1,0,5.809486598,2,LyftPlus,Sedan,Rainy,Low,1.0,15.1
0,0,21.21633315,1,UberX,SUV,Clear,Medium,1.0,34.42
0,0,16.56285672,1,Lyft,SUV,Clear,High,2.0,39.24
1,0,22.49801032,1,Standard,Sedan,Clear,Medium,1.0,37.86
0,1,7.836272047,4,UberX,Sedan,Clear,Very Heavy,1.0,22.07
0,1,13.08691966,1,LyftPlus,Hatchback,Clear,Low,1.0,25.95
0,0,22.21611026,1,Lyft,Sedan,Clear,Medium,1.5,44.91
1,0,21.38326703,1,UberX,Sedan,Rainy,Low,1.0,34.74
1,0,14.67839785,1,UberX,SUV,Cloudy,High,1.0,27.13
0,0,22.87988718,1,Lyft,Sedan,Clear,Medium,1.0,38.55
1,0,10.56783468,1,UberXL,Sedan,Cloudy,Low,1.0,18.0
0,1,9.972788829,1,UberXL,Sedan,Clear,Medium,1.0,21.24
1,1,4.018198199,1,UberX,Sedan,Cloudy,Medium,1.0,12.16
1,0,16.80026105,2,Lyft,Van,Clear,Very Heavy,2.0,44.26
0,0,18.05247057,6,UberX,Van,Cloudy,Medium,1.5,44.33
1,0,19.52554247,1,UberX,Sedan,Rainy,Low,1.0,33.38
1,0,4.975899727,1,UberX,Sedan,Clear,Medium,1.0,14.32
0,0,11.81898053,1,Lyft,SUV,Clear,Medium,1.0,26.71
0,1,13.36993672,1,UberX,Sedan,Snowy,Medium,1.0,29.07
1,0,10.50499196,1,UberX,Sedan,Cloudy,Medium,1.5,29.57
0,1,9.040545755,1,UberX,Sedan,Clear,High,1.0,20.82
0,1,16.82979999,4,UberX,Hatchback,Clear,Very Heavy,2.0,48.42
0,0,7.983243322,1,UberX,Sedan,Rainy,Low,1.0,16.19
0,1,22.16277806,1,Lyft,SUV,Snowy,High,1.0,42.27
1,0,7.572788671,1,Lyft,Sedan,Clear,Very Heavy,2.0,31.18
0,0,12.13316079,1,Lyft,SUV,Cloudy,Medium,1.0,24.34
0,0,20.88488286,3,UberXL,Sedan,Clear,Low,1.0,35.36
1,0,14.6729558,1,UberX,Van,Snowy,High,1.0,29.28
0,0,3.495919711,4,Standard,SUV,Rainy,High,1.0,17.12
0,0,12.80395827,1,UberX,Sedan,Clear,Low,1.0,23.99
1,0,3.429254007,1,Lyft,Sedan,Clear,Medium,2.0,17.71
1,0,24.78276747,6,Standard,Sedan,Rainy,Medium,2.0,57.11
0,0,14.8149442,1,Lyft,SUV,Clear,Low,1.5,31.14
0,0,8.348172786,1,UberX,Sedan,Cloudy,High,1.0,18.06
0,1,13.49726443,2,UberX,SUV,Rainy,High,2.5,47.6
0,1,5.045488536,1,UberX,Sedan,Clear,High,1.5,24.71
1,0,19.05516361,1,Lyft,Hatchback,Cloudy,Medium,1.0,35.89
0,0,23.29713162,1,Lyft,SUV,Clear,Medium,1.0,42.82
1,0,20.85398301,1,Lyft,Hatchback,Cloudy,Medium,1.0,38.03
1,1,11.7445463,1,UberX,Van,Cloudy,Medium,1.5,28.16
0,0,8.056990796,3,LyftPlus,Van,Cloudy,High,1.0,21.48
0,1,3.488982471,1,Lyft,Sedan,Clear,High,1.0,11.55
1,0,17.89021613,1,UberX,Hatchback,Clear,High,2.5,47.44
0,0,15.12679087,1,UberX,Sedan,Clear,High,1.0,28.83
1,0,3.75316948,1,Lyft,Sedan,Clear,Medium,1.0,9.85
0,0,11.36587484,1,UberXL,Hatchback,Clear,Low,2.0,29.47
0,0,23.74927247,1,UberX,Sedan,Cloudy,Very Heavy,1.0,43.65
0,0,6.569663678,2,UberX,SUV,Clear,Medium,2.0,25.02
1,0,2.140939788,1,Lyft,SUV,Clear,Very Heavy,1.5,18.05
0,1,5.430759195,1,UberX,Sedan,Clear,Medium,1.0,15.74
0,0,4.437297834,1,UberX,Hatchback,Clear,Low,1.0,11.35
0,0,7.256789974,1,LyftPlus,Sedan,Rainy,High,1.0,18.79
1,0,2.865603462,2,Lyft,SUV,Clear,High,1.0,12.5
1,1,13.30310431,1,Lyft,Van,Clear,High,1.5,30.17
1,0,9.114490611,1,UberXL,Hatchback,Clear,Low,1.0,14.75
0,1,7.298933353,1,Lyft,Hatchback,Clear,High,1.5,25.76
0,0,21.05248589,1,Lyft,Sedan,Clear,Medium,1.0,35.69
0,0,6.10119973,5,Standard,SUV,Cloudy,Medium,1.0,16.46
0,0,17.78630556,1,UberX,SUV,Cloudy,Very Heavy,2.5,46.82
0,1,10.5197747,1,UberX,SUV,Clear,High,1.5,28.56
1,0,14.72477346,1,UberX,Sedan,Clear,Low,2.0,33.56
1,1,24.53339799,1,Lyft,SUV,Cloudy,Medium,1.0,42.78
1,1,3.662373867,1,UberXL,Sedan,Clear,Medium,1.5,17.18
0,1,13.36873196,3,UberX,Sedan,Clear,High,1.0,29.36
0,0,22.37537573,1,UberX,SUV,Clear,Medium,2.0,48.1
1,0,14.29533584,2,UberX,SUV,Rainy,High,1.0,31.65
0,1,6.947156111,1,UberX,Van,Snowy,High,1.0,21.26
0,1,14.33935945,2,Standard,SUV,Clear,Low,1.0,26.76
0,0,17.15796567,1,Lyft,SUV,Clear,Low,1.0,27.14
0,1,22.18413635,1,UberX,Sedan,Rainy,Medium,1.0,43.75
0,0,4.44727607,4,UberX,Sedan,Snowy,High,1.0,16.6
0,0,4.920848341,1,UberX,SUV,Cloudy,Medium,2.0,20.71
0,1,11.03637183,1,Lyft,Sedan,Rainy,High,1.0,25.08
0,0,9.058782805,3,UberXL,Hatchback,Cloudy,Medium,1.0,20.53
1,1,7.386025039,1,Standard,Sedan,Clear,High,2.0,29.39
1,1,9.137220648,1,Lyft,Sedan,Clear,Low,1.0,19.07
0,0,7.818860946,2,UberXL,Hatchback,Clear,Medium,2.5,31.79
0,1,6.251742919,5,LyftPlus,Hatchback,Clear,High,1.0,18.1
0,0,23.96950904,2,Lyft,Sedan,Rainy,High,1.0,45.5
1,0,3.93987885,1,UberX,Sedan,Cloudy,Medium,1.0,11.65
0,1,7.286960055,1,UberXL,Van,Rainy,Medium,2.5,35.54
0,1,7.45127053,2,Lyft,Hatchback,Rainy,Medium,2.0,31.0
0,0,22.41571368,1,UberXL,Hatchback,Clear,Low,1.5,40.85
0,0,19.13783334,3,UberX,Sedan,Rainy,High,1.0,34.52
0,1,21.19883962,1,UberX,Sedan,Clear,Medium,2.5,55.27
0,0,5.591874988,1,UberX,Sedan,Rainy,Medium,2.0,25.52
0,0,21.83629191,1,UberX,Sedan,Clear,Medium,1.0,38.04
0,1,11.533915,4,Standard,Sedan,Clear,High,1.0,26.96
1,0,9.158404356,1,Lyft,Sedan,Clear,Medium,2.5,31.12
0,0,15.46745222,4,Lyft,Van,Clear,Medium,1.0,29.74
0,1,22.03714752,4,Lyft,Sedan,Clear,Medium,1.0,41.45
0,0,20.82600687,3,Lyft,SUV,Clear,High,2.0,48.78
1,0,22.73976224,3,Standard,Van,Clear,Medium,1.0,42.38
0,0,22.61761484,3,UberX,Sedan,Rainy,Low,2.5,55.76
0,0,8.511675476,2,Lyft,Sedan,Rainy,Very Heavy,1.0,23.08
0,0,8.242452703,1,UberX,Sedan,Cloudy,Medium,1.0,17.64
0,0,12.44420766,1,LyftPlus,Hatchback,Rainy,Low,1.0,22.56
1,0,2.845964799,1,LyftPlus,SUV,Clear,High,1.5,15.98
1,0,21.69053452,1,Standard,SUV,Rainy,High,1.0,41.09
0,0,6.722957732,1,UberX,Hatchback,Clear,Medium,1.0,14.19
0,0,11.14230533,1,UberX,Sedan,Clear,Medium,1.0,22.43
1,0,21.7006756,3,UberX,Sedan,Rainy,Low,1.0,39.38
0,1,10.83338902,1,UberXL,SUV,Clear,Medium,2.5,37.98
0,0,11.54042702,1,UberXL,Hatchback,Clear,Low,1.0,22.2
0,1,2.703642288,2,UberX,Sedan,Rainy,Medium,1.0,12.78
0,1,10.48985808,1,Lyft,Sedan,Rainy,Medium,1.0,25.58
1,0,24.57588242,1,UberX,SUV,Rainy,Medium,1.0,43.18
0,1,4.237638341,3,LyftPlus,Sedan,Clear,Medium,1.0,16.33
0,0,11.66461616,1,UberX,Hatchback,Cloudy,Medium,1.5,26.87
0,1,4.998286497,1,UberX,SUV,Rainy,Medium,2.0,25.76
0,1,13.35950339,1,Lyft,SUV,Cloudy,Low,1.0,24.39
0,0,7.661450612,1,Lyft,Hatchback,Rainy,Medium,2.5,34.42
0,0,6.817247662,2,UberX,Hatchback,Clear,Low,1.5,17.42
0,1,22.92397729,1,LyftPlus,Sedan,Clear,High,1.0,42.86
0,0,13.94187048,5,Lyft,Sedan,Rainy,High,1.0,29.54
0,0,6.959617381,1,LyftPlus,Sedan,Rainy,High,2.0,29.44
0,1,16.90255982,1,LyftPlus,Hatchback,Clear,Medium,2.0,42.79
0,0,5.92323138,3,UberXL,Hatchback,Rainy,Medium,1.0,16.57
0,0,10.02205383,4,Standard,SUV,Clear,High,1.5,27.29
0,0,14.94629926,1,LyftPlus,Hatchback,Clear,Medium,1.0,28.56
0,0,8.568732639,1,Standard,Sedan,Clear,Low,1.0,14.79
1,1,8.359992639,2,LyftPlus,Hatchback,Clear,Very Heavy,2.0,32.02
0,0,18.65492091,1,LyftPlus,Sedan,Clear,Low,2.0,42.57
1,0,14.2599127,1,UberXL,Sedan,Rainy,Medium,1.0,28.81
1,1,19.08466241,2,UberX,Hatchback,Clear,Medium,1.0,36.6
0,0,23.59825526,1,Standard,Sedan,Clear,High,1.5,49.94
1,0,5.541127112,1,Lyft,SUV,Snowy,Very Heavy,1.0,19.47
0,0,11.59298794,1,UberX,Hatchback,Clear,Very Heavy,1.0,24.64
1,0,10.51440482,3,UberX,SUV,Rainy,Medium,1.0,23.21
0,0,5.668433943,1,Lyft,Hatchback,Cloudy,High,1.0,12.4
0,0,19.9069737,2,UberXL,SUV,Clear,Low,1.0,34.09
0,1,20.37207871,1,UberX,Hatchback,Rainy,Medium,1.0,41.93
1,0,13.18253657,1,UberX,SUV,Snowy,High,1.0,28.4
0,1,15.58415131,1,Lyft,SUV,Cloudy,Medium,2.0,42.49
0,0,4.254184809,1,UberX,SUV,Clear,Low,2.5,23.43
1,0,16.68126766,1,UberXL,Van,Clear,Low,1.0,27.06
0,0,19.67249765,1,Lyft,Sedan,Clear,Medium,1.0,33.44
1,1,17.06296973,2,Lyft,SUV,Cloudy,Low,1.0,29.7
0,0,9.820216583,2,UberX,Sedan,Cloudy,Medium,1.0,22.62
1,0,17.24566535,1,UberX,Sedan,Cloudy,Medium,1.0,31.84
0,1,10.07441266,2,Lyft,Van,Clear,Medium,1.0,23.04
1,0,16.91490031,1,Lyft,Sedan,Clear,Low,2.0,37.89
0,0,12.82380937,1,UberX,SUV,Clear,High,2.5,41.83
0,0,11.69223282,1,UberX,Sedan,Clear,High,1.5,27.88
1,0,19.16067243,1,LyftPlus,Hatchback,Rainy,Medium,1.0,34.9
1,0,22.45527891,1,Standard,Hatchback,Clear,Medium,1.5,44.89
0,1,3.896018846,1,UberXL,Sedan,Clear,Medium,1.0,11.47
0,1,22.60899272,1,UberX,SUV,Cloudy,High,1.0,41.07
0,0,16.18639822,1,UberX,Sedan,Clear,Very Heavy,1.0,30.2
0,0,17.59158281,4,UberX,Sedan,Cloudy,Low,1.5,36.27
0,1,21.67980707,2,UberX,Hatchback,Clear,Low,1.0,41.21
0,1,11.83810433,1,UberXL,Sedan,Cloudy,High,1.0,26.47
0,1,22.41554272,4,Lyft,Hatchback,Clear,Low,2.5,53.57
0,1,8.795746907,1,UberX,Sedan,Clear,Very Heavy,1.0,22.36
1,0,8.509827695,2,LyftPlus,Sedan,Rainy,High,1.0,21.17
0,0,9.134721035,1,Lyft,Sedan,Cloudy,Medium,1.0,19.17
1,0,17.09322804,1,Lyft,Sedan,Clear,Medium,1.0,30.73
1,0,22.14486556,1,Standard,SUV,Rainy,High,1.0,38.38
0,0,22.31047146,1,Lyft,Sedan,Snowy,Low,1.0,37.73
0,0,15.9491394,1,Standard,Van,Clear,High,1.0,28.02
1,1,14.26528233,1,UberX,Van,Cloudy,Low,1.0,29.13
0,0,11.19940941,1,UberX,SUV,Clear,Very Heavy,1.0,23.43
1,0,23.69302512,1,UberXL,SUV,Clear,Medium,1.0,39.51
1,1,7.752318176,2,UberXL,Van,Clear,High,1.0,21.13
0,1,18.11909104,1,UberX,Hatchback,Clear,Low,2.0,42.12
0,0,15.52181751,2,Lyft,Sedan,Clear,Medium,1.5,29.79
0,1,14.66906764,1,UberX,Hatchback,Clear,Medium,1.0,30.96
0,0,11.18457994,1,Lyft,Sedan,Clear,Low,1.0,22.39
1,1,23.84248683,1,UberXL,Sedan,Rainy,Medium,1.0,44.68
0,0,15.83501217,3,Lyft,SUV,Rainy,Medium,1.5,35.58
0,1,23.86593271,1,UberXL,Hatchback,Clear,Medium,1.0,45.09
1,0,3.567229547,1,Standard,Sedan,Clear,Medium,1.5,13.83
0,1,15.45007374,1,UberX,Sedan,Cloudy,High,1.0,32.97
0,1,17.83358212,1,Standard,Hatchback,Clear,Low,1.5,35.16
0,1,20.29316586,1,UberX,Hatchback,Clear,Low,1.0,36.43
0,0,21.14576752,1,Lyft,SUV,Clear,Medium,1.0,34.67
0,1,3.878092589,3,UberXL,SUV,Rainy,High,1.0,18.04
0,0,11.14409269,2,LyftPlus,Hatchback,Clear,High,1.0,23.57
1,0,5.344009958,4,Lyft,SUV,Clear,Medium,1.5,18.97
1,1,11.24580788,1,LyftPlus,Sedan,Cloudy,High,1.0,25.28
0,0,12.82960496,1,UberX,SUV,Clear,High,1.0,27.57
0,0,3.697789476,1,LyftPlus,Van,Clear,Medium,1.0,9.92
0,0,24.41845213,4,UberX,Hatchback,Cloudy,Low,1.0,42.42
1,0,8.720057022,1,UberX,SUV,Clear,Medium,1.0,22.4
0,0,13.92108816,1,UberX,Sedan,Rainy,Low,2.0,34.06
0,1,3.993145686,3,UberXL,Hatchback,Clear,Medium,1.0,12.38
0,0,14.38697974,1,Lyft,SUV,Clear,Medium,2.0,33.75
0,0,8.933320785,1,UberX,Sedan,Clear,Medium,1.5,20.6
0,0,10.09283884,1,UberX,Sedan,Rainy,Low,1.0,23.45
0,0,3.748821822,1,Lyft,Hatchback,Clear,High,1.0,11.39
0,0,10.92745717,3,Standard,Sedan,Clear,Medium,2.0,28.34
0,0,10.54492371,1,Lyft,SUV,Snowy,Medium,1.0,22.94
0,0,21.23731166,1,Lyft,SUV,Rainy,Very Heavy,1.0,40.81
0,0,9.020065636,1,Lyft,SUV,Clear,Medium,2.0,27.01
0,1,14.96467834,1,Lyft,SUV,Clear,Medium,1.0,28.59
0,1,23.46337515,1,Standard,SUV,Clear,High,1.0,43.73
0,1,21.34484188,1,UberXL,Sedan,Clear,High,1.0,39.55
1,0,24.64577686,1,UberXL,SUV,Snowy,Low,1.5,49.95
0,0,23.26774803,1,LyftPlus,Sedan,Snowy,High,1.0,44.01
0,0,14.13959867,2,Standard,Sedan,Clear,Very Heavy,1.0,29.73
0,0,18.37182188,1,UberX,SUV,Clear,Medium,1.0,32.42
0,0,4.816559978,2,Lyft,SUV,Cloudy,Medium,1.5,16.07
0,0,11.93566139,1,Lyft,Hatchback,Rainy,High,1.5,29.61
0,1,19.77226835,1,UberXL,Hatchback,Clear,Low,1.0,35.04
0,0,14.8529292,4,UberXL,Sedan,Clear,Medium,1.0,27.79
1,1,17.21102224,1,Lyft,Sedan,Clear,High,1.0,34.71
0,0,18.60902268,1,UberX,Sedan,Cloudy,Medium,1.0,32.56
1,0,8.677475402,1,UberX,Sedan,Clear,Low,2.5,30.41
0,0,23.72426949,1,Standard,SUV,Cloudy,Medium,1.0,41.17
0,1,13.24899347,1,Lyft,Sedan,Clear,Medium,2.5,42.06
0,1,8.212245527,1,LyftPlus,SUV,Cloudy,Medium,1.5,22.08
0,0,22.1413584,1,LyftPlus,Hatchback,Clear,High,1.0,37.18
1,1,13.0984506,1,Lyft,Hatchback,Clear,High,1.5,34.0
0,0,13.93756272,2,LyftPlus,Hatchback,Clear,Medium,1.0,24.79
1,0,19.06914807,1,UberX,Hatchback,Clear,Very Heavy,1.0,36.98
0,0,15.07076841,1,Lyft,Sedan,Clear,Very Heavy,1.0,30.75
0,0,11.57470658,1,Lyft,Hatchback,Rainy,Low,2.0,34.87
0,1,21.3470912,1,Lyft,Sedan,Clear,Medium,1.0,41.24
0,0,15.99075347,1,UberX,Sedan,Clear,Medium,2.0,37.32
0,1,11.04862514,1,UberX,Sedan,Clear,Low,2.0,31.85
0,0,5.404057288,1,UberX,Sedan,Clear,Medium,1.0,12.92
1,1,25.13146925,2,Lyft,SUV,Clear,Medium,2.0,57.58
0,1,4.09421465,2,Standard,Sedan,Clear,Low,1.0,9.53
0,0,20.07935123,1,Standard,Van,Clear,Low,1.0,35.32
1,0,10.52425957,3,UberX,Hatchback,Clear,Low,2.5,35.73
0,1,17.07884793,2,UberX,Van,Clear,Low,1.0,30.94
0,1,23.14781948,1,UberX,Hatchback,Clear,Medium,1.0,43.08
0,0,6.269107172,5,UberX,Van,Clear,Medium,1.0,15.64
0,0,15.75917748,1,LyftPlus,Sedan,Rainy,Very Heavy,1.0,30.71
1,0,20.32613454,1,Standard,SUV,Clear,Low,1.0,33.97
1,0,10.25883641,1,UberX,Sedan,Clear,Very Heavy,1.0,22.99
1,0,20.61746886,3,UberX,SUV,Rainy,Low,1.0,36.35
0,0,13.06855249,1,UberX,Hatchback,Clear,Medium,2.0,33.57
1,0,9.747342784,1,UberX,SUV,Clear,Low,2.5,33.64
0,0,17.17853539,1,LyftPlus,Sedan,Clear,High,1.0,31.75
0,0,19.92175689,1,Lyft,SUV,Rainy,Low,1.0,34.17
1,0,20.85030863,1,Lyft,Sedan,Rainy,Very Heavy,1.0,40.52
0,1,19.22799339,2,Lyft,Hatchback,Cloudy,Low,2.0,44.5
0,1,9.946386482,1,UberX,SUV,Cloudy,Low,1.0,19.85
1,0,25.90464732,1,UberX,Hatchback,Rainy,Medium,1.0,45.35
0,0,10.70695601,2,UberX,Van,Cloudy,High,2.0,34.5
0,0,2.256690013,1,Lyft,Sedan,Clear,Very Heavy,1.0,10.58
1,0,11.39621525,1,LyftPlus,Van,Clear,Medium,1.0,22.32
0,0,6.35440019,1,Lyft,Van,Cloudy,High,1.0,15.95
0,1,4.087316418,3,UberX,SUV,Cloudy,High,2.0,23.67
1,0,9.820210633,1,Lyft,Hatchback,Clear,Medium,1.0,19.61
0,0,4.354765506,1,UberX,Sedan,Clear,High,1.0,11.61
0,1,18.66293095,1,UberX,Van,Cloudy,Low,2.0,44.7
0,1,4.700208582,2,UberXL,SUV,Clear,Medium,1.5,22.28
0,0,7.897841611,1,UberXL,Van,Clear,High,1.0,17.15
1,0,5.503821804,1,LyftPlus,Sedan,Rainy,Medium,1.0,16.71
1,0,4.861600495,1,Lyft,Hatchback,Clear,High,1.0,12.92
0,0,9.134602352,1,UberX,Sedan,Clear,High,1.0,19.54
0,1,15.49621545,1,UberX,Sedan,Cloudy,High,1.0,32.41
0,0,24.14344026,1,UberX,Van,Clear,Low,1.0,36.82
1,1,22.4924126,2,UberX,SUV,Cloudy,Low,1.0,37.9
0,0,23.09596048,5,UberX,Hatchback,Snowy,Low,1.0,42.78
1,0,8.838215794,1,Lyft,SUV,Cloudy,Very Heavy,1.0,17.38
0,0,9.356426562,1,UberX,Van,Snowy,Low,1.0,22.06
0,1,5.058060553,1,LyftPlus,Hatchback,Clear,Medium,2.5,31.79
0,1,21.34173329,2,UberXL,Sedan,Clear,Medium,1.0,39.94
0,0,4.932418346,1,UberX,Hatchback,Cloudy,Low,1.0,11.05
0,0,14.18699497,1,UberXL,Sedan,Clear,Medium,1.0,27.59
0,1,7.719931898,2,Lyft,Hatchback,Clear,Low,1.0,16.58
0,1,10.18472362,2,UberXL,Sedan,Rainy,Medium,1.0,24.41
0,0,4.286566599,1,UberX,SUV,Rainy,Very Heavy,1.0,15.92
0,0,25.36609854,1,Standard,Hatchback,Rainy,High,1.0,45.46
0,0,18.66044964,1,UberX,SUV,Rainy,High,1.0,38.63
0,0,22.69695963,1,Standard,SUV,Rainy,Medium,1.0,42.89
0,1,15.12344911,2,UberX,Hatchback,Rainy,High,1.0,32.47
0,0,22.24509386,1,Lyft,Sedan,Clear,Very Heavy,1.0,39.89
0,0,16.97255091,1,UberXL,SUV,Clear,Very Heavy,1.5,37.83
0,1,24.32068814,2,UberXL,Sedan,Rainy,Low,1.0,46.08
0,0,9.360993944,1,UberX,SUV,Clear,High,1.0,19.81
0,0,17.00699414,1,UberX,Sedan,Snowy,Low,1.0,31.75
0,0,18.83815654,1,Lyft,SUV,Cloudy,Medium,1.0,31.71
1,0,11.92645221,3,LyftPlus,Sedan,Rainy,Medium,1.0,27.77
0,0,23.00496233,1,UberXL,Hatchback,Snowy,High,1.0,42.2
0,0,25.25603906,1,UberX,Sedan,Rainy,Medium,1.0,44.42
0,0,13.46546964,1,UberX,Sedan,Clear,Low,2.0,30.94
0,0,11.12038527,2,Lyft,SUV,Clear,High,1.0,25.43
1,1,14.93472944,1,UberX,Sedan,Clear,Medium,2.0,39.46
0,0,22.46649155,1,UberX,Sedan,Clear,Low,1.5,45.07
0,1,17.60470488,5,Lyft,Hatchback,Clear,Medium,1.0,33.84
0,0,3.183313159,3,UberXL,SUV,Rainy,Medium,1.0,14.1
0,1,13.13949054,5,UberX,Sedan,Clear,Low,1.0,27.6
