trip_id,pickup_datetime,hour,day_of_week,month,is_weekend,is_peak_hour,pickup_zone,dropoff_zone,trip_distance_km,trip_duration_minutes,passenger_count,ride_type,vehicle_type,weather,traffic_level,driver_rating,surge_multiplier,fare
1,30-10-2023 22:00,22,0,10,0,0,Upper West,East Village,11.90209428,40,1,UberX,Hatchback,Clear,Medium,4.4,1,23.53
2,05-02-2023 20:00,20,6,2,1,1,Chinatown,Chinatown,22.56202325,71,1,LyftPlus,SUV,,Medium,4.5,2.5,55.94
3,13-08-2023 14:00,14,6,8,1,0,Midtown,Midtown,10.35544802,33,3,UberX,Sedan,Clear,Medium,4.4,2,31.34
4,05-08-2023 07:00,7,5,8,1,1,Queens,Soho,22.16291844,75,1,UberX,SUV,Cloudy,Low,4.3,1,34.82
5,27-08-2023 22:00,22,6,8,1,0,Financial District,Queens,22.82553445,71,1,UberX,Van,Clear,Medium,3.8,1,38.85
6,19-09-2023 01:00,1,1,9,0,0,East Village,Downtown,7.155081562,22,1,UberXL,Sedan,Clear,High,4.8,1,17.31
7,20-01-2023 10:00,10,4,1,0,1,Brooklyn,Queens,19.27988856,62,2,UberX,SUV,Rainy,Medium,4,1,37.73
8,04-07-2023 10:00,10,1,7,0,1,Soho,Brooklyn,11.52352669,41,1,UberXL,Sedan,,Low,5,1,20.18
9,21-08-2023 10:00,10,0,8,0,1,Midtown,Lower East Side,23.81836264,77,1,LyftPlus,Sedan,Clear,Medium,4.1,1,42.79
10,13-12-2023 18:00,18,2,12,0,1,East Village,Upper West,12.39294427,37,1,UberX,Sedan,Clear,Medium,3.9,1,28.36
11,12-03-2023 05:00,5,6,3,1,0,East Village,Financial District,18.26675656,63,1,UberX,SUV,Clear,,4.8,1,32.25
12,02-02-2023 01:00,1,3,2,0,0,Queens,East Village,14.02729707,47,5,UberX,SUV,Rainy,Very Heavy,4.4,1,31.77
13,17-10-2023 13:00,13,1,10,0,0,Downtown,Midtown,5.128972108,22,2,Standard,Sedan,Clear,High,4.6,2,24.03
14,12-04-2023 09:00,9,2,4,0,1,Downtown,Upper West,5.647951086,29,1,UberX,SUV,Rainy,Medium,4.1,2.5,34.92
15,10-08-2023 07:00,7,3,8,0,1,Midtown,Upper West,8.381327179,32,3,UberXL,Sedan,Rainy,Medium,4.8,2,30.17
16,30-07-2023 11:00,11,6,7,1,0,Lower East Side,Tribeca,12.43155967,44,1,UberX,Sedan,Rainy,Low,4.9,2.5,37.54
17,25-09-2023 12:00,12,0,9,0,0,Soho,Lower East Side,20.39125638,65,2,LyftPlus,Sedan,Rainy,Medium,4.2,1,39
18,19-02-2023 08:00,8,6,2,1,1,Midtown,Upper East,16.08635034,53,1,UberX,Hatchback,Rainy,Medium,3.9,1.5,36.33
19,09-07-2023 19:00,19,6,7,1,1,Midtown,Tribeca,19.75453501,60,2,UberXL,Sedan,Clear,High,4.5,1,37.1
20,22-05-2023 01:00,1,0,5,0,0,Upper West,Tribeca,8.829291073,31,1,UberXL,Sedan,Clear,Low,4.9,2,28.96
21,24-09-2023 12:00,12,6,9,1,0,Financial District,Financial District,10.95573864,42,1,LyftPlus,Sedan,Clear,Medium,4.4,1.5,28.85
22,28-12-2023 02:00,2,3,12,0,0,Financial District,Brooklyn,3.087325563,15,1,UberX,SUV,Rainy,Medium,4.9,1,12.07
23,17-04-2023 14:00,14,0,4,0,0,Soho,Queens,21.48785228,76,1,Lyft,Hatchback,Rainy,High,4,1,41.22
24,24-11-2023 01:00,1,4,11,0,0,Upper West,Tribeca,24.9367141,81,2,UberX,Hatchback,Clear,Low,4.9,1,40.07
25,27-03-2023 07:00,7,0,3,0,1,East Village,Soho,11.82882514,41,1,Standard,Hatchback,Cloudy,Medium,3.7,1,25.4
26,25-04-2023 11:00,11,1,4,0,0,Chinatown,Queens,2.254814298,11,1,Lyft,Sedan,Clear,Low,4,2.5,20.74
27,08-01-2023 21:00,21,6,1,1,0,Upper West,Brooklyn,6.753857256,31,2,Lyft,Van,Clear,Medium,4.2,2,27.81
28,24-04-2023 22:00,22,0,4,0,0,Midtown,Midtown,17.3412157,55,1,UberXL,Sedan,Clear,Low,4.5,1,29.48
29,06-05-2023 05:00,5,5,5,1,0,Downtown,Upper East,9.975350931,32,2,UberX,Sedan,Clear,Low,3.9,1,18.78
30,14-07-2023 02:00,2,4,7,0,0,Upper East,Queens,17.00341512,53,1,UberX,SUV,Rainy,Low,4.9,1,30.64
31,21-03-2023 03:00,3,1,3,0,0,Soho,East Village,20.51479273,73,1,Lyft,SUV,Clear,Medium,4.9,2.5,49.37
32,19-11-2023 06:00,6,6,11,1,0,East Village,Financial District,8.333152565,30,4,Standard,Sedan,Clear,Medium,4.7,2,29.42
33,22-02-2023 19:00,19,2,2,0,1,Queens,Upper West,18.79733729,61,1,UberX,Van,Snowy,High,3.7,1,39.52
34,05-03-2023 16:00,16,6,3,1,0,Upper East,Chinatown,19.49564374,65,1,LyftPlus,SUV,Rainy,Low,3.6,1,39.3
35,29-05-2023 04:00,4,0,5,0,0,Upper East,Lower East Side,12.08352035,40,2,UberX,SUV,Clear,Low,4.2,1.5,26.37
36,12-06-2023 02:00,2,0,6,0,0,Upper West,Midtown,16.74494908,52,1,Standard,Sedan,Clear,Medium,4.6,1,31.07
37,13-08-2023 17:00,17,6,8,1,1,Brooklyn,Brooklyn,6.939104674,23,2,UberX,Sedan,Clear,High,3.7,2,32.33
38,18-12-2023 09:00,9,0,12,0,1,Upper East,Tribeca,11.28133828,36,3,UberX,Van,Snowy,Medium,4.5,1,23.49
39,10-11-2023 01:00,1,4,11,0,0,Midtown,Soho,20.58900649,60,1,UberXL,Hatchback,Cloudy,Medium,4.3,1,35.59
40,19-04-2023 20:00,20,2,4,0,1,Tribeca,Soho,11.71778747,40,3,Lyft,SUV,Rainy,High,4.6,1,31.07
41,21-10-2023 09:00,9,5,10,1,1,Downtown,Upper East,9.945248444,30,1,Lyft,SUV,Clear,Medium,4.2,1,18.45
42,17-09-2023 19:00,19,6,9,1,1,Chinatown,Brooklyn,21.37464046,70,1,UberXL,Hatchback,Clear,Medium,4.5,1,40.6
43,17-08-2023 14:00,14,3,8,0,0,Downtown,Midtown,5.193751833,23,3,UberXL,SUV,Clear,Low,3.7,1,12.93
44,23-10-2023 19:00,19,0,10,0,1,Tribeca,East Village,14.59312751,46,2,UberX,Sedan,Clear,Low,3.8,2,40.3
45,02-02-2023 07:00,7,3,2,0,1,Financial District,Upper West,8.828707035,32,3,UberX,SUV,Clear,Very Heavy,4.9,1.5,28.34
46,09-12-2023 18:00,18,5,12,1,1,Midtown,Tribeca,17.28957607,59,4,UberX,SUV,Rainy,Medium,4,1,36.83
47,12-05-2023 08:00,8,4,5,0,1,Queens,Chinatown,12.82027935,47,1,Lyft,Van,Clear,Medium,5,1,23.98
48,08-03-2023 01:00,1,2,3,0,0,Upper East,Lower East Side,9.908565846,33,1,Lyft,Hatchback,Clear,Very Heavy,3.6,1,22.72
49,14-06-2023 07:00,7,2,6,0,1,Financial District,Financial District,5.542124333,17,1,Lyft,Sedan,Rainy,High,4.2,1,17.55
50,11-11-2023 19:00,19,5,11,1,1,Midtown,Downtown,6.262090496,21,1,Lyft,Sedan,Clear,Medium,4,1,15.52
51,09-05-2023 01:00,1,1,5,0,0,Upper West,Downtown,12.13541004,36,1,UberX,SUV,Cloudy,High,5,2,34.93
52,12-02-2023 13:00,13,6,2,1,0,Downtown,Tribeca,4.860727584,21,2,Lyft,SUV,Clear,High,5,2,22.62
53,10-06-2023 03:00,3,5,6,1,0,Financial District,Midtown,4.73320757,9,1,UberX,Sedan,Clear,High,3.9,1,10.3
54,29-11-2023 21:00,21,2,11,0,0,Soho,Tribeca,12.29644277,38,2,Lyft,SUV,Clear,Low,3.9,1.5,27.86
55,14-10-2023 09:00,9,5,10,1,1,Upper East,Brooklyn,10.66286974,37,2,UberX,Hatchback,Snowy,Medium,4.6,1.5,31.52
56,25-08-2023 11:00,11,4,8,0,0,Upper East,Lower East Side,23.77408437,73,1,Lyft,Sedan,Rainy,Medium,4.8,2.5,58.38
57,07-01-2023 17:00,17,5,1,1,1,Queens,Downtown,11.84103645,37,1,UberXL,Hatchback,Clear,Low,4.5,1,23
58,29-06-2023 01:00,1,3,6,0,0,Brooklyn,Upper East,18.00964421,61,1,UberXL,Sedan,Clear,Medium,4.8,1.5,34.99
59,11-02-2023 11:00,11,5,2,1,0,Soho,Brooklyn,16.8037279,52,1,Lyft,Sedan,Rainy,Medium,3.6,1,34.69
60,14-11-2023 21:00,21,1,11,0,0,Upper East,Downtown,8.348746157,28,2,UberX,Sedan,Clear,Low,4.5,1,15.76
61,12-02-2023 08:00,8,6,2,1,1,East Village,East Village,18.64630673,63,1,UberX,SUV,Snowy,Medium,4.6,1,36.21
62,24-11-2023 21:00,21,4,11,0,0,Soho,Lower East Side,8.57210388,29,3,Lyft,Van,Snowy,Medium,3.8,1,24.14
63,26-09-2023 07:00,7,1,9,0,1,Upper East,Chinatown,23.61500291,83,2,LyftPlus,Hatchback,Rainy,Medium,4.7,1,47.13
64,25-11-2023 20:00,20,5,11,1,1,Tribeca,Upper West,15.53177261,54,1,UberX,Sedan,Snowy,High,4.9,1,30.2
65,13-10-2023 23:00,23,4,10,0,0,Soho,Soho,20.58131877,70,2,UberX,Sedan,Clear,High,4.8,1.5,41.08
66,26-11-2023 20:00,20,6,11,1,1,Midtown,Brooklyn,10.59829763,32,1,UberXL,SUV,Clear,Very Heavy,3.9,1.5,30.67
67,22-12-2023 09:00,9,4,12,0,1,Soho,Soho,4.058044483,16,1,Lyft,Sedan,Clear,Medium,4,2.5,28.5
68,06-02-2023 14:00,14,0,2,0,0,Chinatown,Soho,18.9438151,60,1,UberXL,Hatchback,Clear,High,4.2,1,35.8
69,23-07-2023 15:00,15,6,7,1,0,Queens,Lower East Side,3.436797684,14,1,LyftPlus,Sedan,Snowy,High,3.7,2,28.58
70,22-07-2023 11:00,11,5,7,1,0,Upper West,Lower East Side,14.09366358,45,1,UberXL,Sedan,Clear,High,4.9,1,25.55
71,21-09-2023 19:00,19,3,9,0,1,Upper West,Downtown,8.053625711,28,5,UberX,Sedan,Cloudy,High,3.7,1,23.47
72,24-12-2023 03:00,3,6,12,1,0,Upper West,Brooklyn,18.79367386,54,1,UberX,Hatchback,Rainy,Medium,4.6,1,32.68
73,28-12-2023 20:00,20,3,12,0,1,Midtown,Upper West,26.36418303,81,1,UberXL,Sedan,Clear,Medium,4,1.5,51.89
74,28-10-2023 08:00,8,5,10,1,1,Financial District,East Village,13.53990556,50,1,Lyft,Sedan,Clear,High,4.4,1,31.1
75,08-08-2023 20:00,20,1,8,0,1,Upper West,Queens,21.14292434,66,1,UberX,SUV,Clear,High,3.6,1.5,41.22
76,27-03-2023 22:00,22,0,3,0,0,Chinatown,Upper East,13.63911024,43,1,Standard,SUV,Clear,High,3.8,1.5,29.9
77,03-01-2023 16:00,16,1,1,0,0,Downtown,Soho,14.65263846,48,1,UberX,Van,Clear,Low,4.2,2.5,41.55
78,30-11-2023 14:00,14,3,11,0,0,Midtown,Upper West,24.17642981,77,1,UberXL,Sedan,Clear,Medium,4.5,2,52.23
79,18-04-2023 00:00,0,1,4,0,0,Financial District,Lower East Side,21.84985778,63,1,UberX,Sedan,Clear,Medium,4.7,1,36.18
80,16-08-2023 15:00,15,2,8,0,0,Downtown,Financial District,21.00739319,68,1,LyftPlus,SUV,Rainy,High,3.5,1.5,46.49
81,26-03-2023 11:00,11,6,3,1,0,Downtown,Financial District,10.52598107,38,2,Lyft,Sedan,Clear,High,3.7,2,34.9
82,23-04-2023 07:00,7,6,4,1,1,Downtown,Queens,13.86853852,48,1,UberX,Sedan,Clear,Medium,4.6,2.5,43.33
83,08-08-2023 02:00,2,1,8,0,0,East Village,Queens,8.115653104,26,2,Standard,Sedan,Cloudy,High,4.7,1.5,26.51
84,23-08-2023 02:00,2,2,8,0,0,Queens,Queens,12.70043841,47,1,UberX,Hatchback,Clear,Low,3.9,1.5,28.09
85,08-10-2023 16:00,16,6,10,1,0,Queens,Chinatown,13.64730094,50,1,Lyft,Sedan,Clear,Medium,3.8,1,25.18
86,17-01-2023 07:00,7,1,1,0,1,Midtown,Upper East,20.34342765,70,1,LyftPlus,Hatchback,Rainy,Medium,3.6,1.5,45.14
87,03-09-2023 12:00,12,6,9,1,0,Chinatown,Upper East,20.88606828,70,1,Lyft,Van,Cloudy,High,3.7,1,39.74
88,29-05-2023 09:00,9,0,5,0,1,Chinatown,East Village,11.36622507,38,1,Standard,Van,Cloudy,High,3.5,1,23.88
89,15-09-2023 16:00,16,4,9,0,0,Chinatown,Soho,2.494039478,12,5,LyftPlus,SUV,Clear,Medium,4.4,1,10.95
90,10-05-2023 03:00,3,2,5,0,0,Downtown,Midtown,5.353223068,25,1,Standard,Van,Clear,Medium,4.9,1,12.39
91,19-09-2023 14:00,14,1,9,0,0,Lower East Side,Chinatown,22.32853759,65,6,UberX,SUV,Clear,Medium,3.7,1,40.35
92,16-12-2023 16:00,16,5,12,1,0,Tribeca,Financial District,7.146723157,24,1,UberX,Sedan,Snowy,Medium,4.6,2,26.72
93,10-05-2023 08:00,8,2,5,0,1,Soho,Downtown,15.28467253,52,1,Lyft,Hatchback,Clear,Very Heavy,4.4,1.5,34.91
94,28-10-2023 15:00,15,5,10,1,0,Financial District,Downtown,2.429801435,11,1,Lyft,SUV,Clear,High,4.9,1,8.92
95,13-04-2023 06:00,6,3,4,0,0,Queens,Queens,11.17246977,37,1,UberXL,Sedan,Cloudy,Medium,4.7,1,21.02
96,24-04-2023 19:00,19,0,4,0,1,Lower East Side,Tribeca,24.71426966,84,3,UberX,Hatchback,Snowy,Medium,4.8,2.5,64.08
97,06-12-2023 18:00,18,2,12,0,1,Upper West,Financial District,4.880151679,22,2,LyftPlus,SUV,Rainy,Low,4.5,1,16.76
98,30-07-2023 16:00,16,6,7,1,0,Midtown,Midtown,12.63188844,45,2,Standard,Hatchback,Clear,Medium,4.7,1,22.82
99,04-12-2023 22:00,22,0,12,0,0,Financial District,Chinatown,10.73276922,34,1,UberXL,Hatchback,Clear,High,4,1,21.31
100,10-06-2023 00:00,0,5,6,1,0,Midtown,Midtown,21.91264491,69,1,UberX,Sedan,Cloudy,Low,3.8,2,46.13
101,12-02-2023 20:00,20,6,2,1,1,Tribeca,Downtown,21.16421187,69,6,UberX,Sedan,Clear,High,4.9,1,43.98
102,04-11-2023 17:00,17,5,11,1,1,East Village,Tribeca,8.364732713,31,1,UberX,Hatchback,Clear,Medium,4.6,2.5,33.24
103,21-01-2023 22:00,22,5,1,1,0,East Village,Midtown,4.704100679,24,2,Lyft,SUV,Clear,Very Heavy,3.6,1,18.7
104,15-10-2023 22:00,22,6,10,1,0,Downtown,Financial District,17.54040823,58,1,Standard,Sedan,Cloudy,Low,4.8,1,30.1
105,17-10-2023 02:00,2,1,10,0,0,East Village,Soho,10.40768832,41,5,UberX,Sedan,Clear,High,4,1,24.78
106,07-07-2023 00:00,0,4,7,0,0,Midtown,Upper West,19.52637782,65,2,Lyft,Sedan,Rainy,High,3.9,1,37.63
107,09-01-2023 14:00,14,0,1,0,0,Upper West,Tribeca,2.118759865,10,6,Lyft,SUV,Clear,Low,4.4,1,11.41
108,02-08-2023 22:00,22,2,8,0,0,Downtown,Midtown,5.84021686,20,1,UberX,Sedan,Clear,Medium,4.4,1,14.21
109,07-09-2023 01:00,1,3,9,0,0,Upper East,Lower East Side,6.13410937,25,1,Lyft,Sedan,Snowy,High,4.3,1,17.83
110,18-11-2023 17:00,17,5,11,1,1,Chinatown,Tribeca,16.69718805,53,1,Lyft,SUV,Clear,Medium,3.9,1,30.12
111,21-10-2023 03:00,3,5,10,1,0,Financial District,Tribeca,5.604195129,21,2,LyftPlus,Sedan,Rainy,Medium,4.9,1.5,21.49
112,03-03-2023 20:00,20,4,3,0,1,Tribeca,Soho,20.7419098,64,2,UberXL,Sedan,Clear,Very Heavy,4.9,1.5,45.2
113,24-11-2023 10:00,10,4,11,0,1,Downtown,Financial District,5.498087241,21,1,Lyft,Van,Clear,Low,3.5,1.5,18.73
114,05-02-2023 23:00,23,6,2,1,0,Midtown,Chinatown,8.835835177,33,1,UberX,SUV,Rainy,Medium,4,2.5,33.85
115,27-04-2023 06:00,6,3,4,0,0,Financial District,Downtown,24.83967298,78,1,UberX,Sedan,Cloudy,High,3.6,1,43.08
116,05-11-2023 16:00,16,6,11,1,0,Upper West,Lower East Side,12.16540127,39,3,UberX,Hatchback,Rainy,Medium,4.8,1,24.93
117,31-12-2023 19:00,19,6,12,1,1,Brooklyn,Soho,17.6091476,58,1,UberX,Sedan,Clear,Medium,4.8,1,32.92
118,02-08-2023 04:00,4,2,8,0,0,Tribeca,Midtown,6.831197755,26,1,UberX,SUV,Clear,Medium,4.3,1,13.32
119,08-09-2023 19:00,19,4,9,0,1,Midtown,Queens,11.52583831,39,1,UberX,Sedan,Cloudy,High,4.8,1,25.51
120,15-03-2023 05:00,5,2,3,0,0,Tribeca,Soho,18.12705422,65,1,Lyft,Hatchback,Clear,Medium,4.6,2,40.81
121,12-11-2023 14:00,14,6,11,1,0,Queens,Queens,17.7377779,58,4,Lyft,Sedan,Cloudy,High,4.2,1.5,39.82
122,23-09-2023 14:00,14,5,9,1,0,Brooklyn,Brooklyn,10.31092369,37,1,UberX,Sedan,Clear,Medium,4,1,21.84
123,15-10-2023 04:00,4,6,10,1,0,Financial District,Downtown,22.99280781,76,1,UberX,SUV,Cloudy,High,3.9,1,41.85
124,11-03-2023 22:00,22,5,3,1,0,East Village,Financial District,17.04976954,57,1,Lyft,Hatchback,Cloudy,Medium,3.9,1,30.21
125,16-05-2023 02:00,2,1,5,0,0,Midtown,Upper West,10.43642951,33,1,UberX,SUV,Clear,Very Heavy,4.3,2.5,38.43
126,13-07-2023 04:00,4,3,7,0,0,Tribeca,Tribeca,13.72580246,43,1,UberXL,Hatchback,Rainy,Low,3.8,1,27.08
127,14-02-2023 03:00,3,1,2,0,0,Financial District,Queens,15.96313985,49,1,Lyft,Sedan,Clear,Medium,3.8,1,30.1
128,05-10-2023 20:00,20,3,10,0,1,East Village,Upper West,6.792299645,21,1,UberX,Hatchback,Clear,Low,3.5,2.5,31.25
129,12-05-2023 13:00,13,4,5,0,0,Upper West,Upper West,13.09252123,45,1,UberX,SUV,Clear,Medium,4.4,2.5,42.14
130,04-09-2023 11:00,11,0,9,0,0,Upper West,Queens,11.10392079,42,3,UberX,Sedan,Clear,Low,5,1,19.33
131,23-04-2023 05:00,5,6,4,1,0,Tribeca,Upper West,11.33501997,41,2,UberX,Hatchback,Clear,High,4.8,1,24.39
132,01-06-2023 03:00,3,3,6,0,0,Downtown,Tribeca,19.19171822,64,5,Standard,Hatchback,Clear,High,4.6,1,36.89
133,16-08-2023 02:00,2,2,8,0,0,Queens,Chinatown,12.30968726,38,4,UberX,Van,Clear,Low,4.7,2,34.64
134,11-03-2023 07:00,7,5,3,1,1,Downtown,East Village,23.81631971,77,1,UberXL,SUV,Clear,Low,4.1,1,41.19
135,22-08-2023 00:00,0,1,8,0,0,Queens,Brooklyn,8.056432843,30,1,Lyft,SUV,Clear,High,3.9,2,31.76
136,05-11-2023 00:00,0,6,11,1,0,Midtown,Queens,12.90999035,48,2,UberX,Hatchback,Clear,Medium,4.1,1,24.95
137,24-02-2023 10:00,10,4,2,0,1,Chinatown,Tribeca,12.73463393,44,1,UberX,Sedan,Rainy,Medium,3.6,1,29.4
138,10-10-2023 08:00,8,1,10,0,1,Upper East,Lower East Side,20.87050583,72,1,LyftPlus,Van,Rainy,Low,4.5,1.5,43.26
139,02-09-2023 08:00,8,5,9,1,1,Tribeca,Downtown,13.69071394,46,1,LyftPlus,Sedan,Cloudy,Medium,3.8,1,28.65
140,10-11-2023 14:00,14,4,11,0,0,Soho,Queens,14.88465582,50,1,UberX,Sedan,Clear,Low,4.6,1,24.61
141,21-08-2023 07:00,7,0,8,0,1,Chinatown,Chinatown,3.784177965,19,1,UberX,Sedan,Clear,High,3.8,1,14.92
142,19-08-2023 10:00,10,5,8,1,1,Lower East Side,Tribeca,11.87199896,41,1,Lyft,SUV,Rainy,Medium,3.8,1.5,28.96
143,03-07-2023 21:00,21,0,7,0,0,Tribeca,Tribeca,9.484654994,28,1,UberX,Sedan,Rainy,High,4.9,1,21.47
144,06-06-2023 04:00,4,1,6,0,0,Brooklyn,Lower East Side,24.47177565,75,2,UberX,Sedan,Clear,Medium,3.7,1,41.32
145,28-01-2023 15:00,15,5,1,1,0,East Village,Soho,9.30782803,40,1,UberX,SUV,Rainy,Medium,4.2,1,23.72
146,25-03-2023 06:00,6,5,3,1,0,Brooklyn,East Village,23.1388516,74,5,UberX,SUV,Clear,Medium,3.6,1,40.82
147,30-11-2023 02:00,2,3,11,0,0,Upper West,Chinatown,16.74764221,57,1,UberX,Hatchback,Clear,Very Heavy,3.6,2,42.6
148,04-03-2023 07:00,7,5,3,1,1,Queens,Queens,9.753499566,31,1,UberXL,Sedan,Rainy,Medium,4.5,1,22.24
149,18-05-2023 16:00,16,3,5,0,0,East Village,Lower East Side,14.96359316,50,1,Lyft,Sedan,Clear,Low,4.4,1,26.36
150,06-06-2023 19:00,19,1,6,0,1,Chinatown,Financial District,22.39150973,76,1,UberXL,Sedan,Clear,Medium,3.8,1,40.19
151,07-08-2023 00:00,0,0,8,0,0,Upper West,Tribeca,21.46532782,63,1,UberX,SUV,Clear,Low,4.8,1.5,39.62
152,19-03-2023 05:00,5,6,3,1,0,East Village,Brooklyn,8.31836424,30,1,UberXL,Sedan,Clear,Low,4.6,1,18.89
153,02-10-2023 09:00,9,0,10,0,1,Downtown,Soho,9.119946345,32,3,Lyft,Sedan,Clear,Medium,4,2,31.91
154,23-02-2023 19:00,19,3,2,0,1,Upper West,Tribeca,11.92518879,41,2,UberX,SUV,Clear,Medium,3.9,1,26.45
155,30-05-2023 05:00,5,1,5,0,0,Downtown,Queens,5.124575663,26,1,UberX,Hatchback,Snowy,Very Heavy,4.6,1,19
156,11-11-2023 18:00,18,5,11,1,1,Downtown,Midtown,3.569898408,14,1,UberX,Sedan,Rainy,Low,4.6,1,11.3
157,31-10-2023 08:00,8,1,10,0,1,East Village,Tribeca,14.52902738,47,1,UberX,SUV,Clear,High,3.7,1,29.58
158,10-03-2023 04:00,4,4,3,0,0,Financial District,Upper East,22.52590533,72,1,Standard,Sedan,Clear,Medium,4,1,37.11
159,04-06-2023 00:00,0,6,6,1,0,Brooklyn,Midtown,11.01723535,45,1,Lyft,Sedan,Clear,Low,3.8,1,18.28
160,30-01-2023 02:00,2,0,1,0,0,Upper West,Tribeca,18.27384374,60,5,UberX,Sedan,Rainy,Very Heavy,3.9,1,39.51
161,17-07-2023 09:00,9,0,7,0,1,Soho,Upper West,18.62111031,62,1,Lyft,SUV,Clear,High,3.9,2,46.63
162,05-02-2023 14:00,14,6,2,1,0,Financial District,Chinatown,10.07036974,28,2,UberX,SUV,Clear,Medium,5,2,29.91
163,07-12-2023 04:00,4,3,12,0,0,Lower East Side,Tribeca,5.376376991,21,1,UberX,Hatchback,Clear,High,4.6,1,14.83
164,01-09-2023 23:00,23,4,9,0,0,Brooklyn,Downtown,7.391601687,26,2,UberX,Hatchback,Clear,Very Heavy,4.7,1,18.99
165,05-11-2023 00:00,0,6,11,1,0,Upper West,Upper West,15.80567593,52,1,Lyft,SUV,Rainy,Medium,3.9,2,42.62
166,30-09-2023 00:00,0,5,9,1,0,Chinatown,Queens,21.89180148,69,2,UberX,Sedan,Rainy,Low,3.5,1,38.34
167,07-08-2023 17:00,17,0,8,0,1,Queens,Brooklyn,17.17724028,52,3,UberX,Hatchback,Cloudy,Low,3.6,2.5,49.44
168,04-08-2023 12:00,12,4,8,0,0,Brooklyn,Midtown,4.203862764,16,1,UberX,Hatchback,Clear,High,4.3,1,13.79
169,13-03-2023 03:00,3,0,3,0,0,Soho,Financial District,8.6983864,35,1,UberX,Hatchback,Rainy,High,3.9,1.5,22.75
170,30-08-2023 07:00,7,2,8,0,1,Tribeca,Soho,4.760280668,19,5,Lyft,Sedan,Clear,High,3.8,1,15.48
171,19-08-2023 15:00,15,5,8,1,0,Midtown,Lower East Side,15.79154082,46,2,LyftPlus,Hatchback,Clear,Low,3.6,1,25.3
172,25-07-2023 11:00,11,1,7,0,0,Downtown,Brooklyn,8.163589114,25,1,Lyft,Hatchback,Clear,Very Heavy,4.8,1,20.3
173,27-05-2023 06:00,6,5,5,1,0,Midtown,Upper West,18.94210475,62,1,Lyft,SUV,Clear,Medium,4.4,1,31.58
174,09-01-2023 10:00,10,0,1,0,1,Financial District,Soho,4.817914165,16,1,Standard,Hatchback,Clear,Medium,3.7,1,15.94
175,25-06-2023 18:00,18,6,6,1,1,Tribeca,Midtown,22.766659,74,1,UberX,Hatchback,Cloudy,Low,4.6,1,38.21
176,02-07-2023 21:00,21,6,7,1,0,Downtown,Financial District,15.95643897,56,1,UberX,SUV,Clear,Very Heavy,4.6,1,31.9
177,07-04-2023 23:00,23,4,4,0,0,Upper West,Upper East,18.38540525,61,1,UberXL,Hatchback,Clear,Medium,3.9,1,31.11
178,30-11-2023 12:00,12,3,11,0,0,Financial District,Upper East,24.970906,76,1,UberX,Hatchback,Cloudy,Medium,3.8,1,43.91
179,03-05-2023 03:00,3,2,5,0,0,Soho,Chinatown,4.779898213,19,2,UberXL,Van,Clear,Very Heavy,4.7,1,14.84
180,21-11-2023 01:00,1,1,11,0,0,East Village,Financial District,23.01187527,76,3,UberX,Van,Rainy,Very Heavy,4,1,44.84
181,09-01-2023 05:00,5,0,1,0,0,Upper West,Soho,6.368776223,21,1,UberX,SUV,Cloudy,Low,4.8,1,12.12
182,24-10-2023 21:00,21,1,10,0,0,Brooklyn,Queens,9.570812926,30,2,UberXL,Sedan,Clear,Very Heavy,3.6,1,21.39
183,22-03-2023 10:00,10,2,3,0,1,East Village,Soho,22.63779024,72,1,Standard,Sedan,Clear,High,4.2,2.5,57.9
184,19-09-2023 23:00,23,1,9,0,0,Financial District,Chinatown,23.77193343,80,1,UberX,Van,Rainy,Low,3.8,1.5,45.24
185,28-06-2023 10:00,10,2,6,0,1,Brooklyn,Tribeca,13.35948854,42,3,UberX,Sedan,Rainy,Low,4.5,1,31.88
186,15-04-2023 15:00,15,5,4,1,0,Soho,Soho,17.31440456,55,1,Lyft,Sedan,Clear,Medium,5,1,32.86
187,28-01-2023 11:00,11,5,1,1,0,Lower East Side,Queens,16.36192658,50,1,UberX,SUV,Clear,Medium,4.1,1,29.09
188,28-04-2023 03:00,3,4,4,0,0,Midtown,Brooklyn,21.67364379,67,1,UberX,Sedan,Clear,High,3.7,1,38.54
189,23-10-2023 18:00,18,0,10,0,1,Brooklyn,Midtown,5.713178776,21,1,UberX,SUV,Cloudy,Low,4,1,14.28
190,30-09-2023 18:00,18,5,9,1,1,Midtown,Soho,20.51205371,66,2,Lyft,Hatchback,Clear,High,4.8,1,41.62
191,24-03-2023 18:00,18,4,3,0,1,Downtown,Lower East Side,13.60744264,37,6,LyftPlus,Sedan,Cloudy,High,4.6,1,34.77
192,14-12-2023 10:00,10,3,12,0,1,Queens,Midtown,12.58273056,42,2,Lyft,Hatchback,Snowy,Medium,3.8,1,26.52
193,02-05-2023 07:00,7,1,5,0,1,Upper East,Upper West,11.1081471,43,3,UberX,SUV,Rainy,Very Heavy,4.9,1,31.22
194,14-03-2023 06:00,6,1,3,0,0,Upper West,Upper East,13.32675913,45,2,UberX,SUV,Rainy,High,4.4,1,28.36
195,18-03-2023 19:00,19,5,3,1,1,Upper East,Upper East,13.79238136,45,3,UberX,Sedan,Clear,Low,3.8,1,26.05
196,28-12-2023 16:00,16,3,12,0,0,Downtown,Queens,24.80656502,77,1,Standard,Hatchback,,High,4.4,1,45.19
197,05-05-2023 00:00,0,4,5,0,0,Brooklyn,Upper West,15.70400068,49,3,Lyft,Sedan,Clear,Very Heavy,4.2,1,32.58
198,23-03-2023 15:00,15,3,3,0,0,Downtown,Upper East,9.568929859,34,1,UberX,Sedan,Clear,Low,4.7,1,19.56
199,28-08-2023 23:00,23,0,8,0,0,Chinatown,Chinatown,23.89057965,78,3,Lyft,SUV,Clear,Very Heavy,4,1,46.26
200,06-10-2023 22:00,22,4,10,0,0,Upper East,Queens,6.945803446,31,1,UberXL,Van,Rainy,Low,4.8,1,16.02
201,10-04-2023 09:00,9,0,4,0,1,Upper East,Soho,20.53725192,64,2,Standard,SUV,Clear,Medium,4.7,1.5,45.39
202,17-07-2023 08:00,8,0,7,0,1,Lower East Side,Upper West,19.72882406,68,2,LyftPlus,Hatchback,Rainy,High,4.5,1,40.12
203,17-03-2023 02:00,2,4,3,0,0,Chinatown,Chinatown,17.50276143,61,6,UberX,SUV,Clear,High,3.9,1,33.66
204,06-12-2023 19:00,19,2,12,0,1,Upper West,Tribeca,14.77010211,48,2,Lyft,Sedan,Clear,High,5,1,33.53
205,05-12-2023 08:00,8,1,12,0,1,East Village,Tribeca,15.54978943,49,1,UberXL,Sedan,Clear,Medium,4.3,1,29.82
206,03-10-2023 16:00,16,1,10,0,0,Tribeca,Tribeca,21.3169616,64,1,UberX,Sedan,Snowy,High,4.9,2,51.29
207,19-08-2023 14:00,14,5,8,1,0,Lower East Side,Brooklyn,20.57405363,66,1,Lyft,Sedan,Cloudy,High,3.8,2,47.12
208,19-06-2023 05:00,5,0,6,0,0,Downtown,Tribeca,7.175042269,25,1,UberXL,SUV,Clear,Medium,5,1,15.41
209,11-01-2023 22:00,22,2,1,0,0,Queens,Upper West,20.84555893,70,1,UberX,Sedan,Clear,Medium,4.7,1,36.4
210,19-09-2023 23:00,23,1,9,0,0,Tribeca,Downtown,11.94998758,41,1,Lyft,Hatchback,Cloudy,High,4.9,1,22.81
211,27-03-2023 09:00,9,0,3,0,1,Chinatown,Upper East,8.122729974,23,1,Lyft,Van,Clear,,3.8,2.5,32.65
212,14-08-2023 23:00,23,0,8,0,0,Downtown,Tribeca,21.73907812,70,3,UberX,SUV,Clear,Medium,4.1,1.5,42.23
213,09-07-2023 12:00,12,6,7,1,0,Soho,Upper West,15.2763352,51,3,UberX,Sedan,Clear,Low,3.6,1,27.42
214,10-05-2023 12:00,12,2,5,0,0,Chinatown,Chinatown,19.04904749,61,1,Lyft,Sedan,Clear,High,3.7,1,35.87
215,26-10-2023 06:00,6,3,10,0,0,Financial District,East Village,9.438948006,35,1,UberX,SUV,Clear,Low,3.9,1.5,24.65
216,05-11-2023 08:00,8,6,11,1,1,Financial District,Chinatown,5.513818456,19,1,LyftPlus,SUV,Clear,Medium,4.9,1,18.5
217,13-05-2023 02:00,2,5,5,1,0,Lower East Side,Soho,14.97918802,53,1,UberX,Sedan,Rainy,Low,4.5,1,27.99
218,04-04-2023 23:00,23,1,4,0,0,Upper East,Chinatown,5.251963812,19,1,UberX,Sedan,Clear,Low,4,1,10.7
219,18-02-2023 02:00,2,5,2,1,0,Financial District,Brooklyn,18.4235027,59,1,UberX,SUV,,Medium,4.9,1,30.61
220,07-07-2023 11:00,11,4,7,0,0,Lower East Side,Midtown,10.37842733,41,1,UberXL,SUV,Clear,Medium,4.6,2,30.66
221,20-09-2023 07:00,7,2,9,0,1,Midtown,Queens,12.93734598,39,1,Lyft,Hatchback,Clear,Medium,4.9,2,35.7
222,16-09-2023 05:00,5,5,9,1,0,Queens,East Village,11.23051179,38,1,UberXL,Van,Clear,Low,4.9,1,19.36
223,10-03-2023 16:00,16,4,3,0,0,Financial District,Chinatown,4.594457202,19,1,UberX,Hatchback,Rainy,Very Heavy,4.6,1,15.61
224,19-08-2023 19:00,19,5,8,1,1,Brooklyn,East Village,8.10040952,27,2,LyftPlus,Sedan,Clear,Low,3.9,1,17.26
225,24-06-2023 23:00,23,5,6,1,0,Midtown,Brooklyn,17.33326531,58,2,UberX,Hatchback,Clear,High,5,1,32.99
226,18-12-2023 21:00,21,0,12,0,0,Tribeca,Queens,5.105576581,22,1,UberX,SUV,Clear,High,4,1,15.12
227,17-04-2023 13:00,13,0,4,0,0,Midtown,Brooklyn,17.34294957,57,1,UberX,Hatchback,Rainy,,4.5,1,31.23
228,22-08-2023 00:00,0,1,8,0,0,Downtown,Tribeca,23.76368794,76,1,UberX,Hatchback,Clear,Medium,4.8,2,51.43
229,05-01-2023 02:00,2,3,1,0,0,Upper East,Midtown,17.63297176,59,1,UberX,Sedan,Clear,Very Heavy,3.8,1,36.48
230,02-04-2023 16:00,16,6,4,1,0,Lower East Side,Queens,22.21660256,69,1,UberX,Sedan,Clear,Medium,4.4,1,37.99
231,04-05-2023 09:00,9,3,5,0,1,Upper West,Upper West,6.426815757,22,1,UberX,Sedan,Rainy,Low,4.1,1,18.92
232,27-07-2023 05:00,5,3,7,0,0,Upper West,Chinatown,8.390822535,31,1,LyftPlus,Sedan,Clear,Medium,3.9,1,16.21
233,04-07-2023 17:00,17,1,7,0,1,Soho,Chinatown,22.42725206,71,1,UberX,SUV,Rainy,Medium,3.5,1,43.33
234,30-04-2023 13:00,13,6,4,1,0,Queens,Upper East,19.11506312,62,2,Lyft,Hatchback,Rainy,High,4.8,1,36.7
235,09-02-2023 20:00,20,3,2,0,1,Downtown,Brooklyn,7.98215359,21,1,Lyft,Sedan,Cloudy,Very Heavy,3.7,1,23.36
236,15-12-2023 00:00,0,4,12,0,0,Upper West,Midtown,15.6445001,53,1,UberX,SUV,Clear,Low,4.8,1,23.33
237,26-08-2023 11:00,11,5,8,1,0,Upper East,Soho,17.30748621,60,1,UberXL,SUV,Clear,Medium,4.4,1,32.53
238,17-10-2023 08:00,8,1,10,0,1,Tribeca,Downtown,12.77797939,45,1,UberXL,Sedan,Cloudy,Medium,4.4,1,26.39
239,07-07-2023 05:00,5,4,7,0,0,Upper West,Soho,5.29498616,23,3,UberX,Hatchback,Clear,Very Heavy,4.7,1,17.24
240,24-07-2023 15:00,15,0,7,0,0,Brooklyn,Downtown,8.960163897,34,1,Standard,SUV,Clear,Medium,4.3,1,17.11
241,16-06-2023 03:00,3,4,6,0,0,Midtown,Financial District,20.59201662,66,1,Lyft,SUV,Clear,High,4,1,39.89
242,08-09-2023 15:00,15,4,9,0,0,Upper West,Upper West,19.38906284,60,1,LyftPlus,Hatchback,Cloudy,Medium,3.7,1,35.25
243,20-02-2023 18:00,18,0,2,0,1,Downtown,Financial District,13.82564988,48,1,LyftPlus,SUV,Clear,High,4.4,1,28.47
244,07-07-2023 08:00,8,4,7,0,1,Financial District,Brooklyn,22.70616149,76,1,UberX,Sedan,Clear,Medium,4.3,1,37.76
245,17-07-2023 07:00,7,0,7,0,1,Financial District,Brooklyn,11.8742242,37,1,UberX,Hatchback,Rainy,Very Heavy,3.9,1,29.34
246,09-07-2023 19:00,19,6,7,1,1,Tribeca,Chinatown,10.19533703,37,3,UberX,SUV,Clear,Medium,4.4,1,19.61
247,02-12-2023 10:00,10,5,12,1,1,Financial District,Downtown,23.50352225,76,1,LyftPlus,Hatchback,Cloudy,High,4.2,1,44.35
248,24-05-2023 14:00,14,2,5,0,0,Lower East Side,Queens,19.34612154,62,1,LyftPlus,Sedan,Clear,Medium,4.7,1,34.56
249,13-02-2023 13:00,13,0,2,0,0,Chinatown,Lower East Side,13.46928721,44,1,UberXL,Sedan,Rainy,High,4.3,1,29.62
250,15-10-2023 05:00,5,6,10,1,0,Tribeca,Midtown,5.058759194,20,2,UberX,Hatchback,Clear,Medium,4.9,2.5,26.35
251,12-03-2023 13:00,13,6,3,1,0,Downtown,Tribeca,7.913348997,26,3,UberX,Sedan,Cloudy,Low,4.3,1,15.77
252,24-05-2023 04:00,4,2,5,0,0,Queens,East Village,19.26136532,71,2,LyftPlus,SUV,Cloudy,Medium,4.8,2,44.35
253,31-12-2023 18:00,18,6,12,1,1,Financial District,Brooklyn,10.33196036,32,2,Standard,SUV,Rainy,Medium,4.3,1,24.03
254,03-09-2023 15:00,15,6,9,1,0,Chinatown,Financial District,22.30777522,64,5,UberX,SUV,Cloudy,Low,4.3,1,36.82
255,20-05-2023 18:00,18,5,5,1,1,Soho,Financial District,22.69644166,73,1,UberX,Sedan,Clear,Low,4.1,2.5,53.56
256,10-01-2023 09:00,9,1,1,0,1,Upper East,Lower East Side,22.84153176,73,2,UberX,Sedan,Cloudy,Medium,4.1,2,52.81
257,23-07-2023 21:00,21,6,7,1,0,Midtown,Soho,9.709347646,35,5,UberX,Sedan,Rainy,Medium,4.9,1,22.42
258,20-10-2023 14:00,14,4,10,0,0,Financial District,Upper West,21.09140177,59,1,LyftPlus,SUV,Cloudy,Medium,3.8,1,36.88
259,22-08-2023 08:00,8,1,8,0,1,Tribeca,Downtown,11.61209224,34,1,UberXL,Van,Rainy,Medium,3.7,1,25.79
260,30-11-2023 04:00,4,3,11,0,0,Downtown,East Village,7.29620692,25,2,Lyft,Sedan,Clear,Low,4.7,1.5,23.11
261,17-11-2023 03:00,3,4,11,0,0,Financial District,Downtown,2.857400937,16,3,UberXL,Hatchback,Rainy,Low,4.4,1,10.77
262,13-07-2023 10:00,10,3,7,0,1,Upper West,Brooklyn,10.42942421,30,3,UberX,Sedan,Clear,High,3.9,1,25.53
263,16-11-2023 23:00,23,3,11,0,0,Financial District,Chinatown,24.15070531,78,2,UberX,Hatchback,Rainy,Low,4.1,1,41.32
264,09-12-2023 00:00,0,5,12,1,0,Tribeca,Upper East,9.306111563,32,4,Lyft,Sedan,Clear,High,4.3,1,22.52
265,02-11-2023 19:00,19,3,11,0,1,Brooklyn,East Village,8.578050436,31,1,Lyft,Sedan,Clear,Medium,4.4,1.5,24.81
266,02-04-2023 21:00,21,6,4,1,0,Brooklyn,Soho,25.49202927,81,1,UberX,SUV,Snowy,Very Heavy,4.7,1.5,51.28
267,14-02-2023 13:00,13,1,2,0,0,Financial District,Financial District,2.014008807,10,1,UberX,SUV,Cloudy,Low,4.1,1,9.22
268,24-05-2023 12:00,12,2,5,0,0,Midtown,Soho,18.72123626,61,1,UberX,Sedan,Cloudy,High,4.5,1,34.67
269,14-02-2023 04:00,4,1,2,0,0,Downtown,Chinatown,9.398815219,36,1,UberX,Sedan,Rainy,Medium,4.8,1.5,26.5
270,07-04-2023 23:00,23,4,4,0,0,Soho,Brooklyn,3.345093646,15,1,Lyft,Sedan,Rainy,Low,4.8,1,9.17
271,23-05-2023 12:00,12,1,5,0,0,Soho,Upper East,22.60545367,75,1,UberXL,Hatchback,Rainy,Medium,3.9,1,41.63
272,13-01-2023 13:00,13,4,1,0,0,Financial District,Tribeca,6.349629237,22,3,UberXL,Van,Clear,Medium,4,1,16.52
273,26-01-2023 06:00,6,3,1,0,0,Financial District,East Village,16.25439474,57,1,LyftPlus,Sedan,Cloudy,Medium,4.4,1,27.49
274,13-05-2023 02:00,2,5,5,1,0,Brooklyn,Lower East Side,8.735197355,30,3,UberXL,SUV,Cloudy,Medium,4.8,2.5,34.99
275,30-01-2023 03:00,3,0,1,0,0,Tribeca,Downtown,3.618924411,15,3,UberX,Sedan,Rainy,Very Heavy,4.7,1,15.92
276,01-08-2023 00:00,0,1,8,0,0,Midtown,East Village,4.911217785,14,1,UberX,Sedan,Cloudy,Medium,4.4,1,11.12
277,08-01-2023 22:00,22,6,1,1,0,Chinatown,Financial District,5.260282886,18,1,LyftPlus,Sedan,Clear,Medium,5,1.5,19.9
278,10-02-2023 20:00,20,4,2,0,1,Financial District,Downtown,4.677399189,16,2,Lyft,Hatchback,Clear,High,4.2,1,14.52
279,04-05-2023 23:00,23,3,5,0,0,Soho,Tribeca,19.39980529,57,2,UberX,Sedan,Snowy,High,4.8,1,39.05
280,12-09-2023 06:00,6,1,9,0,0,Downtown,Lower East Side,14.02242681,44,1,Lyft,Hatchback,Clear,Low,4.7,2,32.32
281,19-02-2023 08:00,8,6,2,1,1,Queens,Tribeca,9.529721877,35,1,UberXL,Sedan,Rainy,High,4.9,1,22.69
282,19-05-2023 15:00,15,4,5,0,0,Upper West,Lower East Side,12.93038825,46,1,LyftPlus,Hatchback,Clear,Medium,5,1,25.48
283,22-05-2023 10:00,10,0,5,0,1,Financial District,Upper West,23.40405148,70,1,Standard,SUV,Rainy,Low,4.2,1,41.98
284,13-12-2023 15:00,15,2,12,0,0,Tribeca,Downtown,22.27222365,76,1,Lyft,Sedan,Rainy,Medium,3.8,1,42.67
285,17-03-2023 16:00,16,4,3,0,0,Financial District,Midtown,19.27581555,65,1,Lyft,Hatchback,Rainy,Low,4.2,1.5,38.7
286,01-09-2023 22:00,22,4,9,0,0,Tribeca,Upper East,21.69774117,76,1,UberX,Sedan,Clear,Medium,4.8,1,36.46
287,07-10-2023 13:00,13,5,10,1,0,Midtown,Midtown,9.311184009,36,4,Lyft,Sedan,Clear,Medium,4.8,1.5,23.92
288,24-01-2023 17:00,17,1,1,0,1,Queens,Tribeca,10.18312827,41,1,Lyft,Sedan,Rainy,Medium,4,1,23.54
289,15-08-2023 18:00,18,1,8,0,1,Upper East,Downtown,8.29641784,31,3,UberXL,Sedan,Cloudy,Medium,3.6,2,32.07
290,20-03-2023 23:00,23,0,3,0,0,Lower East Side,Upper West,17.03595338,53,2,Lyft,Sedan,Clear,High,4.3,1,32.53
291,24-04-2023 21:00,21,0,4,0,0,Downtown,East Village,17.88538749,59,2,LyftPlus,Sedan,Clear,Medium,4.2,1,31.77
292,10-06-2023 23:00,23,5,6,1,0,Downtown,East Village,13.14679671,37,1,UberX,Sedan,Clear,High,3.6,2,37.46
293,07-11-2023 15:00,15,1,11,0,0,Tribeca,East Village,11.01600015,37,1,UberX,Sedan,Cloudy,High,4.7,1,24
294,17-06-2023 06:00,6,5,6,1,0,Brooklyn,Chinatown,22.88367208,73,2,Lyft,Van,Rainy,High,3.9,1,42.96
295,12-03-2023 06:00,6,6,3,1,0,Tribeca,Upper West,18.89136869,64,3,LyftPlus,Hatchback,Snowy,High,4.5,2.5,55.87
296,06-05-2023 09:00,9,5,5,1,1,Brooklyn,Chinatown,13.2962949,45,1,LyftPlus,Sedan,Clear,Low,3.7,2.5,38.28
297,22-11-2023 06:00,6,2,11,0,0,Lower East Side,Brooklyn,17.0264267,54,1,Lyft,Hatchback,Clear,Medium,4.8,1.5,35.75
298,07-01-2023 10:00,10,5,1,1,1,East Village,Downtown,7.786423681,24,2,LyftPlus,SUV,Rainy,Medium,4.6,1,20.7
299,28-02-2023 17:00,17,1,2,0,1,Soho,Midtown,5.487156496,19,1,Lyft,Sedan,Clear,Medium,4.1,1,15.94
300,02-02-2023 16:00,16,3,2,0,0,Chinatown,Upper East,10.84318982,36,1,UberX,Sedan,Clear,Low,4.4,1,19.72
301,04-12-2023 08:00,8,0,12,0,1,Lower East Side,Tribeca,12.19010399,39,2,Lyft,Van,Clear,Medium,3.8,1,26.28
302,12-11-2023 00:00,0,6,11,1,0,Downtown,Upper East,10.00691945,27,1,UberX,Hatchback,Clear,Very Heavy,5,1,19.83
303,02-11-2023 23:00,23,3,11,0,0,Chinatown,Tribeca,3.006889887,13,1,UberX,Hatchback,Clear,Medium,4.7,1,9.5
304,28-10-2023 06:00,6,5,10,1,0,Midtown,Downtown,3.862134325,15,3,UberX,SUV,Clear,Medium,4.7,1,13.01
305,22-08-2023 04:00,4,1,8,0,0,Tribeca,Downtown,20.29128059,64,1,UberX,SUV,Clear,Low,3.7,1,33.18
306,30-08-2023 17:00,17,2,8,0,1,Midtown,Soho,10.61320698,37,1,UberX,SUV,Clear,High,3.5,1,26.16
307,27-04-2023 22:00,22,3,4,0,0,Queens,Midtown,10.1096582,33,1,UberX,Hatchback,Rainy,Medium,4.4,1,21.43
308,23-01-2023 09:00,9,0,1,0,1,Midtown,Financial District,14.98286354,53,1,UberX,Hatchback,Clear,Low,3.7,2,37.24
309,07-09-2023 10:00,10,3,9,0,1,Financial District,Tribeca,4.25497161,15,2,UberX,Sedan,Clear,Very Heavy,4.7,1,15.68
310,18-03-2023 17:00,17,5,3,1,1,Soho,Queens,6.160965477,21,1,UberXL,SUV,Clear,High,4.1,1,16.16
311,30-12-2023 04:00,4,5,12,1,0,Financial District,Financial District,22.23070744,69,1,Lyft,SUV,Clear,High,4,1,39.95
312,18-10-2023 11:00,11,2,10,0,0,Lower East Side,East Village,17.05985336,56,1,LyftPlus,Sedan,Rainy,Very Heavy,3.6,1,34.85
313,23-08-2023 09:00,9,2,8,0,1,Upper West,Upper East,24.69773503,79,1,LyftPlus,Sedan,Cloudy,Medium,5,1,43.23
314,03-05-2023 22:00,22,2,5,0,0,Tribeca,Lower East Side,26.4838539,82,1,UberXL,Hatchback,Cloudy,High,4.9,1,45.25
315,30-11-2023 00:00,0,3,11,0,0,Downtown,Lower East Side,9.673020174,33,1,Lyft,Van,Clear,Low,3.7,1,18.65
316,19-07-2023 04:00,4,2,7,0,0,Chinatown,Downtown,9.152922261,33,1,UberX,Hatchback,Clear,High,4,2,28.33
317,09-04-2023 16:00,16,6,4,1,0,Tribeca,Queens,23.11141272,76,1,UberX,Sedan,Clear,Low,4.1,1,39.01
318,05-10-2023 07:00,7,3,10,0,1,Soho,Tribeca,23.22371548,74,1,Lyft,Sedan,Snowy,Low,3.9,1,44.14
319,07-12-2023 13:00,13,3,12,0,0,Upper East,Brooklyn,15.6758779,49,3,Lyft,Sedan,Rainy,Medium,4.9,1,31.83
320,07-07-2023 07:00,7,4,7,0,1,Chinatown,Tribeca,19.87736023,62,1,LyftPlus,SUV,Clear,Low,4.6,1.5,38.55
321,08-09-2023 02:00,2,4,9,0,0,Upper East,Lower East Side,22.2427327,72,1,Lyft,Hatchback,Clear,Medium,4.9,1,38.27
322,03-10-2023 14:00,14,1,10,0,0,Upper West,Upper East,9.842940877,36,1,UberX,Hatchback,Clear,Medium,4.8,2,31.32
323,04-09-2023 15:00,15,0,9,0,0,Soho,Tribeca,16.71776901,55,2,LyftPlus,Hatchback,Clear,Medium,4.6,1.5,33.47
324,05-02-2023 13:00,13,6,2,1,0,East Village,Tribeca,21.29935581,67,1,Lyft,Sedan,Cloudy,Low,4.5,1,35.97
325,22-06-2023 18:00,18,3,6,0,1,East Village,Upper West,16.99205126,54,4,LyftPlus,Sedan,Clear,Low,4.8,1,30.42
326,07-06-2023 01:00,1,2,6,0,0,East Village,Midtown,6.265428054,26,1,Lyft,Van,Rainy,Medium,4.5,1,15.74
327,24-01-2023 22:00,22,1,1,0,0,Downtown,Financial District,10.60217272,33,2,UberX,Hatchback,Clear,High,3.8,1,22.95
328,17-02-2023 20:00,20,4,2,0,1,Downtown,Brooklyn,8.376202318,28,1,UberX,SUV,Clear,Low,4.5,1,16.86
329,20-09-2023 05:00,5,2,9,0,0,East Village,Downtown,6.712972873,29,2,UberX,Sedan,Clear,Medium,4.3,1.5,19.29
330,27-09-2023 01:00,1,2,9,0,0,Upper East,Tribeca,8.582344848,34,2,UberX,SUV,Rainy,High,5,1,21.76
331,09-11-2023 21:00,21,3,11,0,0,Soho,Brooklyn,25.07284186,80,1,UberX,SUV,Clear,Low,4.3,1,39.44
332,19-07-2023 01:00,1,2,7,0,0,Midtown,Soho,5.597596204,20,1,UberXL,Sedan,Clear,Medium,3.6,1,14.37
333,10-06-2023 14:00,14,5,6,1,0,Soho,Tribeca,6.90401752,24,1,Standard,Sedan,Cloudy,Medium,3.9,1,18.52
334,14-04-2023 19:00,19,4,4,0,1,Lower East Side,Chinatown,11.82925066,40,1,LyftPlus,SUV,Clear,Very Heavy,4.9,1.5,30.38
335,11-05-2023 04:00,4,3,5,0,0,East Village,Chinatown,15.87131663,58,2,Lyft,Sedan,Clear,Low,4.9,1,25.35
336,26-08-2023 03:00,3,5,8,1,0,Soho,Upper West,15.07247806,53,1,UberX,Van,Clear,Medium,4.6,1,25.04
337,08-05-2023 03:00,3,0,5,0,0,Queens,Chinatown,6.350410504,26,1,UberX,Sedan,Rainy,High,3.6,1,17.51
338,01-01-2023 04:00,4,6,1,1,0,Downtown,Upper West,7.649909893,27,1,Lyft,SUV,Clear,Medium,3.5,1.5,23.01
339,06-08-2023 14:00,14,6,8,1,0,Downtown,Queens,7.90219552,27,1,UberX,SUV,Rainy,Medium,4.2,1,20.17
340,10-08-2023 11:00,11,3,8,0,0,Upper East,East Village,12.90616415,43,5,LyftPlus,SUV,Clear,Low,5,1,24.99
341,22-07-2023 21:00,21,5,7,1,0,Midtown,Upper East,10.1544123,38,3,Standard,Sedan,Clear,Very Heavy,4.8,2,34.13
342,06-02-2023 12:00,12,0,2,0,0,East Village,Financial District,25.28345643,85,1,UberX,SUV,Rainy,High,4.9,1.5,52.89
343,20-10-2023 19:00,19,4,10,0,1,Tribeca,Soho,14.67513765,46,2,Lyft,Sedan,Rainy,Medium,4.4,1,30.58
344,22-06-2023 14:00,14,3,6,0,0,Chinatown,Upper East,2.770561915,6,3,UberX,Sedan,Cloudy,,4.8,1,9.59
345,18-10-2023 06:00,6,2,10,0,0,Upper East,Chinatown,20.61740385,66,1,Lyft,Sedan,Clear,Low,4,2.5,52.4
346,22-10-2023 23:00,23,6,10,1,0,Upper East,Upper East,9.93408066,37,2,UberX,Sedan,Clear,Medium,3.5,1.5,27.5
347,29-11-2023 19:00,19,2,11,0,1,Midtown,Queens,14.05150347,45,1,UberX,Van,Rainy,Medium,4.9,1,27.95
348,11-10-2023 07:00,7,2,10,0,1,Financial District,Upper West,18.0017102,60,1,Lyft,SUV,Clear,Medium,3.8,1,33.23
349,06-07-2023 01:00,1,3,7,0,0,East Village,Midtown,9.402407412,29,1,Lyft,Sedan,Clear,Medium,4.6,1,21.85
350,27-01-2023 11:00,11,4,1,0,0,Tribeca,Brooklyn,15.56488339,50,2,Lyft,Van,Clear,High,4.5,1,29.23
351,12-03-2023 13:00,13,6,3,1,0,Downtown,Downtown,19.97369218,62,1,UberXL,Sedan,Clear,Medium,3.7,1,37.51
352,18-07-2023 00:00,0,1,7,0,0,Midtown,Midtown,22.736678,72,1,Lyft,Sedan,Clear,Medium,3.8,1,38.56
353,13-12-2023 07:00,7,2,12,0,1,Tribeca,Midtown,7.67673333,28,1,Lyft,Sedan,Cloudy,High,4,1.5,25.22
354,04-02-2023 14:00,14,5,2,1,0,Queens,East Village,10.00419095,37,1,Standard,Hatchback,Cloudy,Medium,4.6,1,18.83
355,04-08-2023 17:00,17,4,8,0,1,Upper East,East Village,14.40474978,46,2,LyftPlus,SUV,Cloudy,High,3.6,1.5,35.19
356,13-12-2023 04:00,4,2,12,0,0,Midtown,Midtown,22.00122146,67,1,Lyft,Sedan,Snowy,Low,4.1,1,39.16
357,05-09-2023 21:00,21,1,9,0,0,Downtown,Upper West,24.17117708,72,1,Lyft,Sedan,Clear,High,4.5,1,42.78
358,29-04-2023 06:00,6,5,4,1,0,Soho,Upper East,5.120711909,23,1,Lyft,SUV,Clear,Very Heavy,3.8,1,15.18
359,17-02-2023 22:00,22,4,2,0,0,Downtown,Brooklyn,8.781474619,28,1,UberX,SUV,Clear,Medium,3.7,1,19.37
360,12-11-2023 00:00,0,6,11,1,0,Queens,Upper East,6.735616661,26,1,UberX,Hatchback,Cloudy,Medium,4.1,1,14.95
361,22-03-2023 11:00,11,2,3,0,0,Midtown,Upper East,14.82954688,44,1,LyftPlus,SUV,Clear,Low,3.9,1,22.7
362,11-03-2023 08:00,8,5,3,1,1,Chinatown,Upper East,5.36802559,25,1,LyftPlus,SUV,Clear,Medium,4.5,1.5,19.49
363,15-02-2023 01:00,1,2,2,0,0,Queens,Brooklyn,10.65512234,45,1,Lyft,Hatchback,Clear,Medium,5,1,19.77
364,22-01-2023 08:00,8,6,1,1,1,East Village,Brooklyn,7.158574997,27,1,UberXL,SUV,Clear,Low,3.5,1.5,23.72
365,22-11-2023 05:00,5,2,11,0,0,East Village,Queens,15.95159305,51,1,UberX,Sedan,Clear,High,4.9,1.5,36.32
366,07-08-2023 05:00,5,0,8,0,0,Chinatown,Financial District,22.69444094,77,2,UberX,Sedan,Clear,High,4.1,1.5,47.48
367,24-01-2023 07:00,7,1,1,0,1,Lower East Side,Lower East Side,24.46345602,76,1,UberXL,SUV,Cloudy,,4.5,1,48
368,03-06-2023 00:00,0,5,6,1,0,Soho,Lower East Side,11.54339544,39,2,UberXL,Hatchback,Clear,Medium,4.8,2.5,38.07
369,05-11-2023 12:00,12,6,11,1,0,Chinatown,Lower East Side,18.09914917,50,1,Standard,Sedan,Snowy,Medium,4.4,1,35.6
370,20-05-2023 07:00,7,5,5,1,1,Lower East Side,Midtown,21.8858711,70,1,UberX,SUV,Clear,High,3.6,1.5,47.91
371,19-06-2023 14:00,14,0,6,0,0,Upper East,Tribeca,7.584318114,31,1,UberXL,Sedan,Cloudy,Medium,3.7,1,17.9
372,25-01-2023 04:00,4,2,1,0,0,Financial District,Queens,18.68587474,59,1,UberX,Sedan,Clear,High,4.7,1,33.39
373,19-10-2023 20:00,20,3,10,0,1,Brooklyn,Queens,11.54109791,38,1,Standard,Sedan,Rainy,Medium,3.8,2.5,39.29
374,05-12-2023 18:00,18,1,12,0,1,Tribeca,Downtown,8.682284175,29,2,LyftPlus,Sedan,Clear,Medium,4.4,1,17.49
375,12-05-2023 03:00,3,4,5,0,0,Queens,Tribeca,11.61771679,45,1,UberXL,Sedan,Rainy,Low,4.1,1,21.6
376,27-06-2023 01:00,1,1,6,0,0,Tribeca,East Village,4.922335762,20,1,Standard,Sedan,Cloudy,Low,4,1,10.28
377,11-03-2023 23:00,23,5,3,1,0,Soho,Downtown,16.96258597,56,1,UberXL,SUV,Clear,Medium,4.7,1,29.95
378,27-05-2023 02:00,2,5,5,1,0,Tribeca,East Village,7.051674943,24,2,UberX,Sedan,Clear,Medium,4.6,1.5,20.59
379,30-10-2023 05:00,5,0,10,0,0,Tribeca,Financial District,10.40457972,39,6,Lyft,SUV,Clear,High,4.5,1,26.96
380,25-04-2023 08:00,8,1,4,0,1,Lower East Side,Soho,6.767517515,22,1,UberX,Sedan,Clear,Medium,4.1,2,27.94
381,05-08-2023 04:00,4,5,8,1,0,Downtown,East Village,23.96816801,80,1,Lyft,Sedan,Clear,Medium,3.8,1,39.93
382,31-03-2023 05:00,5,4,3,0,0,Midtown,Upper East,13.0464017,43,1,Standard,SUV,Rainy,Medium,4.3,1,28.48
383,03-10-2023 17:00,17,1,10,0,1,Upper East,East Village,17.05097544,59,3,Lyft,SUV,Clear,Low,4.7,1,31.38
384,14-04-2023 07:00,7,4,4,0,1,Brooklyn,Chinatown,16.84196593,54,6,UberX,Hatchback,Rainy,Low,4.4,1,35.91
385,28-09-2023 04:00,4,3,9,0,0,Midtown,Tribeca,11.53968566,42,2,UberX,Sedan,Cloudy,Low,5,2,32.01
386,06-11-2023 05:00,5,0,11,0,0,Downtown,Lower East Side,8.623745029,32,1,UberX,SUV,Rainy,Medium,3.5,1.5,25.25
387,05-07-2023 12:00,12,2,7,0,0,Tribeca,Lower East Side,20.33713684,65,1,UberX,Sedan,Clear,Low,5,1,35.63
388,03-09-2023 01:00,1,6,9,1,0,Brooklyn,Brooklyn,6.937420916,29,2,UberX,SUV,Clear,Low,4.5,1,13.28
389,05-10-2023 17:00,17,3,10,0,1,Downtown,Tribeca,7.452583765,31,2,UberXL,Sedan,Clear,High,4.7,1,20.02
390,29-04-2023 17:00,17,5,4,1,1,Lower East Side,Financial District,19.72385267,62,2,Lyft,Hatchback,Clear,Low,4,1,34.23
391,04-11-2023 22:00,22,5,11,1,0,Downtown,Lower East Side,5.457516321,19,1,Lyft,SUV,Clear,Low,4.3,1.5,17.06
392,15-10-2023 17:00,17,6,10,1,1,Lower East Side,Queens,10.07156103,34,1,UberX,Hatchback,Cloudy,Very Heavy,4.7,1.5,30.87
393,14-04-2023 17:00,17,4,4,0,1,Downtown,Upper East,8.433198499,29,1,UberX,Van,Rainy,Medium,4.6,1,21.48
394,12-07-2023 03:00,3,2,7,0,0,East Village,Soho,13.60645434,48,2,UberX,Van,Clear,Low,4,2,34.51
395,29-04-2023 07:00,7,5,4,1,1,Brooklyn,Financial District,12.97935683,45,1,UberX,SUV,Clear,Low,4,1,24.71
396,22-12-2023 07:00,7,4,12,0,1,Chinatown,Queens,18.00504585,56,1,UberX,Hatchback,Clear,Medium,4.5,1,34.32
397,02-09-2023 22:00,22,5,9,1,0,Downtown,Upper West,15.68789631,49,1,UberX,Sedan,Snowy,Medium,4.9,1.5,37.01
398,20-09-2023 15:00,15,2,9,0,0,Financial District,Tribeca,16.64638367,55,1,Lyft,Sedan,Snowy,Low,4.2,1,29.55
399,05-02-2023 11:00,11,6,2,1,0,Tribeca,Chinatown,18.37203472,62,1,LyftPlus,SUV,Clear,Low,4,1,30.64
400,12-03-2023 07:00,7,6,3,1,1,Brooklyn,Financial District,9.305775157,37,1,UberXL,Van,Clear,Very Heavy,4.8,1,23.02
401,12-10-2023 17:00,17,3,10,0,1,East Village,Tribeca,10.19676677,36,1,Lyft,Hatchback,Clear,Medium,4.5,1,23.04
402,12-04-2023 03:00,3,2,4,0,0,Queens,Soho,13.22120128,44,3,UberX,Sedan,Clear,Medium,4.1,1,27.59
403,16-06-2023 16:00,16,4,6,0,0,Queens,Queens,9.451615498,32,4,LyftPlus,SUV,Clear,Medium,3.6,1,21.52
404,30-07-2023 12:00,12,6,7,1,0,Upper East,Tribeca,25.94828155,80,1,UberX,Sedan,Rainy,Low,4.6,1,44.34
405,25-04-2023 02:00,2,1,4,0,0,Upper West,Brooklyn,20.87090387,67,2,UberX,SUV,Clear,Medium,4,1,35.65
406,27-08-2023 20:00,20,6,8,1,1,Financial District,East Village,7.54689396,26,1,UberX,Sedan,Rainy,Very Heavy,3.6,1,26.31
407,13-08-2023 11:00,11,6,8,1,0,Queens,Downtown,2.818590612,12,3,UberX,Sedan,Clear,Low,4.4,1,7.14
408,30-11-2023 10:00,10,3,11,0,1,East Village,Soho,6.684941071,26,2,Lyft,Sedan,Rainy,Very Heavy,4,1,20.64
409,19-08-2023 16:00,16,5,8,1,0,Upper West,Downtown,8.836660098,27,1,Standard,Hatchback,Rainy,Low,4,2,29.83
410,13-06-2023 01:00,1,1,6,0,0,Downtown,Midtown,6.635298601,19,1,Lyft,SUV,Clear,Medium,4.2,1.5,19.09
411,14-02-2023 10:00,10,1,2,0,1,Downtown,East Village,4.8204663,16,1,UberX,Sedan,Rainy,Low,4.6,1,15.58
412,18-11-2023 19:00,19,5,11,1,1,Soho,Soho,14.28628825,50,2,Lyft,Sedan,Clear,Medium,3.9,1.5,36.13
413,02-07-2023 12:00,12,6,7,1,0,Tribeca,Financial District,21.62375725,70,1,Lyft,Hatchback,Clear,Medium,3.6,1,37.23
414,21-06-2023 03:00,3,2,6,0,0,Upper West,Brooklyn,21.68150479,72,1,LyftPlus,Van,Clear,High,4.1,1,39.66
415,27-08-2023 14:00,14,6,8,1,0,Tribeca,Financial District,7.53065937,22,1,Lyft,Hatchback,Clear,Medium,3.6,1,15.83
416,21-05-2023 13:00,13,6,5,1,0,East Village,Upper West,10.96114954,39,5,Lyft,Sedan,Clear,Medium,4.5,1,23.3
417,28-03-2023 18:00,18,1,3,0,1,Financial District,Midtown,15.47457906,47,4,Lyft,Sedan,Rainy,High,4.9,1,34.57
418,09-10-2023 04:00,4,0,10,0,0,Lower East Side,Brooklyn,20.88333303,64,1,Lyft,Sedan,Clear,Low,4.5,1,36.02
419,18-01-2023 09:00,9,2,1,0,1,Upper West,Chinatown,21.24255581,64,2,UberX,Sedan,Clear,Medium,3.9,1,38.6
420,13-12-2023 02:00,2,2,12,0,0,Queens,Lower East Side,22.40352055,68,2,UberX,SUV,Cloudy,Low,3.8,1,37.19
421,15-06-2023 14:00,14,3,6,0,0,Financial District,Tribeca,14.69222407,57,3,Lyft,Sedan,Rainy,Medium,3.8,1,29.84
422,17-05-2023 03:00,3,2,5,0,0,Soho,Tribeca,19.33670006,64,1,LyftPlus,Van,Clear,High,3.8,1,36.6
423,04-02-2023 09:00,9,5,2,1,1,Chinatown,Lower East Side,6.247693608,18,1,UberXL,Hatchback,Clear,Low,4,1,13.67
424,16-11-2023 12:00,12,3,11,0,0,Tribeca,Upper East,14.95702334,45,1,Standard,Sedan,Clear,Very Heavy,3.6,1,28.86
425,28-08-2023 09:00,9,0,8,0,1,Tribeca,Tribeca,7.483517121,27,1,UberX,SUV,Clear,High,4.8,1,21.09
426,18-01-2023 04:00,4,2,1,0,0,Financial District,Queens,8.478650314,30,1,UberXL,SUV,Cloudy,Medium,4.8,1.5,19.48
427,11-11-2023 07:00,7,5,11,1,1,Downtown,Midtown,4.054531292,15,1,UberX,SUV,Clear,Low,4.4,1,9.43
428,13-11-2023 03:00,3,0,11,0,0,Tribeca,Queens,16.57697664,59,1,Standard,Hatchback,Clear,High,3.6,1,34.81
429,31-01-2023 08:00,8,1,1,0,1,Soho,Lower East Side,8.594650801,28,1,UberX,Sedan,Snowy,High,4.7,1,21.41
430,26-10-2023 12:00,12,3,10,0,0,Queens,East Village,3.877259999,19,1,UberXL,SUV,Rainy,Low,3.6,1.5,15.86
431,07-09-2023 12:00,12,3,9,0,0,Brooklyn,Upper East,6.026021789,25,1,UberX,Sedan,Clear,Very Heavy,3.7,1,16.22
432,15-04-2023 08:00,8,5,4,1,1,Queens,Upper East,3.978874919,24,3,UberXL,SUV,Rainy,Very Heavy,4,1,15.53
433,04-05-2023 15:00,15,3,5,0,0,Queens,Lower East Side,1.946051499,18,4,LyftPlus,SUV,Cloudy,Medium,4.1,1,8.36
434,27-04-2023 02:00,2,3,4,0,0,Tribeca,Lower East Side,6.083378643,25,1,UberX,Sedan,Clear,High,4,1,16.02
435,16-02-2023 18:00,18,3,2,0,1,Chinatown,Tribeca,8.660228441,31,3,LyftPlus,Sedan,Cloudy,Medium,3.7,1,22.77
436,19-06-2023 23:00,23,0,6,0,0,Midtown,Brooklyn,6.8169627,26,1,Standard,Sedan,Clear,Medium,3.7,1,17.03
437,07-03-2023 11:00,11,1,3,0,0,Lower East Side,East Village,24.99833063,81,2,UberX,Sedan,Cloudy,Medium,4.8,1,42.54
438,31-07-2023 09:00,9,0,7,0,1,Downtown,Upper West,10.26228558,30,1,Lyft,SUV,Snowy,Low,4,1,21.12
439,01-08-2023 16:00,16,1,8,0,0,Lower East Side,Midtown,6.827761658,20,1,UberX,Van,Clear,High,3.8,1,16.92
440,31-03-2023 07:00,7,4,3,0,1,Tribeca,Midtown,13.22670372,47,1,UberX,Sedan,Rainy,Low,4.2,1.5,34.3
441,11-10-2023 14:00,14,2,10,0,0,Lower East Side,Soho,22.52314203,76,1,Lyft,Sedan,Rainy,Medium,3.6,1,43.27
442,03-11-2023 13:00,13,4,11,0,0,Downtown,Financial District,19.32723294,67,1,Lyft,Sedan,Rainy,High,4.4,2.5,53.76
443,24-05-2023 08:00,8,2,5,0,1,East Village,Tribeca,11.40149254,38,1,UberX,Sedan,Cloudy,Low,3.9,2.5,36.11
444,06-06-2023 22:00,22,1,6,0,0,Midtown,Soho,14.12948799,48,1,UberX,Sedan,Clear,Medium,4.4,1.5,30.7
445,24-08-2023 04:00,4,3,8,0,0,Lower East Side,Upper West,18.58087916,59,3,Standard,SUV,Rainy,Medium,4.4,2.5,51.02
446,02-05-2023 10:00,10,1,5,0,1,Tribeca,Upper East,18.9692333,67,1,Lyft,Hatchback,Rainy,Low,4.7,1,36.19
447,27-07-2023 00:00,0,3,7,0,0,Upper East,Lower East Side,18.33936475,58,1,UberX,Hatchback,Rainy,High,3.8,1.5,38.44
448,04-09-2023 13:00,13,0,9,0,0,Lower East Side,Downtown,21.99320025,68,1,UberXL,Sedan,Rainy,Medium,4.2,1,42.97
449,31-01-2023 08:00,8,1,1,0,1,Queens,Lower East Side,21.42692651,68,2,UberX,Sedan,Clear,Medium,4.9,1.5,46.17
450,26-02-2023 21:00,21,6,2,1,0,East Village,Upper West,15.95378068,51,1,UberX,SUV,Clear,Low,4.6,1,27.13
451,07-07-2023 04:00,4,4,7,0,0,Midtown,Upper West,12.11933805,41,1,UberXL,Sedan,Cloudy,Low,5,1,21.87
452,30-01-2023 02:00,2,0,1,0,0,Tribeca,Brooklyn,17.67673603,60,1,UberXL,Hatchback,Cloudy,Low,4.9,2.5,44.32
453,27-10-2023 10:00,10,4,10,0,1,Soho,Brooklyn,20.19109664,65,1,UberX,SUV,Clear,Low,4.4,1,37.44
454,17-01-2023 11:00,11,1,1,0,0,Financial District,Brooklyn,2.10203665,9,1,Lyft,Sedan,Clear,Medium,3.9,1.5,11.47
455,05-11-2023 08:00,8,6,11,1,1,Financial District,Brooklyn,26.13937442,81,1,UberX,Sedan,Cloudy,Medium,4.6,1,46.58
456,03-12-2023 18:00,18,6,12,1,1,Downtown,Financial District,9.296190605,31,1,Lyft,Van,Rainy,Low,4.5,1,19.94
457,23-06-2023 19:00,19,4,6,0,1,Lower East Side,Tribeca,15.16774891,44,1,UberX,SUV,Rainy,Low,4.4,1,30.03
458,01-07-2023 16:00,16,5,7,1,0,Midtown,Chinatown,22.11272857,74,1,UberXL,Hatchback,Clear,Medium,4.5,1,39.67
459,15-04-2023 06:00,6,5,4,1,0,Queens,Midtown,13.05512717,46,1,UberX,Sedan,Rainy,High,4.4,2,36.92
460,30-01-2023 21:00,21,0,1,0,0,Queens,Tribeca,7.264605997,31,1,Lyft,SUV,Rainy,Medium,4.3,2.5,33.02
461,26-04-2023 22:00,22,2,4,0,0,Chinatown,Tribeca,13.99767421,48,4,UberXL,Sedan,Rainy,Low,4.1,1.5,32.75
462,26-07-2023 02:00,2,2,7,0,0,Brooklyn,Midtown,5.333005197,16,1,UberX,Hatchback,Rainy,High,3.6,1.5,20.6
463,17-08-2023 14:00,14,3,8,0,0,Financial District,Brooklyn,12.94818328,44,2,UberX,Hatchback,Clear,Very Heavy,4.8,1,26.6
464,14-12-2023 07:00,7,3,12,0,1,Lower East Side,Tribeca,8.020444723,29,1,UberXL,Sedan,Snowy,Medium,4.8,1,20.72
465,27-07-2023 12:00,12,3,7,0,0,East Village,Lower East Side,13.07576458,46,1,UberX,Sedan,Rainy,Medium,4.4,1,23.71
466,30-10-2023 18:00,18,0,10,0,1,Midtown,Financial District,10.98690768,43,2,Lyft,SUV,Clear,Medium,3.9,1,23.8
467,07-07-2023 03:00,3,4,7,0,0,Queens,Brooklyn,26.42879107,80,1,UberXL,SUV,Cloudy,Very Heavy,3.5,1,48.51
468,27-10-2023 16:00,16,4,10,0,0,Brooklyn,Financial District,25.39235171,82,1,Lyft,SUV,Cloudy,Medium,3.5,1,41.56
469,21-08-2023 20:00,20,0,8,0,1,Midtown,Soho,5.6006866,21,1,Standard,SUV,Cloudy,Very Heavy,3.6,1,18.42
470,15-11-2023 19:00,19,2,11,0,1,Lower East Side,Chinatown,19.30830699,70,1,UberXL,Hatchback,Clear,Low,4,1,34.12
471,01-06-2023 12:00,12,3,6,0,0,Upper West,Tribeca,5.836413714,25,2,Lyft,SUV,Clear,Medium,3.8,1,15.57
472,18-02-2023 15:00,15,5,2,1,0,Queens,Lower East Side,3.532287623,14,1,Lyft,SUV,Clear,,3.9,1,14.44
473,14-02-2023 06:00,6,1,2,0,0,Upper West,Chinatown,5.236283812,24,1,Standard,Sedan,Clear,High,4.5,1.5,19.69
474,31-03-2023 20:00,20,4,3,0,1,Midtown,Queens,9.934297902,34,2,UberX,Sedan,Clear,High,4.9,1,21.39
475,24-11-2023 12:00,12,4,11,0,0,Lower East Side,Financial District,24.09363639,79,5,LyftPlus,SUV,Clear,High,3.8,1,43.35
476,04-08-2023 01:00,1,4,8,0,0,Queens,Soho,23.96335998,75,2,Standard,Hatchback,Clear,High,4.2,1.5,47.96
477,10-08-2023 01:00,1,3,8,0,0,Chinatown,East Village,6.504164268,24,1,UberX,Hatchback,Cloudy,Medium,5,1,14.08
478,30-09-2023 13:00,13,5,9,1,0,Upper West,East Village,5.548936184,25,2,UberX,Hatchback,Clear,Medium,4.9,1,13.31
479,17-07-2023 01:00,1,0,7,0,0,Upper East,Soho,6.440533327,23,2,Standard,SUV,Clear,Medium,4,1.5,21.4
480,02-11-2023 10:00,10,3,11,0,1,Brooklyn,Upper East,13.75738327,37,2,Lyft,Sedan,Clear,Medium,4,1,27.88
481,11-08-2023 06:00,6,4,8,0,0,East Village,Upper East,16.954681,53,2,UberX,Sedan,Clear,Medium,3.9,1,34.65
482,30-06-2023 10:00,10,4,6,0,1,Financial District,Brooklyn,6.393203167,28,3,Lyft,Sedan,Cloudy,Medium,3.7,1,15.87
483,30-11-2023 18:00,18,3,11,0,1,Brooklyn,Upper East,20.43471859,71,1,UberX,SUV,Clear,Low,4.2,1,36.86
484,11-10-2023 09:00,9,2,10,0,1,Upper West,East Village,10.68951627,34,1,UberX,Sedan,Rainy,Low,4,1,21.03
485,21-07-2023 22:00,22,4,7,0,0,Queens,Lower East Side,25.73975078,77,2,UberXL,Sedan,Rainy,Very Heavy,4.6,1,47.53
486,08-10-2023 11:00,11,6,10,1,0,Chinatown,Upper East,18.48625473,59,1,Lyft,SUV,Clear,Low,3.9,2,42.54
487,29-10-2023 17:00,17,6,10,1,1,Upper East,Queens,13.55430586,48,1,LyftPlus,Sedan,Clear,Low,4.6,1,22.44
488,09-02-2023 17:00,17,3,2,0,1,Chinatown,East Village,20.74576129,66,1,UberXL,SUV,Clear,Medium,3.9,1,38.61
489,16-04-2023 19:00,19,6,4,1,1,Upper East,Financial District,20.99497911,62,2,LyftPlus,SUV,Clear,Medium,4.4,1,36.93
490,22-10-2023 00:00,0,6,10,1,0,Financial District,Upper West,10.24279484,37,1,UberX,Hatchback,Clear,Medium,4.5,2,30.01
491,06-03-2023 06:00,6,0,3,0,0,Chinatown,Upper East,11.72242124,43,1,Lyft,Sedan,Rainy,Low,4.5,1,21.89
492,09-08-2023 13:00,13,2,8,0,0,Upper East,Upper East,23.76150969,81,1,UberX,Sedan,Clear,Low,3.8,1,39.26
493,19-02-2023 15:00,15,6,2,1,0,Chinatown,Tribeca,7.916188746,22,1,UberX,Hatchback,Clear,High,3.9,1,19.02
494,21-09-2023 01:00,1,3,9,0,0,Brooklyn,Midtown,6.81052047,28,1,LyftPlus,Sedan,Clear,High,3.9,1,18.35
495,17-10-2023 02:00,2,1,10,0,0,Tribeca,Queens,13.060076,44,1,UberX,Hatchback,Rainy,Low,4.4,1,25.1
496,22-04-2023 17:00,17,5,4,1,1,Upper East,East Village,20.72561943,65,2,LyftPlus,Sedan,Clear,High,3.6,1,41.21
497,06-03-2023 04:00,4,0,3,0,0,Financial District,East Village,19.8845815,59,3,UberX,SUV,Clear,Medium,4.3,1,35.58
498,15-09-2023 04:00,4,4,9,0,0,Upper East,Chinatown,23.36341678,69,2,UberX,Sedan,Rainy,High,3.6,1,42.23
499,19-08-2023 21:00,21,5,8,1,0,Upper East,Downtown,11.22310529,36,1,UberX,Sedan,Clear,Medium,4,1,20.13
500,26-02-2023 21:00,21,6,2,1,0,Soho,Midtown,14.81746925,47,1,Lyft,Hatchback,Clear,Medium,4.5,1,29.21
501,29-12-2023 03:00,3,4,12,0,0,Brooklyn,Upper East,5.390600857,20,1,UberX,SUV,Clear,High,4.1,1,12.7
502,29-12-2023 14:00,14,4,12,0,0,Upper West,Soho,15.70150777,56,1,Lyft,SUV,Cloudy,Medium,3.9,1,29.39
503,09-11-2023 06:00,6,3,11,0,0,Downtown,Tribeca,20.61376102,66,1,Lyft,Sedan,Clear,Low,4.4,2,44.48
504,29-06-2023 16:00,16,3,6,0,0,Tribeca,Chinatown,4.550022258,14,2,UberX,Van,Clear,Medium,4.6,1,12.2
505,25-02-2023 04:00,4,5,2,1,0,Upper East,Lower East Side,5.57231546,18,1,UberXL,SUV,Snowy,High,3.9,2.5,34.44
506,11-05-2023 21:00,21,3,5,0,0,East Village,Chinatown,3.718066536,17,1,UberXL,Sedan,Clear,Medium,3.9,1,9.66
507,06-11-2023 03:00,3,0,11,0,0,Upper East,Financial District,18.03974122,56,3,Standard,Sedan,Rainy,Medium,4.5,1,34.49
508,26-05-2023 06:00,6,4,5,0,0,Soho,Tribeca,22.21821256,71,1,UberX,Sedan,Clear,High,4.9,1.5,43.87
509,17-03-2023 10:00,10,4,3,0,1,Chinatown,Upper East,16.71338781,58,4,UberX,Sedan,Clear,High,3.8,1,31.77
510,02-10-2023 12:00,12,0,10,0,0,Upper West,Downtown,26.52052395,86,6,UberX,Van,Rainy,Medium,4.5,1,47.89
511,02-05-2023 19:00,19,1,5,0,1,East Village,Upper West,4.432301053,16,1,Lyft,Sedan,Cloudy,Medium,4.9,1,15.3
512,09-08-2023 21:00,21,2,8,0,0,Tribeca,Lower East Side,23.81058216,73,1,Lyft,Sedan,Clear,Medium,4.2,1,43.65
513,24-06-2023 10:00,10,5,6,1,1,East Village,East Village,20.1805365,71,2,Standard,Sedan,Rainy,Low,4,1.5,44.7
514,07-09-2023 01:00,1,3,9,0,0,Brooklyn,Financial District,9.923084018,32,1,LyftPlus,Sedan,Rainy,High,4.5,1,23.72
515,27-06-2023 20:00,20,1,6,0,1,Financial District,Midtown,25.81813853,89,1,UberX,Sedan,Clear,High,3.5,2.5,60.41
516,17-07-2023 20:00,20,0,7,0,1,Financial District,Lower East Side,9.465402929,38,2,UberXL,Sedan,Rainy,Medium,4,2,33.98
517,22-07-2023 01:00,1,5,7,1,0,Tribeca,Upper East,22.70790612,72,1,Lyft,Sedan,Clear,Low,3.9,1,37.76
518,04-06-2023 13:00,13,6,6,1,0,Lower East Side,Chinatown,20.88787472,64,1,Standard,SUV,Clear,Low,3.8,1,38.44
519,03-10-2023 19:00,19,1,10,0,1,Upper West,Queens,20.45550104,66,1,UberX,Sedan,Clear,Medium,3.8,1,35.16
520,27-12-2023 07:00,7,2,12,0,1,Lower East Side,Soho,14.6104683,52,2,UberXL,Van,Cloudy,Medium,4.6,1,27.74
521,09-05-2023 00:00,0,1,5,0,0,Financial District,Tribeca,6.759760892,24,1,LyftPlus,SUV,Clear,Medium,4.9,1,16.51
522,30-09-2023 02:00,2,5,9,1,0,Midtown,Downtown,5.202381227,16,1,UberX,SUV,Rainy,Medium,4.1,1,17.07
523,22-01-2023 00:00,0,6,1,1,0,Soho,Lower East Side,14.99459728,48,1,UberXL,Van,Clear,Low,3.6,1,26.69
524,20-02-2023 14:00,14,0,2,0,0,Tribeca,Upper West,11.62205944,41,1,Standard,SUV,Clear,Medium,4.6,1,21.59
525,05-03-2023 19:00,19,6,3,1,1,Tribeca,Brooklyn,20.80404418,68,2,LyftPlus,SUV,Rainy,Medium,4.3,1,41.42
526,12-11-2023 16:00,16,6,11,1,0,Downtown,Chinatown,21.39729596,69,2,UberX,Sedan,Rainy,Medium,4.6,1,42.56
527,04-02-2023 07:00,7,5,2,1,1,Downtown,Soho,24.59351376,77,1,UberX,Hatchback,Clear,Medium,4.5,1,42.67
528,08-02-2023 16:00,16,2,2,0,0,Brooklyn,Upper East,2.10901968,10,1,UberX,Sedan,Clear,Low,4.9,1.5,11.91
529,29-07-2023 13:00,13,5,7,1,0,Brooklyn,Upper West,20.62955877,65,1,Standard,SUV,Cloudy,High,3.7,1.5,42.79
530,06-01-2023 13:00,13,4,1,0,0,Downtown,Chinatown,24.48270005,78,1,Standard,Sedan,Clear,High,3.8,1,43.88
531,29-03-2023 17:00,17,2,3,0,1,Lower East Side,Soho,19.42200692,64,1,Lyft,SUV,Rainy,High,4,2,50.8
532,01-06-2023 03:00,3,3,6,0,0,Financial District,Soho,4.296217358,17,1,UberXL,Hatchback,Rainy,Low,4.2,1,10.96
533,21-09-2023 04:00,4,3,9,0,0,Queens,East Village,4.027935728,14,1,UberX,Sedan,Rainy,Low,4.9,1.5,17.56
534,19-03-2023 04:00,4,6,3,1,0,Tribeca,Soho,3.34342987,18,1,Lyft,Sedan,Cloudy,Medium,4.9,1,9.33
535,24-07-2023 14:00,14,0,7,0,0,Midtown,Queens,7.935396856,29,2,UberX,SUV,Rainy,High,4.8,1,21.36
536,23-06-2023 23:00,23,4,6,0,0,Tribeca,Upper West,15.71850532,54,2,Lyft,Van,Clear,High,3.8,1,27.76
537,11-08-2023 20:00,20,4,8,0,1,Upper East,Upper East,15.07426307,47,1,Lyft,SUV,Clear,High,4.6,1,31.96
538,15-09-2023 22:00,22,4,9,0,0,Upper West,Upper East,25.85877398,82,1,UberXL,Sedan,Clear,Low,4.1,2,50.91
539,22-02-2023 08:00,8,2,2,0,1,Soho,Queens,12.68842866,40,3,Standard,Van,Clear,High,4.9,1,27.33
540,21-05-2023 16:00,16,6,5,1,0,Queens,Midtown,12.27856369,46,4,UberX,Sedan,Cloudy,High,3.8,1,23.63
541,24-08-2023 05:00,5,3,8,0,0,Midtown,Lower East Side,10.40195014,32,1,Lyft,Van,Clear,Low,3.7,1,18.92
542,26-05-2023 06:00,6,4,5,0,0,Upper East,Upper West,17.28215524,53,2,UberXL,Sedan,Rainy,Medium,4.8,1,35.02
543,30-05-2023 08:00,8,1,5,0,1,Brooklyn,Soho,20.16505561,65,2,Lyft,Van,Rainy,Medium,4.6,1,37.1
544,02-12-2023 13:00,13,5,12,1,0,Midtown,Lower East Side,24.86191588,76,1,Lyft,Sedan,Cloudy,Low,4.7,2,51.23
545,19-05-2023 18:00,18,4,5,0,1,Lower East Side,Downtown,20.76175294,71,1,UberX,Hatchback,Clear,Medium,3.7,1,35.23
546,23-04-2023 15:00,15,6,4,1,0,Downtown,Financial District,13.30442684,40,1,UberX,Hatchback,Rainy,High,4.8,1,27.83
547,27-12-2023 22:00,22,2,12,0,0,Tribeca,Upper West,17.84452854,57,1,UberX,SUV,Clear,High,4.5,2,44.3
548,05-12-2023 08:00,8,1,12,0,1,Midtown,Brooklyn,22.37269966,70,1,UberX,Hatchback,Rainy,Very Heavy,4.5,1,45.15
549,24-10-2023 10:00,10,1,10,0,1,Upper West,Downtown,14.10633113,48,3,Lyft,SUV,Clear,Medium,4.4,1,30.13
550,26-02-2023 09:00,9,6,2,1,1,East Village,Queens,8.005546006,26,2,UberX,Sedan,Cloudy,Medium,4.6,1,18.95
551,30-07-2023 23:00,23,6,7,1,0,Brooklyn,Soho,6.670938755,25,1,UberXL,Sedan,Clear,High,4.1,1,20.33
552,23-12-2023 05:00,5,5,12,1,0,Chinatown,Midtown,3.486427115,12,1,UberX,SUV,Clear,Medium,3.7,1,12.03
553,12-11-2023 15:00,15,6,11,1,0,Soho,Brooklyn,19.0074451,58,1,Lyft,SUV,Clear,Low,4.3,1,32.18
554,28-01-2023 19:00,19,5,1,1,1,Lower East Side,Midtown,4.957117732,19,1,Lyft,Sedan,Rainy,High,4.6,1,20.2
555,06-07-2023 04:00,4,3,7,0,0,Soho,Midtown,8.974174922,31,1,UberX,Sedan,Rainy,Medium,3.7,1.5,27.7
556,12-10-2023 03:00,3,3,10,0,0,Midtown,Tribeca,9.833779316,33,3,Lyft,SUV,Clear,Low,3.8,1,18.54
557,04-06-2023 23:00,23,6,6,1,0,East Village,Chinatown,16.53814511,53,1,LyftPlus,Hatchback,Clear,Low,4.5,2,38.81
558,25-04-2023 09:00,9,1,4,0,1,Tribeca,Chinatown,9.944643317,38,1,UberX,Hatchback,Clear,Very Heavy,3.9,1,24.52
559,08-11-2023 19:00,19,2,11,0,1,Chinatown,East Village,17.87904839,59,1,Lyft,Sedan,Clear,Medium,3.8,1,35.3
560,23-01-2023 11:00,11,0,1,0,0,Lower East Side,Brooklyn,3.499147579,16,1,UberX,Van,Clear,Medium,4.8,1,12.21
561,26-07-2023 20:00,20,2,7,0,1,Upper East,Financial District,5.209039529,23,1,UberX,Van,Clear,Very Heavy,3.7,1,15.74
562,21-07-2023 11:00,11,4,7,0,0,Queens,East Village,14.54240111,44,1,UberXL,Sedan,Rainy,Medium,4,1,28.99
563,07-06-2023 07:00,7,2,6,0,1,Tribeca,Brooklyn,8.977164838,38,1,UberX,SUV,Clear,Low,4.1,1,21.11
564,09-09-2023 18:00,18,5,9,1,1,Upper East,Midtown,9.641029627,28,1,LyftPlus,SUV,Cloudy,Medium,4.2,1.5,28
565,23-10-2023 22:00,22,0,10,0,0,Queens,East Village,4.505057301,22,1,UberX,SUV,Clear,Low,4,1,10.9
566,01-11-2023 16:00,16,2,11,0,0,East Village,Brooklyn,21.65587227,64,1,UberX,SUV,Rainy,Low,4.9,1,39.15
567,10-08-2023 16:00,16,3,8,0,0,Queens,Financial District,18.37808179,59,1,UberXL,SUV,Rainy,High,4.5,1,33.81
568,13-09-2023 12:00,12,2,9,0,0,Tribeca,Lower East Side,4.914046275,17,3,Lyft,Sedan,Clear,Medium,4,1.5,19.22
569,25-11-2023 19:00,19,5,11,1,1,Lower East Side,Downtown,6.628494791,29,1,Lyft,Sedan,Clear,High,4,1,20.29
570,26-04-2023 19:00,19,2,4,0,1,Upper West,Lower East Side,25.64916237,84,1,UberX,Sedan,Clear,Medium,4.3,1,46.18
571,08-02-2023 12:00,12,2,2,0,0,Midtown,Upper West,18.05305607,58,1,LyftPlus,Hatchback,Clear,Low,3.6,1.5,33.95
572,07-03-2023 21:00,21,1,3,0,0,Upper East,Lower East Side,11.75228504,41,1,Standard,Sedan,Clear,Medium,4.9,1.5,26.61
573,18-11-2023 10:00,10,5,11,1,1,Upper West,Lower East Side,18.94213323,62,2,UberXL,Hatchback,Clear,Low,3.8,1,34.53
574,19-05-2023 12:00,12,4,5,0,0,Upper East,Soho,20.40677522,68,1,Lyft,Sedan,Clear,Medium,4.5,1,34.13
575,27-08-2023 01:00,1,6,8,1,0,Lower East Side,Lower East Side,20.41370104,65,2,UberXL,Sedan,Clear,Medium,4.7,1,34.42
576,20-10-2023 18:00,18,4,10,0,1,Midtown,Brooklyn,12.49815319,40,1,UberX,Hatchback,Clear,Low,4.7,2,34.63
577,11-01-2023 15:00,15,2,1,0,0,Financial District,Financial District,12.24783291,35,1,UberX,Sedan,Clear,High,3.7,1,27.49
578,20-07-2023 04:00,4,3,7,0,0,Queens,Upper West,3.320630928,13,2,UberX,Sedan,Clear,Low,4.3,1,6
579,18-03-2023 14:00,14,5,3,1,0,East Village,East Village,23.67453155,76,1,Standard,Van,Rainy,Medium,3.6,1,41.99
580,01-01-2023 09:00,9,6,1,1,1,Financial District,Brooklyn,16.58613648,51,1,UberX,SUV,Rainy,High,4.7,1,33.95
581,30-04-2023 15:00,15,6,4,1,0,Financial District,Brooklyn,8.200218853,29,2,Lyft,Sedan,Cloudy,Medium,4.2,1,20.45
582,05-11-2023 17:00,17,6,11,1,1,Soho,Queens,24.57299552,82,4,UberX,Sedan,Clear,High,3.7,1,48.09
583,06-11-2023 02:00,2,0,11,0,0,Downtown,Brooklyn,9.012563707,32,1,Lyft,Hatchback,Clear,Medium,4.6,1,20.31
584,02-08-2023 12:00,12,2,8,0,0,Tribeca,Soho,23.71882168,73,1,UberX,SUV,Clear,Very Heavy,4,2,54.91
585,12-02-2023 07:00,7,6,2,1,1,Upper West,Chinatown,23.50434762,78,1,Lyft,Sedan,Clear,Medium,3.7,1.5,49.18
586,02-04-2023 09:00,9,6,4,1,1,Upper West,Queens,23.41558762,75,1,UberX,Hatchback,Rainy,Very Heavy,4.2,2,57.45
587,17-12-2023 15:00,15,6,12,1,0,Upper West,Upper West,25.77006288,82,1,LyftPlus,Sedan,Clear,Medium,3.9,1.5,49.42
588,07-11-2023 09:00,9,1,11,0,1,Lower East Side,East Village,8.12730486,28,2,LyftPlus,Van,Rainy,High,4.9,1,23.53
589,23-06-2023 06:00,6,4,6,0,0,Upper West,Chinatown,21.55922991,65,1,Lyft,Sedan,Rainy,Very Heavy,4,1,42.39
590,13-06-2023 13:00,13,1,6,0,0,Lower East Side,East Village,21.17220376,69,2,UberX,SUV,Snowy,Medium,4.4,1,40.07
591,18-10-2023 10:00,10,2,10,0,1,Tribeca,Upper East,7.642865578,29,1,UberX,Sedan,Clear,High,4.9,1,20.23
592,17-10-2023 02:00,2,1,10,0,0,Financial District,Upper East,3.417591541,13,1,LyftPlus,Sedan,Clear,Medium,4.1,1,10.75
593,19-07-2023 08:00,8,2,7,0,1,Tribeca,Upper West,23.43070866,75,3,UberX,Sedan,Clear,Medium,4,1,43.46
594,16-06-2023 16:00,16,4,6,0,0,Upper West,Tribeca,8.606032848,33,1,UberX,Sedan,Clear,Medium,3.7,2,28.33
595,10-03-2023 01:00,1,4,3,0,0,Downtown,Financial District,20.19178927,62,1,UberXL,Sedan,Cloudy,Low,4.9,1,34.91
596,30-10-2023 18:00,18,0,10,0,1,Brooklyn,Tribeca,1.977531134,12,1,UberX,Sedan,Clear,Medium,4.7,1,9.42
597,29-12-2023 14:00,14,4,12,0,0,Midtown,Financial District,4.603745174,18,2,UberX,Van,Clear,Very Heavy,3.8,1,13.67
598,17-01-2023 00:00,0,1,1,0,0,Upper West,Queens,13.73508713,49,1,Lyft,Sedan,Clear,High,4,2,37.41
599,17-01-2023 20:00,20,1,1,0,1,East Village,Upper West,7.280738181,30,1,UberX,SUV,Clear,High,4.9,2,27.62
600,07-12-2023 15:00,15,3,12,0,0,Brooklyn,Financial District,17.48828468,57,1,UberX,SUV,Clear,Medium,4.3,1,32.64
601,25-03-2023 08:00,8,5,3,1,1,Tribeca,Upper East,16.67159879,55,1,UberXL,SUV,Clear,Medium,4.3,1,30.98
602,07-09-2023 13:00,13,3,9,0,0,East Village,Upper East,5.909154752,22,2,UberX,Hatchback,Rainy,Low,4.5,1,13.86
603,02-03-2023 20:00,20,3,3,0,1,East Village,Midtown,6.647710515,21,1,Lyft,Hatchback,Snowy,Low,4.6,2,28.79
604,27-10-2023 14:00,14,4,10,0,0,Upper East,Financial District,12.71188163,44,1,UberX,Van,Clear,Low,4.9,1,22.1
605,25-10-2023 12:00,12,2,10,0,0,East Village,Lower East Side,6.317385396,24,1,Lyft,Hatchback,Clear,High,4.7,1.5,22.4
606,01-06-2023 12:00,12,3,6,0,0,Upper West,Upper West,20.65625156,64,2,UberXL,Hatchback,Clear,High,4.9,1,37.22
607,20-07-2023 09:00,9,3,7,0,1,Upper East,Chinatown,10.67919433,31,2,UberXL,SUV,Cloudy,Medium,4.7,1,23.23
608,24-06-2023 02:00,2,5,6,1,0,Soho,Downtown,4.691180908,20,2,UberX,SUV,Clear,Low,3.6,1,10.09
609,29-10-2023 21:00,21,6,10,1,0,Financial District,Queens,13.68362038,44,1,UberX,SUV,Cloudy,Medium,3.7,1.5,29.4
610,03-10-2023 00:00,0,1,10,0,0,East Village,Brooklyn,3.313381086,16,1,LyftPlus,Sedan,Clear,Medium,4.8,2.5,23.78
611,07-09-2023 21:00,21,3,9,0,0,Downtown,Lower East Side,6.42973684,20,1,UberX,Sedan,Clear,Medium,3.5,1.5,20.51
612,27-03-2023 08:00,8,0,3,0,1,Chinatown,Brooklyn,9.031617937,32,3,Lyft,Sedan,Clear,Medium,4.7,1,23.12
613,19-07-2023 04:00,4,2,7,0,0,Midtown,Financial District,22.92072859,73,3,Standard,Sedan,Snowy,Medium,4.8,1,44.26
614,30-01-2023 20:00,20,0,1,0,1,East Village,Chinatown,25.67572261,81,4,Lyft,SUV,Clear,Very Heavy,4.1,1.5,54.11
615,27-11-2023 19:00,19,0,11,0,1,Lower East Side,Lower East Side,21.59438439,74,1,UberX,Sedan,Clear,Medium,4,1,39.63
616,20-08-2023 21:00,21,6,8,1,0,Soho,Tribeca,10.28561591,36,1,UberX,SUV,Clear,High,3.8,2.5,37.07
617,09-07-2023 08:00,8,6,7,1,1,Queens,Queens,7.391738695,21,1,Standard,Van,Clear,Medium,3.6,1,20.03
618,27-07-2023 08:00,8,3,7,0,1,Lower East Side,Lower East Side,15.47337763,50,2,Lyft,Sedan,Clear,Medium,4.6,2.5,47.38
619,23-05-2023 11:00,11,1,5,0,0,Tribeca,East Village,19.44020238,58,1,Lyft,Sedan,Rainy,High,3.6,1.5,39.94
620,29-10-2023 15:00,15,6,10,1,0,Chinatown,Chinatown,23.49818907,79,2,UberXL,Sedan,Cloudy,Medium,4.9,1,42.89
621,11-01-2023 09:00,9,2,1,0,1,Tribeca,Soho,5.654468341,22,1,LyftPlus,Hatchback,Cloudy,Low,3.9,1,12.18
622,02-02-2023 02:00,2,3,2,0,0,Soho,Brooklyn,4.095556571,16,1,Lyft,Van,Clear,Low,4.7,1,9.7
623,01-07-2023 19:00,19,5,7,1,1,Queens,Upper East,18.805355,57,1,UberX,Hatchback,Clear,High,3.6,1,33.77
624,14-02-2023 21:00,21,1,2,0,0,Tribeca,Queens,22.16520865,72,1,Lyft,Sedan,Clear,Medium,4.3,1,39.62
625,18-12-2023 03:00,3,0,12,0,0,Tribeca,Lower East Side,21.08311587,71,1,UberXL,Sedan,Clear,Medium,4,1,36.12
626,24-12-2023 12:00,12,6,12,1,0,Tribeca,Tribeca,18.12755891,61,1,UberX,Van,Cloudy,Low,3.5,1,32.46
627,26-11-2023 05:00,5,6,11,1,0,Soho,Upper West,24.56208317,80,1,LyftPlus,Sedan,Clear,Low,4.5,1,39.66
628,22-07-2023 10:00,10,5,7,1,1,Chinatown,Chinatown,14.06032557,51,1,UberX,Sedan,Cloudy,High,4.9,2.5,46.1
629,30-09-2023 16:00,16,5,9,1,0,Financial District,Tribeca,22.68246327,77,3,UberXL,Sedan,Cloudy,High,3.5,1,39.77
630,16-07-2023 15:00,15,6,7,1,0,Midtown,Queens,12.71257945,43,2,UberX,Van,Clear,Medium,3.9,2,35.53
631,28-04-2023 06:00,6,4,4,0,0,Soho,East Village,24.11415115,79,1,UberX,Sedan,Rainy,Medium,4.6,1,43.5
632,21-05-2023 14:00,14,6,5,1,0,Queens,Brooklyn,20.44037837,71,1,UberXL,Van,Clear,Very Heavy,4.8,1.5,43.82
633,22-02-2023 04:00,4,2,2,0,0,East Village,Chinatown,11.18773072,35,1,Standard,Sedan,Clear,Medium,3.8,1,22.65
634,19-10-2023 12:00,12,3,10,0,0,Financial District,Upper East,6.230452669,25,5,UberXL,Hatchback,Clear,High,3.6,1,19.75
635,14-07-2023 17:00,17,4,7,0,1,Financial District,Downtown,14.96413489,46,1,UberX,Sedan,Cloudy,Low,3.5,1,30.18
636,08-07-2023 18:00,18,5,7,1,1,East Village,Upper West,13.28808807,43,1,Lyft,Sedan,Clear,Medium,3.8,2,34.91
637,14-10-2023 17:00,17,5,10,1,1,Downtown,Chinatown,22.76589178,77,2,UberX,SUV,Rainy,High,3.6,1,45.52
638,17-10-2023 13:00,13,1,10,0,0,Upper East,Upper East,5.37031357,18,1,UberX,Sedan,Rainy,Medium,4,1,15.59
639,18-09-2023 01:00,1,0,9,0,0,Midtown,East Village,5.728155538,25,3,UberX,SUV,Rainy,High,4.2,2,27.89
640,01-12-2023 01:00,1,4,12,0,0,Midtown,Soho,18.83706309,59,1,UberX,Van,Rainy,High,4.2,1,36.89
641,17-10-2023 05:00,5,1,10,0,0,Downtown,East Village,5.385996538,24,1,UberXL,Sedan,,Low,3.7,1,12.45
642,19-10-2023 18:00,18,3,10,0,1,Upper East,East Village,9.9477239,39,1,UberXL,Sedan,Rainy,High,4.2,1,26.46
643,25-02-2023 11:00,11,5,2,1,0,Midtown,Lower East Side,12.02908497,38,3,UberX,SUV,Clear,Low,3.5,1,23.65
644,27-06-2023 13:00,13,1,6,0,0,Queens,Brooklyn,17.71855851,60,3,Lyft,Hatchback,Clear,High,3.9,1,35.42
645,15-11-2023 16:00,16,2,11,0,0,Brooklyn,Queens,6.985605585,29,1,UberX,Hatchback,Clear,Very Heavy,4.1,1,21.38
646,02-08-2023 03:00,3,2,8,0,0,Brooklyn,Chinatown,21.20428307,67,1,Standard,SUV,Clear,Very Heavy,3.7,1,39.65
647,13-07-2023 05:00,5,3,7,0,0,Midtown,Queens,11.46149735,41,1,Lyft,Hatchback,Cloudy,High,4.7,1,23.64
648,22-07-2023 06:00,6,5,7,1,0,Upper West,Chinatown,14.47736958,44,5,UberX,Sedan,Clear,Medium,3.8,1,29.87
649,13-05-2023 09:00,9,5,5,1,1,Midtown,Upper East,22.99536851,80,1,Standard,Sedan,Clear,High,4.6,1.5,47.69
650,19-11-2023 02:00,2,6,11,1,0,East Village,Soho,13.19772992,42,2,UberX,SUV,Clear,High,4.2,2,36.19
651,01-04-2023 20:00,20,5,4,1,1,East Village,Lower East Side,9.56076168,32,1,UberXL,Hatchback,Clear,Low,4.2,1,19.06
652,23-07-2023 20:00,20,6,7,1,1,Lower East Side,Soho,7.357455874,26,1,UberX,Sedan,Clear,Low,4.5,1.5,22.23
653,21-10-2023 11:00,11,5,10,1,0,Upper East,Tribeca,2.181127858,11,1,Lyft,SUV,Clear,Medium,3.6,2,19.15
654,06-01-2023 17:00,17,4,1,0,1,Tribeca,Lower East Side,14.21134789,48,2,UberXL,Sedan,Cloudy,Low,3.6,1,30.82
655,21-09-2023 15:00,15,3,9,0,0,Financial District,Downtown,3.753485581,17,3,UberX,SUV,Clear,Very Heavy,4,2.5,28.09
656,25-05-2023 16:00,16,3,5,0,0,Queens,East Village,11.32163891,35,1,UberX,Hatchback,Clear,Medium,4.1,1,20.43
657,16-08-2023 01:00,1,2,8,0,0,Downtown,Downtown,16.53157211,50,1,Lyft,SUV,Clear,Medium,4.1,1.5,34.85
658,29-04-2023 00:00,0,5,4,1,0,Chinatown,Midtown,8.70084925,36,1,UberX,Sedan,Clear,Medium,4.5,1,16.62
659,30-05-2023 03:00,3,1,5,0,0,Midtown,Financial District,8.614747355,34,1,UberX,Hatchback,Cloudy,High,3.5,1,17.5
660,06-09-2023 19:00,19,2,9,0,1,Tribeca,East Village,20.16007742,61,4,UberXL,SUV,Clear,Very Heavy,4.9,1.5,45.66
661,23-06-2023 12:00,12,4,6,0,0,Tribeca,Downtown,23.72714005,77,1,LyftPlus,Hatchback,Clear,Low,3.8,1,42.44
662,27-11-2023 21:00,21,0,11,0,0,Queens,Brooklyn,4.857552977,22,2,UberX,Van,Clear,High,3.9,1,18.07
663,21-08-2023 01:00,1,0,8,0,0,Downtown,Financial District,5.063131112,26,2,UberX,Sedan,Rainy,Medium,4.9,1,15.46
664,29-06-2023 04:00,4,3,6,0,0,East Village,Soho,24.02994615,75,2,LyftPlus,SUV,Clear,Medium,3.5,1.5,45.12
665,19-09-2023 05:00,5,1,9,0,0,Soho,East Village,4.189639493,20,4,UberX,SUV,Clear,High,5,1.5,17.61
666,09-06-2023 02:00,2,4,6,0,0,Queens,East Village,24.38984165,80,1,Lyft,Sedan,Clear,Low,3.6,1,40.42
667,21-03-2023 10:00,10,1,3,0,1,Tribeca,Soho,3.333291899,12,3,Standard,Hatchback,Cloudy,Medium,3.7,1,12.89
668,18-09-2023 14:00,14,0,9,0,0,Brooklyn,Tribeca,21.55003419,68,1,LyftPlus,SUV,Cloudy,Medium,3.9,1,38.12
669,01-02-2023 16:00,16,2,2,0,0,Midtown,Brooklyn,8.516431185,28,1,UberX,Hatchback,Clear,Low,4.2,1,16.24
670,23-11-2023 06:00,6,3,11,0,0,Upper East,East Village,23.54274619,76,2,UberX,Hatchback,Cloudy,Low,4.3,2,47.83
671,03-11-2023 06:00,6,4,11,0,0,Brooklyn,Downtown,8.220606923,25,1,UberX,Sedan,Clear,Low,3.7,2,25.91
672,17-09-2023 22:00,22,6,9,1,0,Tribeca,East Village,9.804105315,33,2,Standard,Hatchback,Clear,Medium,3.6,1,21.1
673,11-09-2023 18:00,18,0,9,0,1,Financial District,Financial District,17.59825468,56,2,Standard,Hatchback,Clear,Low,3.5,2.5,47.09
674,09-09-2023 07:00,7,5,9,1,1,Chinatown,East Village,5.537359024,15,2,UberX,Hatchback,Rainy,Medium,3.9,2,29.28
675,17-11-2023 07:00,7,4,11,0,1,Upper West,Downtown,9.104089901,33,1,Lyft,SUV,Clear,Medium,4.9,1,20.29
676,20-12-2023 00:00,0,2,12,0,0,Downtown,Upper West,20.87831699,69,1,LyftPlus,SUV,Rainy,Very Heavy,4.1,1,41.07
677,20-03-2023 15:00,15,0,3,0,0,Lower East Side,Financial District,15.63641481,47,1,UberX,Sedan,Clear,Medium,4.6,1,28.25
678,17-05-2023 02:00,2,2,5,0,0,East Village,Chinatown,23.9124013,76,2,UberX,Hatchback,Rainy,Very Heavy,3.8,1,45.66
679,28-01-2023 18:00,18,5,1,1,1,Midtown,Upper East,12.78885681,39,1,UberX,SUV,Clear,Low,3.6,1.5,30.49
680,24-06-2023 12:00,12,5,6,1,0,Upper East,Upper East,24.07883348,77,1,UberXL,SUV,Clear,High,4.3,1,41.18
681,28-01-2023 23:00,23,5,1,1,0,Soho,Financial District,13.66063946,49,1,LyftPlus,Sedan,Clear,Low,4.7,2,37.22
682,10-10-2023 09:00,9,1,10,0,1,East Village,Chinatown,23.69829513,74,1,Standard,SUV,Clear,High,4.8,1,46.69
683,12-11-2023 10:00,10,6,11,1,1,Midtown,Brooklyn,22.25330953,70,1,UberX,Sedan,Clear,Medium,4.3,1.5,45.11
684,28-11-2023 12:00,12,1,11,0,0,Soho,Upper West,9.99985503,41,1,UberX,Van,Clear,,3.9,1,20.9
685,02-08-2023 12:00,12,2,8,0,0,Upper East,Financial District,23.11506278,72,1,UberXL,Hatchback,Snowy,Medium,3.7,1,43.73
686,21-08-2023 17:00,17,0,8,0,1,Tribeca,Downtown,22.60640034,70,2,Lyft,Sedan,Clear,Low,4.5,1,40.55
687,19-07-2023 01:00,1,2,7,0,0,Upper West,Lower East Side,6.384494598,24,1,Lyft,SUV,Clear,High,3.9,1.5,22.15
688,12-06-2023 12:00,12,0,6,0,0,Brooklyn,Midtown,17.46381076,64,1,UberXL,SUV,Clear,Very Heavy,4.8,2,44.93
689,06-10-2023 05:00,5,4,10,0,0,Brooklyn,Lower East Side,5.733696963,22,1,Lyft,Hatchback,Clear,Low,4.4,1,12.94
690,18-10-2023 21:00,21,2,10,0,0,Tribeca,Queens,22.01637275,69,2,UberX,Hatchback,Clear,Very Heavy,4.8,1,39.95
691,23-09-2023 16:00,16,5,9,1,0,East Village,East Village,7.255734947,28,1,UberXL,Van,Rainy,Low,4.3,1,16.9
692,22-01-2023 19:00,19,6,1,1,1,Chinatown,Chinatown,4.425112822,20,1,Standard,Sedan,Clear,High,4.7,2,23.67
693,10-04-2023 17:00,17,0,4,0,1,Tribeca,Tribeca,11.34481804,40,1,UberX,Sedan,Rainy,Very Heavy,3.9,1,29.85
694,19-04-2023 01:00,1,2,4,0,0,Tribeca,Upper West,16.47783337,56,1,UberXL,SUV,Clear,Low,4.3,1,29.47
695,29-10-2023 16:00,16,6,10,1,0,Lower East Side,Downtown,22.39152004,74,1,UberX,Hatchback,Snowy,Medium,3.5,1,42.4
696,17-10-2023 01:00,1,1,10,0,0,Midtown,Tribeca,24.10619851,76,1,UberXL,Sedan,Clear,Medium,4.4,1,42.08
697,15-09-2023 22:00,22,4,9,0,0,Chinatown,Upper East,15.21094163,50,2,Lyft,Sedan,Clear,Medium,4.3,1,28.5
698,07-08-2023 08:00,8,0,8,0,1,Lower East Side,Financial District,2.820033397,15,1,Lyft,Hatchback,Clear,High,4.6,2,25.2
699,28-09-2023 13:00,13,3,9,0,0,Lower East Side,Upper West,19.24841149,55,1,LyftPlus,Hatchback,Snowy,High,4.6,2,48.69
700,30-04-2023 22:00,22,6,4,1,0,Midtown,Lower East Side,14.66241442,41,1,UberX,Sedan,Rainy,Very Heavy,4.4,2,40.42
701,22-06-2023 15:00,15,3,6,0,0,Upper East,Soho,13.23778547,42,1,UberXL,Hatchback,Clear,Low,3.6,1,22.83
702,01-06-2023 20:00,20,3,6,0,1,Upper West,East Village,7.854951695,27,4,UberX,Sedan,Clear,Medium,4.9,1,20.48
703,04-07-2023 16:00,16,1,7,0,0,Lower East Side,Queens,15.32203389,53,1,Lyft,Sedan,Cloudy,Medium,3.5,2.5,45.7
704,23-02-2023 04:00,4,3,2,0,0,Midtown,Chinatown,11.45640163,37,2,UberX,Sedan,Clear,Very Heavy,4.7,1,25.94
705,31-08-2023 03:00,3,3,8,0,0,Upper East,Lower East Side,19.92161553,68,2,LyftPlus,Hatchback,Clear,Low,4.2,1,34.12
706,13-01-2023 14:00,14,4,1,0,0,Financial District,Upper East,14.65533741,49,1,UberX,SUV,Cloudy,Very Heavy,4.7,1,28.46
707,27-01-2023 14:00,14,4,1,0,0,Tribeca,Financial District,23.00696088,71,3,UberX,Sedan,Cloudy,Medium,4.2,1,43.75
708,03-01-2023 07:00,7,1,1,0,1,Tribeca,East Village,15.28667252,54,1,UberX,Sedan,Rainy,Medium,4.5,1,29.69
709,30-12-2023 05:00,5,5,12,1,0,East Village,Upper East,9.193789639,33,1,Standard,Hatchback,Snowy,Medium,4,2,29.47
710,06-12-2023 14:00,14,2,12,0,0,Lower East Side,Soho,21.6015686,65,1,UberX,SUV,Clear,High,4.6,2.5,52.9
711,30-03-2023 13:00,13,3,3,0,0,Financial District,Tribeca,15.07734479,52,1,UberX,Van,Clear,Medium,3.9,1,28.55
712,16-01-2023 04:00,4,0,1,0,0,East Village,Lower East Side,8.628240257,33,1,UberX,Hatchback,Rainy,High,4.6,1,20.54
713,11-10-2023 17:00,17,2,10,0,1,Lower East Side,Queens,17.35083384,53,1,UberX,Sedan,Rainy,Medium,3.8,1,34.2
714,12-07-2023 13:00,13,2,7,0,0,Soho,Queens,10.69575571,37,1,UberX,Hatchback,Rainy,Medium,4.6,1,21.51
715,02-08-2023 14:00,14,2,8,0,0,Upper East,East Village,21.94476166,72,1,UberXL,Sedan,Cloudy,Low,3.9,2.5,54.62
716,02-08-2023 10:00,10,2,8,0,1,Upper East,Downtown,10.18481417,30,1,UberX,Van,Clear,High,3.9,1,24.33
717,10-03-2023 14:00,14,4,3,0,0,Chinatown,East Village,13.43979794,48,1,UberXL,Sedan,Clear,Medium,4.7,1,26.15
718,08-02-2023 06:00,6,2,2,0,0,Tribeca,Upper East,20.2511606,63,1,UberX,Sedan,Clear,High,4.7,1,39.61
719,27-04-2023 13:00,13,3,4,0,0,Queens,Chinatown,4.751926165,16,1,UberXL,SUV,Rainy,Medium,4.5,1.5,21.92
720,29-09-2023 02:00,2,4,9,0,0,Soho,Downtown,11.06798269,37,1,Lyft,Sedan,Clear,Medium,4.9,1,19.8
721,02-09-2023 14:00,14,5,9,1,0,Upper East,Queens,24.90510353,81,1,UberX,Sedan,Cloudy,Medium,3.7,1,43.38
722,05-03-2023 19:00,19,6,3,1,1,Midtown,Midtown,20.24957261,68,1,UberX,SUV,Clear,Medium,3.9,1,38.61
723,07-12-2023 12:00,12,3,12,0,0,Tribeca,Queens,5.607779589,26,1,UberX,Sedan,Clear,High,3.9,1,15.12
724,20-05-2023 09:00,9,5,5,1,1,East Village,East Village,10.10436012,32,1,UberX,SUV,Clear,High,4,1,22.64
725,16-11-2023 17:00,17,3,11,0,1,Financial District,Upper East,9.968741615,36,4,Lyft,Hatchback,Rainy,Low,4,2,29.95
726,17-10-2023 13:00,13,1,10,0,0,East Village,Downtown,15.43997949,53,1,Lyft,SUV,Clear,Very Heavy,4.5,1,32.93
727,14-10-2023 18:00,18,5,10,1,1,Lower East Side,Financial District,20.50130042,67,1,Lyft,Van,Rainy,Medium,3.9,1,42.57
728,21-03-2023 10:00,10,1,3,0,1,Brooklyn,Downtown,7.561848494,24,1,UberX,Sedan,Clear,High,3.9,1.5,26
729,09-05-2023 14:00,14,1,5,0,0,Queens,Soho,20.06741768,65,1,UberX,Sedan,Clear,Low,4.4,1,33.37
730,06-12-2023 16:00,16,2,12,0,0,Upper East,Brooklyn,15.30067054,51,1,UberX,SUV,Clear,Low,3.8,2,35.72
731,28-08-2023 14:00,14,0,8,0,0,Upper West,Lower East Side,21.02769923,66,1,UberXL,Sedan,Rainy,Medium,4,1.5,43.74
732,14-02-2023 06:00,6,1,2,0,0,Downtown,Brooklyn,5.964520571,24,1,UberXL,Sedan,Clear,Medium,3.6,1,16.15
733,24-03-2023 08:00,8,4,3,0,1,Queens,Upper West,10.6520477,37,1,UberX,Van,Cloudy,Very Heavy,4.9,2,36.86
734,24-02-2023 00:00,0,4,2,0,0,Chinatown,Tribeca,5.052964251,16,2,Lyft,SUV,Clear,Low,4,1,8.31
735,17-09-2023 13:00,13,6,9,1,0,Lower East Side,Upper West,15.36086392,52,1,UberX,Sedan,Clear,Low,4.8,1,28.55
736,15-11-2023 09:00,9,2,11,0,1,Tribeca,Chinatown,25.15077205,80,1,Standard,Hatchback,Clear,Low,4.3,2,54.09
737,06-01-2023 05:00,5,4,1,0,0,Upper East,Chinatown,20.73719397,61,2,UberX,Sedan,Clear,Low,3.8,2,43.6
738,13-07-2023 00:00,0,3,7,0,0,Financial District,Upper West,18.34868759,59,1,Lyft,SUV,Clear,Medium,3.8,1,33.51
739,20-09-2023 00:00,0,2,9,0,0,Upper East,Downtown,8.508573262,30,2,UberX,Sedan,Clear,Medium,4.5,1,18.32
740,30-05-2023 20:00,20,1,5,0,1,Downtown,Upper East,10.12129183,33,1,LyftPlus,Sedan,Rainy,Medium,4.9,1,24.04
741,15-09-2023 00:00,0,4,9,0,0,Chinatown,Lower East Side,16.78425364,56,1,UberX,Sedan,Clear,Low,3.8,1.5,32.26
742,12-11-2023 01:00,1,6,11,1,0,Financial District,Upper West,23.70700259,75,1,UberX,Van,Clear,Low,3.7,2,48.82
743,11-12-2023 02:00,2,0,12,0,0,East Village,East Village,14.17521593,50,4,UberX,Sedan,Clear,Low,4.1,1,23.79
744,10-01-2023 16:00,16,1,1,0,0,Financial District,Downtown,12.10558499,42,1,Standard,SUV,Clear,High,4.1,1,26.45
745,23-09-2023 11:00,11,5,9,1,0,Chinatown,Upper East,24.5537748,84,3,Standard,Sedan,Clear,High,4.7,1.5,47.7
746,25-06-2023 06:00,6,6,6,1,0,Queens,Brooklyn,22.85726283,69,1,UberX,Sedan,Snowy,High,4.2,1,45.37
747,27-11-2023 23:00,23,0,11,0,0,East Village,Midtown,10.32250886,36,1,Lyft,SUV,Rainy,Very Heavy,3.6,1,26.61
748,15-10-2023 03:00,3,6,10,1,0,Upper East,Chinatown,12.12787924,41,3,UberXL,SUV,Rainy,High,4.9,1,26.65
749,08-10-2023 18:00,18,6,10,1,1,Tribeca,East Village,12.14603924,42,1,UberX,Hatchback,Clear,Medium,4.1,1,24.05
750,14-04-2023 00:00,0,4,4,0,0,Soho,Financial District,5.774995515,26,4,UberX,Van,Clear,Medium,4.5,2.5,30.23
751,25-04-2023 03:00,3,1,4,0,0,Lower East Side,Tribeca,24.0092557,72,1,Standard,Sedan,Clear,Very Heavy,4.5,2.5,60.39
752,14-08-2023 01:00,1,0,8,0,0,Lower East Side,Financial District,11.0427866,39,3,UberXL,Sedan,Clear,Medium,3.6,1,23.98
753,15-03-2023 09:00,9,2,3,0,1,Tribeca,Upper East,22.41238684,73,1,UberX,Hatchback,Clear,Medium,3.5,2.5,56.72
754,06-02-2023 12:00,12,0,2,0,0,Upper East,Lower East Side,7.471487262,24,1,UberX,Van,Clear,Medium,3.6,1,16.16
755,08-06-2023 20:00,20,3,6,0,1,Downtown,Soho,15.75741093,55,3,UberX,Sedan,Cloudy,Very Heavy,4.9,2,45.91
756,02-03-2023 20:00,20,3,3,0,1,Lower East Side,Upper East,3.837010417,16,1,UberXL,SUV,Snowy,High,4.7,1,14.59
757,14-03-2023 05:00,5,1,3,0,0,Soho,Midtown,21.44745949,67,1,UberX,Sedan,Clear,Medium,3.7,1.5,42.69
758,08-03-2023 21:00,21,2,3,0,0,Lower East Side,Brooklyn,17.9723082,60,1,UberXL,SUV,Rainy,Very Heavy,4.4,1,36.77
759,23-08-2023 06:00,6,2,8,0,0,Upper East,Queens,16.3584391,56,1,UberX,Sedan,Rainy,Very Heavy,4.4,1,32.5
760,09-10-2023 23:00,23,0,10,0,0,Upper West,Upper East,5.107927205,21,5,UberX,Van,Clear,Low,3.5,2,22.89
761,19-10-2023 02:00,2,3,10,0,0,Queens,Brooklyn,9.757443442,32,1,UberX,Sedan,Cloudy,High,4.1,1,24.12
762,27-05-2023 13:00,13,5,5,1,0,Upper West,Lower East Side,5.631401852,19,1,LyftPlus,Sedan,Clear,High,4.6,2.5,30.5
763,05-06-2023 15:00,15,0,6,0,0,Lower East Side,Financial District,10.07343844,32,1,UberX,SUV,Rainy,Low,3.8,1,22.12
764,18-12-2023 10:00,10,0,12,0,1,East Village,Upper East,14.98180127,52,2,Lyft,Sedan,Clear,High,4.8,1,30.4
765,18-04-2023 22:00,22,1,4,0,0,Brooklyn,Upper East,14.89801572,52,1,UberX,SUV,Clear,Medium,4.5,2,34.58
766,14-02-2023 07:00,7,1,2,0,1,Upper East,Upper West,16.05519213,52,1,UberXL,Van,Clear,High,3.5,1,35.08
767,30-06-2023 04:00,4,4,6,0,0,Midtown,Financial District,16.47071868,61,1,UberX,SUV,Cloudy,Very Heavy,4.8,1,31.71
768,11-08-2023 14:00,14,4,8,0,0,Midtown,Tribeca,8.276023963,29,1,Lyft,Van,Clear,Medium,3.5,1,17.17
769,01-01-2023 05:00,5,6,1,1,0,Financial District,Tribeca,8.293790262,29,3,LyftPlus,Sedan,Clear,Medium,4.8,1,16.02
770,09-11-2023 01:00,1,3,11,0,0,Tribeca,East Village,6.855588492,24,1,UberX,Sedan,Clear,Very Heavy,4,1,20.37
771,27-12-2023 19:00,19,2,12,0,1,Tribeca,Soho,20.9038599,67,1,UberX,Van,Clear,Very Heavy,4.5,1,41.6
772,08-12-2023 11:00,11,4,12,0,0,Chinatown,Chinatown,16.84163557,55,1,Lyft,Sedan,Rainy,Low,4.7,1,30.21
773,06-09-2023 14:00,14,2,9,0,0,Tribeca,Queens,7.25201568,28,2,UberX,Hatchback,Rainy,Very Heavy,3.9,1,22.35
774,05-01-2023 21:00,21,3,1,0,0,Upper West,Upper East,7.775716481,27,1,Lyft,Sedan,Cloudy,Low,4,2.5,30.11
775,17-04-2023 07:00,7,0,4,0,1,Queens,Upper East,22.86563237,75,1,UberX,Sedan,Rainy,Medium,4.3,1,42.24
776,20-08-2023 16:00,16,6,8,1,0,Upper East,East Village,19.96737102,60,1,Lyft,SUV,Cloudy,High,4.4,1,34.98
777,28-06-2023 17:00,17,2,6,0,1,Downtown,Soho,17.70756493,56,2,UberXL,Hatchback,Rainy,High,3.9,1,35.65
778,05-02-2023 06:00,6,6,2,1,0,Financial District,Financial District,10.27505439,34,1,UberX,Van,Cloudy,High,5,1,23.52
779,21-09-2023 04:00,4,3,9,0,0,East Village,Upper East,8.903124542,30,1,Lyft,Sedan,Clear,Low,4.6,1,18.46
780,27-09-2023 13:00,13,2,9,0,0,Soho,Brooklyn,24.60322097,73,1,UberXL,SUV,Clear,Low,3.9,1,37.91
781,10-01-2023 08:00,8,1,1,0,1,East Village,Downtown,21.3058154,71,1,UberX,Sedan,Snowy,Very Heavy,4.5,1.5,49.63
782,25-06-2023 08:00,8,6,6,1,1,Upper East,Chinatown,9.216214564,28,4,UberX,Hatchback,Rainy,Low,4.2,2,32.88
783,19-09-2023 19:00,19,1,9,0,1,Brooklyn,Soho,21.6882246,68,1,UberXL,Sedan,Cloudy,Low,4.8,1,37.16
784,27-03-2023 08:00,8,0,3,0,1,Tribeca,Upper East,19.76986386,64,3,UberX,SUV,Clear,High,4,1,37.93
785,17-09-2023 17:00,17,6,9,1,1,Chinatown,Soho,8.823217443,37,1,Standard,Sedan,Cloudy,Medium,3.8,1,20.99
786,18-03-2023 04:00,4,5,3,1,0,Soho,Tribeca,11.23088514,38,1,Lyft,Sedan,Rainy,Medium,3.6,1,23
787,21-03-2023 21:00,21,1,3,0,0,Upper West,Lower East Side,7.473516619,28,1,UberX,Hatchback,Clear,Low,5,1.5,19.26
788,26-06-2023 10:00,10,0,6,0,1,Upper East,Queens,6.450916852,19,4,LyftPlus,Sedan,Clear,High,4,1.5,23.06
789,19-10-2023 04:00,4,3,10,0,0,Brooklyn,Upper East,18.27585476,57,1,UberX,SUV,Clear,Very Heavy,3.8,1,34.64
790,26-03-2023 10:00,10,6,3,1,1,Upper West,Queens,8.667493337,28,3,Lyft,SUV,Cloudy,Low,4.2,1.5,24.49
791,06-06-2023 00:00,0,1,6,0,0,Brooklyn,Midtown,21.87085527,69,1,UberX,Sedan,Rainy,Medium,3.9,1.5,44.36
792,01-01-2023 09:00,9,6,1,1,1,Tribeca,Lower East Side,25.83010013,85,1,Lyft,Sedan,Cloudy,Medium,3.8,1,48.06
793,11-01-2023 20:00,20,2,1,0,1,Lower East Side,Downtown,4.917061375,18,2,Lyft,Hatchback,Clear,High,4.4,1,15.35
794,09-09-2023 14:00,14,5,9,1,0,Upper West,East Village,13.82097435,48,3,Lyft,Van,Cloudy,Medium,3.6,1.5,33.85
795,03-04-2023 11:00,11,0,4,0,0,Queens,Queens,21.17742614,66,1,UberX,Sedan,Clear,High,4.3,1,33.65
796,21-10-2023 09:00,9,5,10,1,1,Midtown,Upper East,21.0679537,67,1,UberX,Sedan,Clear,Medium,4.1,1.5,43.56
797,27-03-2023 20:00,20,0,3,0,1,East Village,Upper West,18.64851809,53,1,UberX,Sedan,Clear,Medium,4.3,1,31.68
798,09-08-2023 07:00,7,2,8,0,1,Queens,East Village,12.59509897,42,1,UberX,Hatchback,Snowy,High,4,1,32.24
799,09-03-2023 11:00,11,3,3,0,0,Soho,Chinatown,13.25877553,44,1,UberX,SUV,Clear,Medium,4.4,1,27.73
800,21-12-2023 16:00,16,3,12,0,0,Financial District,East Village,16.81913597,54,1,Lyft,Sedan,Clear,High,3.6,1,31.87
801,25-02-2023 22:00,22,5,2,1,0,Lower East Side,Financial District,23.66488859,81,1,LyftPlus,Sedan,Clear,Medium,4.1,1,43.03
802,29-04-2023 00:00,0,5,4,1,0,Midtown,Queens,11.8140993,40,1,UberX,Hatchback,Clear,Low,3.9,2,30.08
803,28-04-2023 16:00,16,4,4,0,0,Queens,Upper West,10.58302366,28,4,UberX,Sedan,Cloudy,Medium,4.2,1.5,29.25
804,25-03-2023 02:00,2,5,3,1,0,Upper East,Queens,21.50475781,65,1,LyftPlus,Hatchback,Clear,Medium,4.1,2.5,53.48
805,26-05-2023 10:00,10,4,5,0,1,Brooklyn,Financial District,8.024712149,28,1,LyftPlus,Sedan,Rainy,Medium,4.4,1,20.61
806,29-11-2023 16:00,16,2,11,0,0,Soho,Lower East Side,24.03435276,76,5,UberXL,Hatchback,Cloudy,High,4.4,1,44.84
807,08-03-2023 20:00,20,2,3,0,1,Upper East,Lower East Side,16.46716441,51,1,UberX,SUV,Clear,Medium,4.1,1,32.15
808,10-01-2023 19:00,19,1,1,0,1,Midtown,Chinatown,13.30333528,41,1,Lyft,SUV,Cloudy,High,3.8,1,29.36
809,21-03-2023 12:00,12,1,3,0,0,Chinatown,Downtown,16.42050676,58,1,Lyft,SUV,Clear,Medium,4.4,1,29.95
810,23-12-2023 23:00,23,5,12,1,0,Brooklyn,Upper East,10.41939303,39,1,UberX,SUV,Snowy,Low,4.9,1,24.89
811,28-05-2023 02:00,2,6,5,1,0,Soho,Tribeca,7.911149298,32,2,Lyft,SUV,Clear,Low,3.8,1,18.97
812,08-08-2023 00:00,0,1,8,0,0,Financial District,Lower East Side,5.732948343,20,1,Lyft,Sedan,Rainy,High,3.6,1,18.57
813,20-04-2023 19:00,19,3,4,0,1,Midtown,Tribeca,4.629016562,20,1,UberX,Van,Rainy,Low,3.9,1,17.6
814,07-12-2023 02:00,2,3,12,0,0,Soho,Queens,8.931638209,24,1,Lyft,Van,Clear,Low,4.1,1,15.2
815,17-04-2023 16:00,16,0,4,0,0,Queens,Chinatown,20.37062437,64,3,UberXL,SUV,Clear,Low,4,1.5,41.29
816,14-08-2023 15:00,15,0,8,0,0,Soho,Financial District,17.04596463,54,1,Lyft,Sedan,Clear,Medium,4.8,1.5,36.46
817,22-05-2023 07:00,7,0,5,0,1,Midtown,Soho,5.808979013,21,1,UberXL,Sedan,Clear,Medium,4.2,1,15
818,05-09-2023 23:00,23,1,9,0,0,Lower East Side,Upper East,20.43270741,66,1,UberX,Hatchback,Clear,Low,3.9,1.5,42.43
819,16-08-2023 20:00,20,2,8,0,1,Tribeca,Queens,16.31367516,53,1,Lyft,Van,Snowy,Medium,4.9,1,36.45
820,30-11-2023 15:00,15,3,11,0,0,Lower East Side,Soho,24.73618317,75,1,Lyft,Sedan,Clear,Medium,3.7,1,43.06
821,25-09-2023 05:00,5,0,9,0,0,Queens,Upper East,18.69624051,58,1,Standard,Hatchback,Clear,High,3.7,1,33.63
822,17-10-2023 05:00,5,1,10,0,0,Upper East,Soho,7.482141721,29,1,UberX,SUV,,High,3.9,1.5,20.47
823,20-07-2023 20:00,20,3,7,0,1,Midtown,East Village,14.3883681,49,1,UberX,Sedan,Clear,High,3.6,1,28.73
824,01-05-2023 18:00,18,0,5,0,1,Tribeca,Queens,18.33432699,64,1,Standard,Sedan,Clear,Medium,4.6,1,36.66
825,11-11-2023 10:00,10,5,11,1,1,Downtown,Chinatown,3.726688456,17,1,Lyft,SUV,Snowy,Low,4,1,13.68
826,04-01-2023 05:00,5,2,1,0,0,Financial District,Chinatown,3.826556004,20,2,Standard,Sedan,Cloudy,High,4.6,1,14.67
827,12-11-2023 17:00,17,6,11,1,1,Tribeca,Financial District,6.84654311,21,1,UberX,Sedan,Clear,Medium,4.6,1,17.52
828,26-06-2023 03:00,3,0,6,0,0,Downtown,Upper East,10.39012554,37,1,UberX,Sedan,Clear,Medium,3.9,2,27.6
829,26-01-2023 00:00,0,3,1,0,0,Chinatown,Tribeca,9.735615053,36,1,UberX,Van,Clear,Very Heavy,4.3,1.5,27.06
830,14-02-2023 09:00,9,1,2,0,1,Chinatown,Queens,13.32457705,46,1,LyftPlus,SUV,Rainy,Very Heavy,4.3,2.5,45.4
831,31-03-2023 00:00,0,4,3,0,0,East Village,Upper East,13.09123903,40,1,LyftPlus,SUV,Rainy,High,4.8,1.5,33.99
832,17-10-2023 07:00,7,1,10,0,1,Brooklyn,Upper East,4.730607491,20,2,UberXL,Hatchback,Rainy,Very Heavy,3.5,1,21.18
833,22-11-2023 04:00,4,2,11,0,0,Tribeca,Chinatown,17.83392227,57,1,UberX,Van,Clear,High,4,1,32.97
834,01-10-2023 13:00,13,6,10,1,0,Upper West,Soho,14.93390689,51,4,UberX,Sedan,Cloudy,High,4.8,1,32.81
835,07-09-2023 08:00,8,3,9,0,1,Financial District,Lower East Side,9.561335992,33,4,Lyft,Sedan,Clear,Medium,3.9,1,24.52
836,03-08-2023 06:00,6,3,8,0,0,Tribeca,Soho,3.29311504,13,1,UberXL,Sedan,Clear,Very Heavy,3.7,1,12.45
837,14-07-2023 14:00,14,4,7,0,0,Downtown,Upper West,6.009165375,29,2,Lyft,Van,Cloudy,High,4.4,1.5,22.13
838,02-04-2023 06:00,6,6,4,1,0,Upper West,Queens,12.12234773,39,1,UberX,Sedan,Clear,Low,4,1,20.5
839,24-04-2023 00:00,0,0,4,0,0,Financial District,Midtown,7.365370934,27,1,UberXL,Hatchback,Clear,Medium,4.2,1.5,20.44
840,02-04-2023 08:00,8,6,4,1,1,Upper West,Brooklyn,10.80043645,39,1,UberX,Sedan,Clear,Low,4.7,1,22.26
841,22-02-2023 00:00,0,2,2,0,0,Queens,Midtown,13.52966827,44,1,Lyft,SUV,Clear,Very Heavy,4.3,1,28.23
842,18-06-2023 01:00,1,6,6,1,0,Downtown,Upper East,10.8936481,41,3,UberXL,Sedan,Clear,Medium,4.3,1,20.07
843,25-03-2023 05:00,5,5,3,1,0,Chinatown,Upper West,17.24745553,59,2,Standard,Sedan,Clear,Low,3.9,1,30.55
844,03-06-2023 15:00,15,5,6,1,0,Soho,Chinatown,13.23266401,39,2,Lyft,Sedan,Clear,Medium,4.7,1,24.52
845,17-06-2023 10:00,10,5,6,1,1,Queens,Upper East,9.264609205,34,1,UberX,SUV,Cloudy,Very Heavy,4.6,1,22.9
846,24-03-2023 02:00,2,4,3,0,0,Financial District,Midtown,12.33742986,47,1,UberX,Hatchback,Clear,Medium,3.9,1,21.91
847,16-12-2023 13:00,13,5,12,1,0,Financial District,Lower East Side,16.51997259,52,1,Standard,Van,Rainy,Medium,4,1,31.49
848,29-08-2023 05:00,5,1,8,0,0,Midtown,Upper East,21.97055937,66,1,UberX,Sedan,Clear,Medium,4.7,1.5,42.99
849,20-02-2023 02:00,2,0,2,0,0,Downtown,Soho,19.05401855,61,1,UberX,Hatchback,Clear,Low,4,1,31.73
850,05-12-2023 23:00,23,1,12,0,0,East Village,Queens,13.54306519,45,1,Standard,Hatchback,Clear,Low,4.1,1.5,29.22
851,20-08-2023 23:00,23,6,8,1,0,East Village,Lower East Side,10.40835215,36,1,Lyft,Sedan,Rainy,Medium,4,1,22.22
852,16-11-2023 11:00,11,3,11,0,0,Financial District,Tribeca,12.6905476,46,1,UberXL,SUV,Rainy,Medium,3.7,1,27.07
853,28-08-2023 06:00,6,0,8,0,0,East Village,Midtown,23.42619219,73,1,UberX,SUV,Clear,Medium,4,2,49.92
854,30-08-2023 04:00,4,2,8,0,0,Brooklyn,Brooklyn,3.090650013,15,1,LyftPlus,Sedan,Cloudy,Medium,4.7,1.5,12.33
855,14-08-2023 08:00,8,0,8,0,1,Chinatown,Brooklyn,24.15723106,79,3,UberX,Sedan,Cloudy,Low,4.2,1.5,46.34
856,28-12-2023 05:00,5,3,12,0,0,Midtown,Soho,19.75134105,64,1,UberX,Sedan,Clear,Very Heavy,4.2,1,36.74
857,08-02-2023 10:00,10,2,2,0,1,Financial District,Queens,16.96487416,54,1,UberX,SUV,Rainy,Medium,3.7,1,36.49
858,18-01-2023 11:00,11,2,1,0,0,East Village,Downtown,3.1205269,10,2,UberX,Sedan,Clear,Low,3.8,1,7.35
859,02-04-2023 20:00,20,6,4,1,1,Downtown,Downtown,15.8920624,48,6,Standard,Sedan,Clear,Low,3.6,1,32.63
860,16-02-2023 16:00,16,3,2,0,0,Lower East Side,Financial District,12.30710726,37,2,Lyft,Hatchback,Clear,Low,3.5,2,33.32
861,09-02-2023 14:00,14,3,2,0,0,Tribeca,Financial District,4.789625681,14,1,Lyft,Sedan,Snowy,Low,4.2,1,11.76
862,08-04-2023 08:00,8,5,4,1,1,Soho,Midtown,8.591975909,35,1,Standard,Sedan,Clear,Medium,4.1,1,19.43
863,12-08-2023 21:00,21,5,8,1,0,Chinatown,Soho,21.68466816,69,5,UberX,Sedan,Cloudy,High,3.9,1,41.81
864,04-04-2023 11:00,11,1,4,0,0,Queens,Soho,16.42771632,60,2,UberX,Van,Rainy,Medium,5,1.5,36.22
865,21-04-2023 05:00,5,4,4,0,0,Lower East Side,Upper East,10.92833537,38,1,Lyft,Sedan,Clear,Medium,4.1,1,22.19
866,12-07-2023 04:00,4,2,7,0,0,Queens,Brooklyn,4.457081505,13,1,UberXL,Sedan,Clear,Very Heavy,4.7,2,25.13
867,19-03-2023 17:00,17,6,3,1,1,Brooklyn,Brooklyn,17.83367244,57,1,UberXL,Sedan,Rainy,Medium,3.8,1,36.17
868,09-09-2023 04:00,4,5,9,1,0,Upper West,Lower East Side,18.25274415,61,1,UberX,Sedan,Clear,High,3.9,1.5,40.31
869,02-11-2023 06:00,6,3,11,0,0,Downtown,Brooklyn,7.076535003,27,1,UberXL,SUV,Clear,Low,4.4,1,13.91
870,23-09-2023 11:00,11,5,9,1,0,Upper West,Upper West,16.58485399,53,1,UberX,Van,Rainy,Low,3.5,1.5,35.8
871,22-09-2023 23:00,23,4,9,0,0,Midtown,Queens,12.32146309,44,6,UberX,SUV,Cloudy,Medium,3.5,1,27.16
872,24-11-2023 15:00,15,4,11,0,0,Soho,East Village,15.62796009,48,1,UberX,Sedan,Rainy,Low,3.7,1.5,32.44
873,15-05-2023 12:00,12,0,5,0,0,Midtown,Chinatown,11.95466186,41,2,UberX,Sedan,Clear,Very Heavy,3.8,1,27.4
874,04-06-2023 23:00,23,6,6,1,0,Financial District,Chinatown,17.66979077,60,1,UberX,Sedan,Clear,Low,4.3,1,28.93
875,09-04-2023 19:00,19,6,4,1,1,Lower East Side,Chinatown,7.327721671,25,1,UberX,Sedan,Snowy,Medium,4.5,1,20.42
876,01-05-2023 11:00,11,0,5,0,0,Downtown,Upper East,9.76198092,35,1,Standard,Hatchback,Cloudy,Medium,4,1.5,25.96
877,06-06-2023 12:00,12,1,6,0,0,Lower East Side,Downtown,25.47243916,81,2,Standard,SUV,Clear,Low,3.9,1,42.93
878,26-06-2023 01:00,1,0,6,0,0,Financial District,Soho,18.85642127,62,1,Lyft,Sedan,Cloudy,High,4.7,1,32.8
879,04-01-2023 22:00,22,2,1,0,0,Upper East,Downtown,11.68593655,41,1,Standard,Sedan,Clear,Medium,3.7,1,20.56
880,22-04-2023 10:00,10,5,4,1,1,East Village,Upper West,9.622641996,32,2,Standard,Sedan,Clear,High,4.5,1,21.69
881,15-10-2023 10:00,10,6,10,1,1,Queens,Downtown,13.40783196,49,1,UberX,Hatchback,Clear,High,4.9,1,28.46
882,03-02-2023 01:00,1,4,2,0,0,Lower East Side,Brooklyn,21.40770224,69,3,UberXL,Sedan,Clear,Medium,3.8,1,40.17
883,30-03-2023 04:00,4,3,3,0,0,Tribeca,Tribeca,6.900977155,27,3,Standard,Hatchback,Cloudy,Medium,3.6,1,16.33
884,29-08-2023 19:00,19,1,8,0,1,Financial District,Upper East,8.434537145,33,3,Lyft,SUV,Clear,Medium,5,1,18.74
885,14-09-2023 22:00,22,3,9,0,0,Upper West,Tribeca,18.18375897,61,1,UberX,Sedan,Clear,Low,3.9,1,29.42
886,03-02-2023 22:00,22,4,2,0,0,Upper East,Financial District,9.434916873,30,1,Lyft,Van,Cloudy,Low,3.9,1,18.86
887,15-01-2023 09:00,9,6,1,1,1,Queens,Tribeca,19.46662429,65,5,UberX,Sedan,Cloudy,Very Heavy,4.2,1,43.21
888,23-12-2023 10:00,10,5,12,1,1,Financial District,East Village,5.558607477,22,1,UberX,Sedan,Clear,Medium,3.8,1,16.96
889,12-04-2023 19:00,19,2,4,0,1,Lower East Side,Lower East Side,20.09442722,63,1,UberX,Hatchback,Rainy,Low,5,1,36.13
890,21-11-2023 07:00,7,1,11,0,1,Upper East,Soho,5.505120872,24,2,UberX,Sedan,Rainy,Low,3.6,1.5,19.18
891,11-02-2023 00:00,0,5,2,1,0,Upper East,Upper West,3.023109169,10,1,UberX,Sedan,Rainy,Medium,4.2,1,11.56
892,21-11-2023 14:00,14,1,11,0,0,Downtown,Chinatown,22.68230761,71,2,LyftPlus,Hatchback,Rainy,Low,4.3,2,52.1
893,04-02-2023 11:00,11,5,2,1,0,Midtown,Soho,16.59339205,53,2,UberX,SUV,Clear,Medium,4.2,1,30.94
894,28-05-2023 03:00,3,6,5,1,0,Upper East,East Village,10.81106361,33,2,UberX,Sedan,Clear,Low,4.3,1.5,23.03
895,25-10-2023 19:00,19,2,10,0,1,Brooklyn,Soho,8.498633589,30,1,UberX,SUV,,Low,5,1,18.15
896,05-07-2023 11:00,11,2,7,0,0,Midtown,Tribeca,16.6494557,52,1,Lyft,Hatchback,Cloudy,High,4.8,1,30.06
897,11-06-2023 12:00,12,6,6,1,0,Queens,Queens,14.40077973,48,1,Standard,Sedan,Clear,Very Heavy,4,1,30.1
898,06-09-2023 07:00,7,2,9,0,1,Queens,Soho,23.7361266,81,1,UberX,SUV,Clear,Medium,4.3,1.5,47.39
899,06-01-2023 06:00,6,4,1,0,0,Queens,Financial District,24.75307839,79,1,UberX,Van,Cloudy,High,3.5,1,43.97
900,13-05-2023 09:00,9,5,5,1,1,Queens,Upper East,18.39840284,61,1,UberXL,Van,Clear,Low,4.1,1,32.1
901,09-09-2023 00:00,0,5,9,1,0,Brooklyn,Upper East,12.91214257,43,1,Lyft,SUV,Clear,High,3.7,1,26.66
902,01-08-2023 21:00,21,1,8,0,0,Lower East Side,Downtown,12.97135038,42,1,UberX,Sedan,Clear,Low,4.6,2,34.45
903,22-06-2023 18:00,18,3,6,0,1,Financial District,Midtown,19.49106949,65,2,UberX,Hatchback,Clear,High,3.8,1.5,45.76
904,27-10-2023 20:00,20,4,10,0,1,Soho,Tribeca,5.956011651,20,1,UberXL,Sedan,Clear,High,4.6,1,17.75
905,21-05-2023 08:00,8,6,5,1,1,Lower East Side,Brooklyn,10.99137339,40,1,UberX,SUV,Clear,High,4,1.5,31.89
906,08-06-2023 05:00,5,3,6,0,0,Upper East,East Village,5.396511591,18,1,Standard,Sedan,Clear,High,4.9,1,12.63
907,16-03-2023 16:00,16,3,3,0,0,Queens,Upper West,3.487566313,19,2,UberX,Hatchback,Snowy,Medium,4.2,1.5,18.13
908,27-08-2023 20:00,20,6,8,1,1,Chinatown,Lower East Side,7.956268294,27,1,UberX,Sedan,Cloudy,Medium,4.8,1,17.6
909,25-05-2023 20:00,20,3,5,0,1,Midtown,Tribeca,15.06020206,47,1,LyftPlus,Van,Cloudy,Medium,4.4,1,29.16
910,23-05-2023 09:00,9,1,5,0,1,Midtown,Chinatown,19.78483334,64,1,LyftPlus,Sedan,Cloudy,Medium,5,1,35.14
911,10-03-2023 13:00,13,4,3,0,0,Upper East,Upper East,11.75229588,35,1,UberX,Sedan,Rainy,Low,4.6,2.5,40.27
912,07-05-2023 06:00,6,6,5,1,0,Financial District,Downtown,10.74605699,34,3,Standard,Hatchback,Clear,Medium,4.6,1.5,26.26
913,30-04-2023 16:00,16,6,4,1,0,Tribeca,Lower East Side,4.844513435,20,3,Lyft,Sedan,Clear,High,3.9,1.5,19.6
914,09-05-2023 00:00,0,1,5,0,0,Tribeca,Chinatown,13.558886,49,1,UberX,SUV,Clear,Low,4.3,1,21.37
915,19-03-2023 06:00,6,6,3,1,0,Soho,Lower East Side,9.573287458,31,2,UberXL,Van,Clear,Medium,3.9,1,16.9
916,17-06-2023 13:00,13,5,6,1,0,Financial District,Soho,17.05884427,60,3,UberX,SUV,Clear,High,3.5,1,35.89
917,14-07-2023 06:00,6,4,7,0,0,Upper East,Brooklyn,23.03199113,72,4,UberX,SUV,Snowy,Low,4.6,1.5,46.89
918,29-09-2023 10:00,10,4,9,0,1,Tribeca,Brooklyn,7.338222295,27,1,UberX,Sedan,Clear,Medium,3.9,2,31.5
919,29-07-2023 15:00,15,5,7,1,0,Tribeca,Midtown,8.417879963,30,1,Lyft,SUV,Clear,Very Heavy,4.1,1,20.35
920,23-04-2023 20:00,20,6,4,1,1,Tribeca,Queens,11.51781964,44,1,LyftPlus,Sedan,Rainy,High,3.9,1,25.96
921,24-10-2023 08:00,8,1,10,0,1,Upper West,Lower East Side,25.128368,83,1,UberX,SUV,Clear,Medium,3.8,1.5,49.83
922,16-12-2023 17:00,17,5,12,1,1,Chinatown,Midtown,20.76964115,66,1,UberX,Hatchback,Cloudy,Medium,3.6,1,38.97
923,27-05-2023 03:00,3,5,5,1,0,Lower East Side,Soho,24.17605031,84,2,UberXL,SUV,Clear,Low,4,1,40.48
924,27-09-2023 00:00,0,2,9,0,0,Brooklyn,Lower East Side,9.717850795,33,2,Lyft,Van,Clear,Low,3.6,1,18.67
925,25-06-2023 12:00,12,6,6,1,0,Upper East,Tribeca,25.65814948,82,3,Lyft,Hatchback,Cloudy,Medium,4.3,1,42.57
926,29-11-2023 02:00,2,2,11,0,0,East Village,Financial District,5.025670048,21,1,UberX,Hatchback,Rainy,Very Heavy,3.5,2,25.49
927,23-01-2023 08:00,8,0,1,0,1,Downtown,East Village,3.608919163,14,1,Lyft,SUV,Clear,Very Heavy,4.9,2,26.71
928,09-03-2023 17:00,17,3,3,0,1,Lower East Side,Brooklyn,20.9582513,72,1,UberX,Sedan,Clear,High,4.9,1,42.44
929,29-11-2023 05:00,5,2,11,0,0,Downtown,Upper West,21.49668394,69,1,Lyft,Sedan,Rainy,Medium,4,1,38.81
930,24-12-2023 09:00,9,6,12,1,1,Financial District,Tribeca,5.533301869,23,3,UberX,Sedan,Clear,Low,3.9,1,12.11
931,03-12-2023 06:00,6,6,12,1,0,Upper East,Upper West,5.222354306,12,1,UberX,Sedan,Cloudy,Medium,3.7,2,25.29
932,28-12-2023 02:00,2,3,12,0,0,Upper East,Downtown,7.269882185,27,2,UberXL,Van,Snowy,Medium,4.9,1,17.68
933,25-12-2023 17:00,17,0,12,0,1,Downtown,Upper West,3.80518667,15,1,LyftPlus,Sedan,Clear,Medium,4.4,1,13.03
934,28-09-2023 10:00,10,3,9,0,1,Soho,Brooklyn,6.45701323,24,1,Lyft,Hatchback,Rainy,High,4.4,2,29.2
935,31-05-2023 00:00,0,2,5,0,0,Downtown,Chinatown,6.30025051,20,1,Standard,SUV,Cloudy,High,4.8,1.5,20.31
936,10-10-2023 15:00,15,1,10,0,0,Upper East,Brooklyn,23.62908653,75,1,UberX,SUV,Clear,High,4.9,2,50.2
937,27-07-2023 03:00,3,3,7,0,0,Tribeca,Brooklyn,18.1338466,59,1,UberXL,SUV,Snowy,Medium,4.7,2,46.95
938,20-02-2023 05:00,5,0,2,0,0,Soho,Tribeca,17.56929033,56,1,UberXL,Sedan,Rainy,High,4.7,1,35.18
939,24-03-2023 22:00,22,4,3,0,0,Queens,Chinatown,19.54138558,65,1,Lyft,Hatchback,Clear,Low,4.8,2,42.91
940,09-08-2023 19:00,19,2,8,0,1,East Village,Chinatown,15.11822884,50,5,LyftPlus,Van,Rainy,High,4.8,1,34.83
941,29-05-2023 20:00,20,0,5,0,1,Upper West,Tribeca,19.98363946,66,2,LyftPlus,SUV,Clear,Low,4.1,1,36.5
942,06-09-2023 23:00,23,2,9,0,0,Chinatown,Chinatown,14.80975723,52,5,Lyft,Hatchback,Clear,Medium,5,1,26.94
943,21-09-2023 08:00,8,3,9,0,1,Brooklyn,East Village,8.669925472,34,2,Lyft,Sedan,Rainy,Low,4.6,1,21.49
944,02-07-2023 12:00,12,6,7,1,0,Queens,Upper East,13.73230886,45,3,Standard,Sedan,Clear,Low,4.1,1,26.86
945,18-07-2023 05:00,5,1,7,0,0,Midtown,Queens,11.3669646,37,1,UberX,SUV,Rainy,Very Heavy,4.2,2.5,42.28
946,24-04-2023 01:00,1,0,4,0,0,Downtown,Soho,15.79385084,57,1,LyftPlus,Hatchback,Clear,Medium,4.5,1,29.74
947,21-08-2023 20:00,20,0,8,0,1,East Village,Soho,23.47785789,72,1,Standard,Sedan,Clear,Very Heavy,4,2,54.61
948,10-02-2023 06:00,6,4,2,0,0,Downtown,Downtown,24.63418151,77,2,UberXL,SUV,Rainy,Low,4.7,1,43.22
949,26-07-2023 00:00,0,2,7,0,0,Chinatown,Midtown,12.81118502,42,1,Lyft,Sedan,Snowy,Low,3.7,1,25.29
950,24-05-2023 00:00,0,2,5,0,0,Downtown,East Village,18.85377285,58,1,UberX,Van,Cloudy,Medium,4.9,1,30.86
951,29-01-2023 16:00,16,6,1,1,0,Queens,Upper East,3.103134185,14,4,UberX,Hatchback,Cloudy,Medium,4,1.5,16.3
952,26-06-2023 19:00,19,0,6,0,1,Tribeca,Financial District,21.9418992,74,1,Lyft,Sedan,Clear,Medium,3.7,1,41.75
953,04-06-2023 05:00,5,6,6,1,0,Lower East Side,Downtown,10.57607332,30,5,UberX,Van,Cloudy,Medium,4.8,2.5,35.96
954,22-12-2023 13:00,13,4,12,0,0,Tribeca,Lower East Side,4.585291876,17,2,UberXL,Sedan,Clear,High,3.9,1.5,21.38
955,04-08-2023 22:00,22,4,8,0,0,Upper West,Tribeca,11.14987711,38,1,LyftPlus,SUV,Clear,Medium,4.8,1.5,25.5
956,07-10-2023 08:00,8,5,10,1,1,Soho,Lower East Side,17.42873145,61,1,UberX,Sedan,Clear,Medium,3.9,1,34.04
957,04-07-2023 06:00,6,1,7,0,0,Downtown,Upper East,10.95409766,33,2,UberX,Sedan,Cloudy,Medium,4.9,1,24.26
958,15-03-2023 07:00,7,2,3,0,1,Financial District,Chinatown,5.901229345,25,1,Lyft,Sedan,Clear,High,3.8,2,30.19
959,14-04-2023 10:00,10,4,4,0,1,Tribeca,Lower East Side,23.71654004,75,2,UberX,Sedan,Clear,High,3.6,1,47.19
960,02-12-2023 18:00,18,5,12,1,1,Chinatown,Brooklyn,5.921377674,23,2,UberXL,Van,Clear,Medium,4.9,1,14.79
961,09-02-2023 15:00,15,3,2,0,0,Upper East,Tribeca,23.05045496,77,1,UberXL,Sedan,Clear,Medium,3.7,1,41.44
962,28-03-2023 15:00,15,1,3,0,0,Lower East Side,Lower East Side,20.11264036,64,1,UberX,Sedan,Cloudy,Medium,4.9,2,44.33
963,24-04-2023 05:00,5,0,4,0,0,East Village,Lower East Side,9.545811612,33,1,UberX,SUV,Clear,Very Heavy,4.7,1,20.56
964,08-07-2023 12:00,12,5,7,1,0,Financial District,Midtown,11.67308758,40,1,LyftPlus,SUV,Clear,Low,3.6,1,20.33
965,20-12-2023 05:00,5,2,12,0,0,Queens,Midtown,12.62917986,43,1,UberX,Van,Clear,High,4.2,1,27.24
966,01-11-2023 15:00,15,2,11,0,0,Queens,Soho,17.66871274,54,2,UberXL,SUV,Clear,Medium,3.6,2,41.5
967,27-10-2023 10:00,10,4,10,0,1,Upper West,Queens,17.61421226,58,1,Standard,Hatchback,Clear,Medium,4,1,32.25
968,28-03-2023 01:00,1,1,3,0,0,Upper West,Queens,18.25204511,61,3,LyftPlus,Sedan,Clear,Very Heavy,4,1,38.78
969,02-02-2023 00:00,0,3,2,0,0,Soho,Financial District,14.86259346,44,1,UberX,Sedan,Clear,Medium,4.4,1,26.89
970,17-08-2023 18:00,18,3,8,0,1,Lower East Side,Tribeca,15.81258911,55,1,UberXL,Sedan,Clear,High,5,1,32.7
971,04-10-2023 21:00,21,2,10,0,0,Upper East,Tribeca,24.76618352,82,1,Lyft,Sedan,Cloudy,Medium,3.8,1,41.34
972,31-07-2023 19:00,19,0,7,0,1,East Village,Midtown,9.491889853,34,3,Lyft,Sedan,Snowy,Low,4,1,23.14
973,07-08-2023 00:00,0,0,8,0,0,Upper East,Brooklyn,13.04017243,40,1,Lyft,SUV,,High,4.4,1,25.56
974,30-08-2023 13:00,13,2,8,0,0,Midtown,Brooklyn,9.651217295,32,1,UberXL,Sedan,Clear,Very Heavy,3.8,1,21.71
975,25-07-2023 06:00,6,1,7,0,0,Upper West,Upper West,18.17309077,52,3,UberX,Van,Rainy,High,4.6,1,36.34
976,08-09-2023 16:00,16,4,9,0,0,Soho,Brooklyn,18.38474262,59,1,UberXL,Van,Clear,Low,4.1,2,39.69
977,19-05-2023 23:00,23,4,5,0,0,Brooklyn,Chinatown,9.438170394,30,1,Lyft,SUV,Clear,Medium,4.9,1,18.59
978,01-12-2023 22:00,22,4,12,0,0,Downtown,Upper East,9.504635373,33,1,Lyft,SUV,Clear,Medium,4.4,1,20.77
979,23-07-2023 01:00,1,6,7,1,0,Downtown,Queens,5.015776191,23,2,UberX,Sedan,Cloudy,Medium,4,1,11.01
980,03-03-2023 17:00,17,4,3,0,1,Brooklyn,Brooklyn,4.623888718,17,1,UberX,Sedan,Rainy,Low,4.6,1,13.94
981,20-09-2023 17:00,17,2,9,0,1,Tribeca,East Village,13.26886994,46,1,Standard,Van,Clear,Low,4.8,1.5,29.28
982,24-05-2023 19:00,19,2,5,0,1,Upper East,Tribeca,11.33114099,38,1,UberX,Sedan,Clear,High,4.7,1.5,29.28
983,03-01-2023 06:00,6,1,1,0,0,Brooklyn,Brooklyn,25.66953522,79,3,UberX,Sedan,Clear,High,3.9,1,48.98
984,15-11-2023 11:00,11,2,11,0,0,Soho,Upper West,12.42159834,46,1,Lyft,Sedan,Clear,High,4.1,2,37.25
985,25-05-2023 06:00,6,3,5,0,0,East Village,Financial District,7.498963879,29,1,UberXL,Hatchback,Clear,Very Heavy,4.2,1.5,23.41
986,04-02-2023 16:00,16,5,2,1,0,Brooklyn,Financial District,22.98868477,70,1,UberX,Sedan,Cloudy,Medium,4.1,1,37.9
987,06-09-2023 02:00,2,2,9,0,0,Soho,Midtown,12.9889923,45,1,UberXL,Hatchback,Clear,High,4,1,28.26
988,21-12-2023 23:00,23,3,12,0,0,Upper West,Brooklyn,15.54001819,50,2,Lyft,Sedan,Clear,High,4.6,1,30.61
989,28-10-2023 21:00,21,5,10,1,0,Financial District,Lower East Side,6.098683693,24,1,UberXL,Van,Clear,Very Heavy,3.5,2.5,30.67
990,18-05-2023 22:00,22,3,5,0,0,Queens,Tribeca,12.08179465,37,2,Standard,Van,Clear,Medium,3.9,1,22.31
991,18-05-2023 12:00,12,3,5,0,0,Queens,Tribeca,23.40111516,74,2,UberX,Hatchback,Snowy,Medium,3.7,1,43.91
992,08-10-2023 02:00,2,6,10,1,0,Lower East Side,Queens,14.34401948,49,3,Lyft,SUV,Clear,High,3.7,2,41.8
993,28-10-2023 18:00,18,5,10,1,1,Midtown,Financial District,9.843878503,31,1,UberX,Sedan,Clear,Very Heavy,3.9,1,24.26
994,21-11-2023 00:00,0,1,11,0,0,Upper East,Midtown,18.70675598,61,5,UberX,Van,Clear,High,4.6,1,36.94
995,03-06-2023 03:00,3,5,6,1,0,East Village,Brooklyn,23.99558439,75,1,Lyft,Hatchback,Clear,High,5,1,41.11
996,08-05-2023 06:00,6,0,5,0,0,Financial District,Financial District,10.45138416,36,2,UberX,Sedan,Cloudy,Medium,4.3,1,22.24
997,29-11-2023 02:00,2,2,11,0,0,Financial District,Financial District,14.36859255,51,1,Lyft,SUV,Clear,High,4,1,25.61
998,31-03-2023 07:00,7,4,3,0,1,Upper West,Tribeca,23.74014613,84,2,UberX,Sedan,Clear,High,4.7,1,45.22
999,05-08-2023 23:00,23,5,8,1,0,Brooklyn,Brooklyn,7.69790772,28,1,UberX,SUV,Clear,High,3.6,1,18.61
1000,16-04-2023 18:00,18,6,4,1,1,Upper East,Lower East Side,20.11444539,64,2,UberXL,Sedan,Rainy,High,3.6,1.5,45.13
1001,09-07-2023 11:00,11,6,7,1,0,Downtown,Downtown,16.03884029,58,4,Lyft,SUV,Rainy,Low,4,1,26.03
1002,23-08-2023 03:00,3,2,8,0,0,Financial District,Lower East Side,17.23964808,60,2,UberX,SUV,Rainy,High,4.2,1,37.2
1003,15-12-2023 04:00,4,4,12,0,0,Soho,Brooklyn,9.205572235,37,2,Standard,Sedan,Clear,Medium,4.7,1,16.35
1004,03-10-2023 12:00,12,1,10,0,0,Downtown,Upper East,9.261574994,33,1,UberX,Van,Cloudy,Very Heavy,4.9,1.5,28.84
1005,28-07-2023 13:00,13,4,7,0,0,Midtown,Financial District,10.57426509,39,1,UberX,Hatchback,Clear,Medium,4.3,1.5,24.47
1006,04-02-2023 06:00,6,5,2,1,0,Brooklyn,Queens,17.45635187,57,5,UberX,SUV,Clear,Medium,4.2,1,33.66
1007,09-02-2023 07:00,7,3,2,0,1,Brooklyn,Chinatown,8.673682323,31,1,UberX,Van,Rainy,Very Heavy,3.8,1,26.03
1008,14-09-2023 06:00,6,3,9,0,0,East Village,Chinatown,14.19957935,47,1,UberX,Hatchback,Clear,,4.2,2,37.18
1009,04-07-2023 09:00,9,1,7,0,1,Financial District,Downtown,7.164662768,27,1,Lyft,SUV,Clear,Medium,4.9,1,15.67
1010,02-04-2023 14:00,14,6,4,1,0,Upper West,Upper West,3.166436744,14,1,UberXL,Sedan,Clear,High,4.1,1,11.14
1011,26-06-2023 18:00,18,0,6,0,1,Tribeca,Midtown,24.88987345,83,1,UberX,SUV,Clear,Medium,3.8,1,42.99
1012,03-06-2023 23:00,23,5,6,1,0,Tribeca,Lower East Side,11.92306306,42,1,Standard,Hatchback,Clear,Medium,4,2.5,36.32
1013,24-05-2023 20:00,20,2,5,0,1,Chinatown,Brooklyn,23.67837092,76,1,UberX,SUV,Rainy,High,4.3,2,56.01
1014,24-02-2023 12:00,12,4,2,0,0,Queens,Queens,5.469609745,21,1,UberX,SUV,Clear,Medium,4.4,1,14.26
1015,24-06-2023 01:00,1,5,6,1,0,Soho,Upper West,14.77649161,48,1,UberX,Van,Rainy,Low,4.1,1,31.34
1016,29-12-2023 17:00,17,4,12,0,1,Downtown,Upper West,8.321215572,26,1,UberX,Sedan,Cloudy,Medium,4.6,2,29.35
1017,13-10-2023 12:00,12,4,10,0,0,Chinatown,Financial District,19.88505084,67,1,UberXL,Sedan,Clear,Low,4.4,1,33.02
1018,09-09-2023 11:00,11,5,9,1,0,Midtown,Upper East,21.35285268,72,1,UberX,Hatchback,Clear,Medium,4.5,1,36.77
1019,30-05-2023 18:00,18,1,5,0,1,Queens,Financial District,6.006640271,19,3,UberXL,Sedan,Cloudy,Low,4.8,1,15.86
1020,21-07-2023 17:00,17,4,7,0,1,Brooklyn,Midtown,23.04263733,70,1,Lyft,Sedan,,High,4.8,1,45.04
1021,28-02-2023 17:00,17,1,2,0,1,Downtown,Downtown,8.091480517,31,3,Lyft,Van,Clear,Medium,3.8,1.5,23.5
1022,10-07-2023 06:00,6,0,7,0,0,Upper East,Lower East Side,15.54203994,50,3,Lyft,SUV,Clear,Low,4.4,1,23.48
1023,07-07-2023 03:00,3,4,7,0,0,Financial District,Tribeca,23.90353536,73,1,UberX,SUV,Rainy,Medium,4.6,1,42.15
1024,06-03-2023 19:00,19,0,3,0,1,Midtown,East Village,23.12632125,69,1,UberX,SUV,Clear,Medium,3.7,1,44.78
1025,03-02-2023 12:00,12,4,2,0,0,Upper East,Downtown,7.804327559,27,1,UberXL,Sedan,Rainy,Medium,4.8,1.5,23.42
1026,23-02-2023 07:00,7,3,2,0,1,Upper West,Lower East Side,24.05901761,77,1,UberX,SUV,Clear,Medium,3.8,1.5,47.99
1027,23-10-2023 03:00,3,0,10,0,0,Chinatown,Midtown,11.12767529,37,1,UberX,SUV,Rainy,Very Heavy,4.7,1,26.31
1028,07-09-2023 10:00,10,3,9,0,1,Financial District,Chinatown,6.633546856,20,1,UberXL,Sedan,Clear,Medium,3.7,2,26.05
1029,23-08-2023 03:00,3,2,8,0,0,Downtown,Lower East Side,8.659110878,29,1,UberX,Hatchback,Rainy,Medium,4.6,1,19.54
1030,27-02-2023 19:00,19,0,2,0,1,Financial District,Tribeca,13.88060144,48,1,Lyft,Sedan,Snowy,High,3.7,1.5,37.54
1031,22-04-2023 15:00,15,5,4,1,0,Queens,Upper West,21.22131945,73,4,UberX,Sedan,Clear,Medium,4.1,1,38.34
1032,29-03-2023 18:00,18,2,3,0,1,East Village,Downtown,5.499030014,21,1,Standard,Sedan,Rainy,Low,3.7,1,16.07
1033,07-12-2023 13:00,13,3,12,0,0,Queens,Tribeca,17.07060727,59,3,Lyft,Sedan,Clear,Low,3.9,1,30.31
1034,25-06-2023 23:00,23,6,6,1,0,Upper West,Brooklyn,11.4863678,41,1,UberX,Van,Clear,Very Heavy,5,1,24.64
1035,21-07-2023 07:00,7,4,7,0,1,Soho,Financial District,10.46654128,34,1,UberXL,Sedan,Cloudy,Very Heavy,3.7,2,38.05
1036,26-04-2023 08:00,8,2,4,0,1,Upper East,Lower East Side,17.72186783,60,1,Lyft,Sedan,Clear,Low,4.1,1.5,39.87
1037,13-05-2023 18:00,18,5,5,1,1,Lower East Side,East Village,12.24085099,45,6,Lyft,Sedan,Clear,Medium,4.5,1,25.08
1038,18-04-2023 05:00,5,1,4,0,0,Queens,Queens,21.28729961,67,1,UberXL,SUV,Clear,Low,3.6,1,34.8
1039,19-04-2023 07:00,7,2,4,0,1,East Village,Lower East Side,7.184261497,26,1,UberXL,Sedan,Clear,High,3.7,2.5,31.1
1040,18-06-2023 01:00,1,6,6,1,0,Soho,Brooklyn,21.10188484,66,3,UberX,Sedan,Rainy,Low,3.7,1,39.05
1041,18-12-2023 04:00,4,0,12,0,0,Queens,Downtown,3.201814323,10,1,UberX,Hatchback,Clear,Low,4.5,1,9.92
1042,24-02-2023 08:00,8,4,2,0,1,Brooklyn,Lower East Side,8.269129709,32,1,Standard,Hatchback,Clear,High,4.9,1.5,25.62
1043,04-11-2023 00:00,0,5,11,1,0,East Village,Soho,16.43719306,59,4,UberX,Hatchback,Clear,Medium,4.7,1,30.99
1044,02-09-2023 21:00,21,5,9,1,0,Upper East,Tribeca,21.78194944,70,3,UberX,Hatchback,Clear,Low,5,1,35.81
1045,24-02-2023 05:00,5,4,2,0,0,Midtown,Upper West,6.94083264,24,1,UberX,Sedan,Clear,High,4.4,1,16.99
1046,16-04-2023 21:00,21,6,4,1,0,Tribeca,Upper West,10.01874697,38,1,LyftPlus,Hatchback,Rainy,High,4.9,1,22.97
1047,27-03-2023 11:00,11,0,3,0,0,Soho,Soho,13.81306999,49,4,Lyft,SUV,Clear,High,4,1.5,35.35
1048,11-10-2023 17:00,17,2,10,0,1,Brooklyn,Downtown,7.55114284,25,5,Lyft,Sedan,Clear,Very Heavy,4.1,1,26.34
1049,26-12-2023 17:00,17,1,12,0,1,Lower East Side,Upper West,7.714512182,28,1,LyftPlus,Sedan,Rainy,Medium,4.1,1,22.86
1050,04-01-2023 02:00,2,2,1,0,0,Midtown,Lower East Side,21.67266256,75,2,LyftPlus,Sedan,Clear,Low,3.6,1,40.11
1051,18-10-2023 21:00,21,2,10,0,0,Downtown,Upper East,10.79290347,42,1,Lyft,Sedan,Clear,Low,4.7,1,20.32
1052,17-08-2023 03:00,3,3,8,0,0,East Village,Chinatown,17.6827099,55,1,UberX,Sedan,Rainy,Medium,3.5,1,34.28
1053,10-12-2023 00:00,0,6,12,1,0,Chinatown,Upper West,6.874735936,21,1,UberX,Van,Clear,Low,4.6,1.5,18.49
1054,27-10-2023 08:00,8,4,10,0,1,Brooklyn,Chinatown,13.41053051,46,1,Lyft,Hatchback,Clear,Medium,4.1,1,27.62
1055,30-08-2023 12:00,12,2,8,0,0,Financial District,East Village,19.48600817,65,1,UberX,Sedan,Clear,Low,3.5,1.5,38.49
1056,25-10-2023 13:00,13,2,10,0,0,Downtown,Upper East,9.119592697,34,1,Lyft,Sedan,Clear,Medium,3.9,1,20.72
1057,09-03-2023 14:00,14,3,3,0,0,Downtown,Midtown,4.937571863,21,1,UberXL,Sedan,Clear,Low,4,1,10.64
1058,02-12-2023 01:00,1,5,12,1,0,Lower East Side,Lower East Side,10.6518477,37,1,Lyft,Sedan,Snowy,Medium,4.9,2,31.96
1059,15-01-2023 05:00,5,6,1,1,0,Soho,Lower East Side,17.30623238,55,1,UberX,SUV,Clear,High,4.5,1,32.16
1060,28-03-2023 10:00,10,1,3,0,1,Lower East Side,Midtown,3.907398583,14,5,UberX,Hatchback,Rainy,Medium,4.3,1,15.33
1061,30-11-2023 00:00,0,3,11,0,0,East Village,Tribeca,13.86693105,49,3,Lyft,Sedan,Cloudy,Medium,3.7,1,27.13
1062,27-01-2023 21:00,21,4,1,0,0,Lower East Side,Upper East,5.863062317,20,1,UberX,Sedan,Rainy,Very Heavy,4.1,1,16.16
1063,27-06-2023 15:00,15,1,6,0,0,Brooklyn,Brooklyn,20.08914081,60,3,Lyft,Van,Clear,High,3.6,2.5,52.89
1064,13-09-2023 16:00,16,2,9,0,0,Upper West,Tribeca,12.87510917,44,1,UberXL,Sedan,Clear,Medium,4.6,1,22.69
1065,27-12-2023 06:00,6,2,12,0,0,Chinatown,Brooklyn,9.253497745,33,1,Standard,Sedan,Clear,Medium,3.7,1.5,25.15
1066,04-05-2023 17:00,17,3,5,0,1,Brooklyn,East Village,22.2406775,77,4,LyftPlus,Sedan,Cloudy,Medium,4.4,1,41.59
1067,07-05-2023 04:00,4,6,5,1,0,Lower East Side,Financial District,4.738295601,19,1,UberXL,Sedan,Clear,Low,4.5,1,7.48
1068,15-11-2023 11:00,11,2,11,0,0,Queens,Downtown,12.03572206,37,1,Lyft,Hatchback,Cloudy,Low,4,2,31.44
1069,22-04-2023 17:00,17,5,4,1,1,Downtown,Lower East Side,10.72386027,40,1,UberX,SUV,Clear,Medium,4.4,2.5,37.76
1070,01-06-2023 05:00,5,3,6,0,0,Upper East,Lower East Side,8.72177918,31,1,UberX,Sedan,Cloudy,Medium,4.6,2,28.78
1071,26-06-2023 01:00,1,0,6,0,0,Downtown,Upper East,7.9794065,28,1,Lyft,Sedan,Clear,Low,3.8,1,16.37
1072,08-05-2023 19:00,19,0,5,0,1,Downtown,Soho,23.20078844,71,5,Lyft,Hatchback,Cloudy,Medium,4.4,1,42.89
1073,05-09-2023 13:00,13,1,9,0,0,Tribeca,Queens,19.82080559,65,1,UberXL,Sedan,Clear,Low,4.6,1,31.79
1074,27-02-2023 18:00,18,0,2,0,1,Chinatown,Downtown,4.358479766,18,4,UberX,Sedan,Rainy,Very Heavy,4,1,19.99
1075,30-04-2023 10:00,10,6,4,1,1,Chinatown,East Village,18.86654576,61,3,LyftPlus,Van,Clear,Low,3.7,1,35.41
1076,19-07-2023 12:00,12,2,7,0,0,Financial District,Upper East,13.39417059,47,1,UberX,Hatchback,Rainy,Low,3.9,1.5,31.35
1077,17-08-2023 18:00,18,3,8,0,1,Lower East Side,Midtown,22.52504636,75,1,LyftPlus,Hatchback,Rainy,Medium,4.9,1.5,48.76
1078,21-06-2023 20:00,20,2,6,0,1,Upper West,Lower East Side,9.234949788,33,1,Lyft,SUV,Clear,Medium,4,1,18.34
1079,14-12-2023 12:00,12,3,12,0,0,Midtown,Downtown,5.665005916,23,1,UberX,Sedan,Clear,Medium,3.7,1,15.1
1080,10-06-2023 10:00,10,5,6,1,1,Chinatown,Lower East Side,15.67254832,53,1,UberX,Van,Clear,Medium,3.6,2.5,46.94
1081,14-08-2023 15:00,15,0,8,0,0,Lower East Side,Lower East Side,13.37680341,50,6,UberX,SUV,Clear,Medium,3.8,1,28.94
1082,16-11-2023 23:00,23,3,11,0,0,Midtown,Lower East Side,13.61038905,43,2,LyftPlus,Sedan,Rainy,High,3.7,1,29.23
1083,12-10-2023 03:00,3,3,10,0,0,Chinatown,Brooklyn,11.99479411,37,1,LyftPlus,Sedan,Clear,Low,4.2,1,21.77
1084,16-12-2023 02:00,2,5,12,1,0,Financial District,Soho,7.195673335,23,1,Lyft,Sedan,Clear,Medium,4,1,16.53
1085,25-02-2023 13:00,13,5,2,1,0,Downtown,Downtown,20.20830526,67,1,UberXL,Sedan,Rainy,Very Heavy,4.8,1,39.64
1086,22-06-2023 22:00,22,3,6,0,0,Midtown,Queens,10.66770513,36,1,Lyft,Sedan,Clear,Low,4.8,1,20.53
1087,09-10-2023 22:00,22,0,10,0,0,Lower East Side,East Village,12.86823612,40,4,UberXL,Sedan,Snowy,Medium,4.2,1,26.93
1088,23-04-2023 23:00,23,6,4,1,0,East Village,East Village,23.33742314,74,3,Lyft,Sedan,Clear,Low,4.8,1,40.19
1089,22-07-2023 05:00,5,5,7,1,0,Upper West,Tribeca,7.406203737,33,1,UberX,Sedan,Clear,Low,4.2,1,15.25
1090,16-09-2023 20:00,20,5,9,1,1,Midtown,Lower East Side,19.88565807,65,1,LyftPlus,Sedan,Clear,Medium,4.5,1,38.86
1091,08-11-2023 15:00,15,2,11,0,0,Financial District,Chinatown,24.94954977,84,1,Lyft,Sedan,Clear,Low,3.7,2,53.98
1092,14-08-2023 08:00,8,0,8,0,1,Queens,Chinatown,16.99801978,52,1,UberX,Sedan,Clear,Low,3.6,1,30.91
1093,18-11-2023 11:00,11,5,11,1,0,Midtown,East Village,21.87823487,71,1,LyftPlus,Sedan,Clear,Medium,3.7,1,40.27
1094,15-03-2023 10:00,10,2,3,0,1,Lower East Side,Tribeca,19.18233531,64,1,UberXL,Sedan,Clear,Low,3.9,2,44.78
1095,23-10-2023 21:00,21,0,10,0,0,Upper West,East Village,9.330102535,35,1,UberX,SUV,Clear,High,4.6,1,20.69
1096,16-11-2023 18:00,18,3,11,0,1,Chinatown,Queens,15.07469827,49,1,UberX,Sedan,Clear,High,3.8,1,31.81
1097,13-09-2023 02:00,2,2,9,0,0,Soho,East Village,6.404164501,27,1,Lyft,Sedan,Clear,Medium,3.7,2,22.75
1098,21-01-2023 01:00,1,5,1,1,0,Chinatown,Soho,14.66684791,50,1,LyftPlus,Van,Rainy,Very Heavy,4.9,1,33.25
1099,07-01-2023 09:00,9,5,1,1,1,Soho,Financial District,8.401005327,30,1,LyftPlus,SUV,Snowy,High,4.5,2,31.77
1100,14-11-2023 09:00,9,1,11,0,1,East Village,Lower East Side,20.04081759,63,1,Lyft,Hatchback,Snowy,High,4.2,1.5,47.22
1101,05-03-2023 12:00,12,6,3,1,0,Brooklyn,Midtown,14.89529457,45,1,UberX,SUV,Cloudy,Low,3.6,1,22.78
1102,30-03-2023 08:00,8,3,3,0,1,Brooklyn,Soho,10.96559413,32,1,UberX,Sedan,Cloudy,High,4.8,1,24.72
1103,08-04-2023 15:00,15,5,4,1,0,Midtown,Chinatown,9.23755955,30,3,UberX,SUV,Clear,Very Heavy,3.7,1,22.99
1104,03-08-2023 00:00,0,3,8,0,0,Upper East,East Village,25.60671841,81,1,LyftPlus,SUV,Clear,Low,4.4,1,42.67
1105,29-08-2023 00:00,0,1,8,0,0,Lower East Side,Upper East,4.150358878,15,1,Standard,Sedan,Clear,High,4.5,2,24.65
1106,21-02-2023 16:00,16,1,2,0,0,Queens,Lower East Side,2.111913314,12,4,UberX,SUV,Rainy,High,4.1,1,13
1107,03-01-2023 12:00,12,1,1,0,0,Financial District,Brooklyn,8.963731869,34,1,Lyft,Hatchback,Cloudy,Medium,4.9,1,16.63
1108,10-03-2023 07:00,7,4,3,0,1,Queens,Financial District,24.45190864,74,2,Lyft,Sedan,Clear,Medium,3.6,1,43.71
1109,15-09-2023 17:00,17,4,9,0,1,Soho,Midtown,21.77040096,71,1,UberX,Sedan,Clear,Low,4.7,1,38.16
1110,29-11-2023 02:00,2,2,11,0,0,Lower East Side,Brooklyn,19.47866325,63,1,UberXL,Sedan,Rainy,Low,4.3,1,34.8
1111,22-02-2023 04:00,4,2,2,0,0,Lower East Side,Lower East Side,21.88358416,65,1,LyftPlus,Sedan,Clear,Low,4.4,1,33.52
1112,25-06-2023 03:00,3,6,6,1,0,Midtown,Soho,10.14618127,38,1,UberX,Sedan,Clear,Medium,5,1.5,23.95
1113,15-12-2023 11:00,11,4,12,0,0,Chinatown,Queens,24.76229044,76,1,LyftPlus,Sedan,Clear,Medium,4.4,1,41.14
1114,28-05-2023 21:00,21,6,5,1,0,Upper West,Queens,5.938587028,30,1,UberX,Sedan,Snowy,Very Heavy,4.7,1,19.25
1115,24-06-2023 21:00,21,5,6,1,0,Financial District,Brooklyn,5.408348864,24,3,UberX,Van,Clear,Medium,3.7,1,15.16
1116,20-10-2023 01:00,1,4,10,0,0,Queens,Upper East,4.759382146,18,1,UberX,SUV,Clear,Medium,4.7,1,10.61
1117,05-10-2023 19:00,19,3,10,0,1,Upper West,Brooklyn,15.67012471,52,1,LyftPlus,SUV,Clear,Low,4.6,1,30.31
1118,07-04-2023 18:00,18,4,4,0,1,Financial District,Soho,22.19205745,67,1,UberXL,Sedan,Clear,High,5,1,42.4
1119,20-06-2023 10:00,10,1,6,0,1,Queens,Brooklyn,10.16805548,40,2,Lyft,Sedan,Clear,Medium,4.9,1,19.16
1120,18-10-2023 00:00,0,2,10,0,0,East Village,Midtown,25.04707644,77,2,UberXL,Hatchback,Clear,High,3.8,1,44.04
1121,06-05-2023 04:00,4,5,5,1,0,Soho,Lower East Side,11.83748419,40,2,UberXL,Sedan,Clear,Low,4.2,1,21.97
1122,03-08-2023 00:00,0,3,8,0,0,Downtown,Upper East,9.831919016,32,1,LyftPlus,Sedan,Clear,Medium,4.9,1.5,26.56
1123,14-01-2023 17:00,17,5,1,1,1,Financial District,Upper West,8.286478451,31,1,UberXL,Hatchback,Clear,Medium,4.5,1,17.38
1124,01-06-2023 16:00,16,3,6,0,0,Soho,Downtown,13.77773027,46,1,LyftPlus,Sedan,Clear,Low,4.2,1.5,26.48
1125,29-11-2023 14:00,14,2,11,0,0,Lower East Side,Lower East Side,18.68449116,59,1,UberX,Sedan,Cloudy,High,3.7,1,35.51
1126,21-06-2023 03:00,3,2,6,0,0,Tribeca,Chinatown,21.37981357,70,2,Lyft,Van,Clear,Medium,4,2,46.06
1127,25-02-2023 21:00,21,5,2,1,0,Upper East,Upper West,15.78839109,56,4,Lyft,Sedan,Clear,Medium,4.5,1,29.82
1128,17-12-2023 07:00,7,6,12,1,1,Lower East Side,Tribeca,15.10971143,50,1,LyftPlus,Hatchback,Cloudy,High,4.7,1,30.22
1129,15-01-2023 02:00,2,6,1,1,0,Midtown,Brooklyn,7.30221176,20,1,UberX,Van,Clear,Medium,4.2,1.5,22.23
1130,03-09-2023 15:00,15,6,9,1,0,Tribeca,Queens,18.89617616,62,1,Lyft,Sedan,Clear,Low,3.6,1.5,38.16
1131,23-04-2023 20:00,20,6,4,1,1,Upper West,Upper West,24.30979922,73,1,UberXL,Hatchback,Clear,Very Heavy,4.4,2.5,60.36
1132,14-03-2023 22:00,22,1,3,0,0,Lower East Side,East Village,4.489437666,14,1,UberX,Sedan,Cloudy,Medium,4.9,1,14.05
1133,22-08-2023 12:00,12,1,8,0,0,Lower East Side,Soho,24.22003325,73,1,UberX,Hatchback,Cloudy,High,4.2,1,43.33
1134,11-04-2023 21:00,21,1,4,0,0,Financial District,Upper West,15.7937739,54,4,UberX,Sedan,Clear,High,4.9,1,31.74
1135,24-10-2023 15:00,15,1,10,0,0,Midtown,Financial District,10.77698878,32,1,LyftPlus,Van,Rainy,Low,4,1,20.67
1136,10-08-2023 15:00,15,3,8,0,0,Midtown,Upper East,24.14376948,80,5,Lyft,SUV,Clear,Medium,4.8,2.5,56.71
1137,03-10-2023 09:00,9,1,10,0,1,Tribeca,Lower East Side,12.9256678,46,1,UberX,SUV,Cloudy,Low,4.7,1,27.34
1138,13-08-2023 11:00,11,6,8,1,0,Lower East Side,Soho,7.943702343,26,1,LyftPlus,Hatchback,Clear,Medium,4.9,1,16.64
1139,16-06-2023 09:00,9,4,6,0,1,Tribeca,Queens,7.29349527,28,1,UberX,Sedan,Cloudy,High,4.7,1,19.93
1140,28-12-2023 16:00,16,3,12,0,0,Downtown,Tribeca,6.141522422,26,1,Lyft,Sedan,Clear,Low,4,1,11.95
1141,02-12-2023 04:00,4,5,12,1,0,Queens,Chinatown,21.64731866,68,1,LyftPlus,Sedan,Clear,Low,4.9,1,35.93
1142,10-12-2023 06:00,6,6,12,1,0,Financial District,Upper West,17.97655838,62,1,LyftPlus,Sedan,Clear,Medium,4.5,1,31.74
1143,23-07-2023 01:00,1,6,7,1,0,Soho,Upper East,23.07434294,74,1,UberX,SUV,Rainy,Medium,3.7,1,41.73
1144,20-07-2023 06:00,6,3,7,0,0,Brooklyn,Downtown,8.190106293,27,5,Lyft,Hatchback,Rainy,High,3.6,1,25.46
1145,25-12-2023 00:00,0,0,12,0,0,Lower East Side,Upper East,9.018970644,34,1,UberXL,SUV,Clear,High,4,1,20.23
1146,04-09-2023 09:00,9,0,9,0,1,Chinatown,Upper East,6.334582868,21,2,LyftPlus,Sedan,Rainy,High,4.7,1,18.45
1147,24-10-2023 20:00,20,1,10,0,1,Financial District,Soho,4.294424171,22,1,UberXL,Hatchback,Rainy,High,4.4,1.5,22.49
1148,12-05-2023 13:00,13,4,5,0,0,Financial District,Downtown,14.1537862,44,1,Lyft,Sedan,Rainy,Low,4.3,1,26.03
1149,17-01-2023 06:00,6,1,1,0,0,Financial District,Upper East,22.71161724,77,1,UberX,SUV,Clear,Medium,3.5,1,37.8
1150,04-07-2023 14:00,14,1,7,0,0,Midtown,Financial District,19.46525361,64,3,Lyft,Sedan,Clear,Medium,4.2,1,34.03
1151,17-11-2023 06:00,6,4,11,0,0,Upper West,Chinatown,9.545879136,35,1,Lyft,Sedan,Clear,Very Heavy,3.7,2,34.1
1152,26-06-2023 08:00,8,0,6,0,1,Midtown,Upper West,21.41223615,68,1,Lyft,SUV,Clear,Medium,4.2,1,37.48
1153,30-11-2023 15:00,15,3,11,0,0,Upper West,Upper West,20.53382524,67,1,Lyft,Sedan,Rainy,Very Heavy,5,2.5,53.83
1154,05-03-2023 09:00,9,6,3,1,1,Tribeca,Lower East Side,3.525675475,7,1,Standard,Sedan,Rainy,High,4.8,1,15.48
1155,04-03-2023 12:00,12,5,3,1,0,Brooklyn,Financial District,20.22146811,66,2,Lyft,SUV,Rainy,High,4,1,38.84
1156,08-10-2023 17:00,17,6,10,1,1,Midtown,Upper West,8.326004224,26,1,UberX,Sedan,Clear,Medium,4.4,1,17.82
1157,18-05-2023 06:00,6,3,5,0,0,Lower East Side,Upper East,6.761231579,27,1,LyftPlus,SUV,Rainy,Medium,4.3,1,18.37
1158,31-07-2023 21:00,21,0,7,0,0,Upper West,Tribeca,7.129406803,24,2,UberX,Van,Clear,Medium,3.7,1,15.71
1159,11-04-2023 19:00,19,1,4,0,1,Midtown,Upper East,13.42313917,43,1,Lyft,SUV,Cloudy,Medium,5,1,25.19
1160,07-05-2023 18:00,18,6,5,1,1,Upper East,Soho,12.72053975,39,1,LyftPlus,SUV,Clear,Very Heavy,4.1,1,29.48
1161,07-07-2023 09:00,9,4,7,0,1,Midtown,East Village,10.32369674,36,1,UberX,Sedan,Rainy,High,4.3,1,27.06
1162,03-03-2023 02:00,2,4,3,0,0,Brooklyn,Lower East Side,8.907906691,29,2,LyftPlus,SUV,Rainy,High,4.5,1,22.82
1163,29-05-2023 09:00,9,0,5,0,1,Brooklyn,Tribeca,20.00628657,64,5,Lyft,Sedan,Cloudy,Medium,3.8,1.5,45.6
1164,26-01-2023 14:00,14,3,1,0,0,Upper West,Queens,24.35705377,77,1,UberXL,SUV,Clear,Low,3.8,1,41.1
1165,13-08-2023 16:00,16,6,8,1,0,Upper West,Queens,21.76985068,67,3,UberX,Sedan,Clear,High,3.8,1,39.85
1166,17-11-2023 13:00,13,4,11,0,0,Tribeca,Tribeca,10.55870602,35,1,UberXL,Sedan,Clear,Medium,4.1,1,20.09
1167,15-05-2023 07:00,7,0,5,0,1,Brooklyn,Upper East,8.554180179,28,1,Standard,SUV,Clear,High,3.8,1,20.42
1168,25-10-2023 10:00,10,2,10,0,1,Brooklyn,Brooklyn,8.02513622,31,1,UberX,SUV,Rainy,High,4.9,1.5,27.08
1169,22-04-2023 03:00,3,5,4,1,0,Lower East Side,East Village,6.034203363,26,1,Lyft,Sedan,Cloudy,Low,4.6,1,10.3
1170,29-11-2023 12:00,12,2,11,0,0,Downtown,Financial District,15.2914836,46,1,UberX,Sedan,Clear,Medium,4.8,1,25.8
1171,06-01-2023 10:00,10,4,1,0,1,Financial District,Upper East,16.21694283,54,2,UberX,SUV,Clear,High,4.8,1,34.92
1172,05-05-2023 07:00,7,4,5,0,1,East Village,Tribeca,17.54622805,56,1,Lyft,Hatchback,Cloudy,Medium,4.6,1,34.86
1173,28-06-2023 06:00,6,2,6,0,0,Midtown,Brooklyn,17.97356762,56,5,UberX,Sedan,Clear,Medium,3.9,1.5,39.24
1174,24-10-2023 22:00,22,1,10,0,0,Queens,Upper East,11.18860707,39,1,Standard,Sedan,Clear,Low,4.4,1,22.37
1175,09-12-2023 22:00,22,5,12,1,0,Tribeca,Brooklyn,9.450800118,34,1,UberXL,Sedan,Cloudy,Low,3.8,2.5,33.85
1176,17-11-2023 14:00,14,4,11,0,0,Financial District,Tribeca,17.72204846,50,1,UberXL,Sedan,Cloudy,High,3.7,2.5,48.77
1177,04-10-2023 16:00,16,2,10,0,0,East Village,Upper East,9.795928831,37,1,UberX,SUV,Clear,Low,4.4,1.5,20.96
1178,16-08-2023 20:00,20,2,8,0,1,Downtown,Downtown,8.835042467,33,3,Standard,Sedan,Clear,High,4.4,1,22.14
1179,08-02-2023 08:00,8,2,2,0,1,Queens,Upper West,12.06509951,41,1,UberX,SUV,Clear,Medium,3.7,1,26.72
1180,12-11-2023 04:00,4,6,11,1,0,Upper West,Tribeca,7.707538646,25,5,UberXL,Van,Clear,Very Heavy,4,1,22.4
1181,28-12-2023 20:00,20,3,12,0,1,Brooklyn,Queens,2.924417438,15,6,UberX,SUV,Clear,Very Heavy,3.6,2.5,35.02
1182,21-12-2023 06:00,6,3,12,0,0,Upper East,Queens,22.12875703,69,1,UberXL,Hatchback,Clear,High,4.6,1,39.43
1183,16-05-2023 01:00,1,1,5,0,0,Tribeca,East Village,20.42918344,70,1,Lyft,SUV,Rainy,Medium,5,1.5,38.3
1184,23-01-2023 17:00,17,0,1,0,1,Soho,Midtown,8.66277296,33,1,Lyft,Hatchback,Rainy,Medium,4.6,2.5,37.27
1185,01-07-2023 02:00,2,5,7,1,0,Chinatown,Queens,3.786915354,16,1,UberX,Sedan,Cloudy,Low,4.8,1.5,10.61
1186,08-06-2023 18:00,18,3,6,0,1,Brooklyn,Midtown,19.94920329,62,1,UberXL,Sedan,Clear,Low,4.2,1,34.61
1187,28-10-2023 06:00,6,5,10,1,0,Upper East,Downtown,10.44411643,37,1,Lyft,SUV,Clear,Medium,3.6,1,22.21
1188,26-03-2023 16:00,16,6,3,1,0,East Village,Tribeca,7.117175654,28,1,UberXL,Hatchback,Cloudy,High,4.6,1,19.9
1189,18-12-2023 12:00,12,0,12,0,0,Upper West,Brooklyn,10.77658875,36,2,UberX,Sedan,Rainy,Medium,3.9,1,22.16
1190,12-01-2023 07:00,7,3,1,0,1,Queens,Lower East Side,4.986772262,21,1,UberX,Sedan,Cloudy,Medium,4.1,2.5,30.53
1191,27-05-2023 07:00,7,5,5,1,1,East Village,East Village,7.285345145,25,1,UberX,Van,Snowy,Medium,4.6,2,32.99
1192,15-03-2023 19:00,19,2,3,0,1,Chinatown,Upper West,21.55283036,64,1,UberX,Sedan,Cloudy,Very Heavy,4.9,1,42.52
1193,01-07-2023 17:00,17,5,7,1,1,Brooklyn,Lower East Side,19.86437192,59,5,UberX,Sedan,Clear,Low,4.2,1,36.27
1194,22-10-2023 13:00,13,6,10,1,0,Brooklyn,Financial District,7.906216468,29,1,UberXL,Sedan,Clear,Low,4.9,1,17.68
1195,08-02-2023 08:00,8,2,2,0,1,Queens,Midtown,11.60979549,44,1,UberX,SUV,Clear,Very Heavy,4.3,1,28.75
1196,08-12-2023 06:00,6,4,12,0,0,Soho,Upper West,10.3958187,33,2,Lyft,Hatchback,Rainy,Low,3.7,1,21.84
1197,23-05-2023 22:00,22,1,5,0,0,Upper East,East Village,5.252718229,18,2,Standard,Sedan,Clear,High,4.3,1,12.44
1198,04-07-2023 19:00,19,1,7,0,1,East Village,East Village,4.453191431,19,3,Standard,SUV,Rainy,Medium,4.8,2.5,30.75
1199,06-06-2023 16:00,16,1,6,0,0,Upper West,Queens,22.26602616,71,1,LyftPlus,Sedan,Clear,Medium,4.3,2.5,52.15
1200,27-03-2023 10:00,10,0,3,0,1,Brooklyn,Upper West,16.61014445,55,3,UberX,SUV,Rainy,Medium,4.6,1,32.04
1201,18-02-2023 13:00,13,5,2,1,0,East Village,Upper East,14.33851152,49,1,UberX,Sedan,Clear,High,4.3,1,29.88
1202,23-12-2023 23:00,23,5,12,1,0,Lower East Side,Soho,19.76909048,64,4,LyftPlus,Sedan,Clear,Low,4.3,1,35.36
1203,26-03-2023 17:00,17,6,3,1,1,Soho,East Village,22.77488928,73,1,UberX,Van,Cloudy,Low,3.9,1.5,44.15
1204,27-09-2023 11:00,11,2,9,0,0,East Village,Midtown,20.04999438,61,3,UberX,Sedan,Clear,Medium,3.8,1,35.3
1205,07-01-2023 01:00,1,5,1,1,0,Queens,Lower East Side,4.777853041,18,4,UberXL,SUV,Clear,Medium,3.9,1,13.03
1206,02-07-2023 20:00,20,6,7,1,1,Chinatown,Financial District,6.248355122,27,1,UberX,Van,Clear,Medium,4.2,1,14.77
1207,23-11-2023 08:00,8,3,11,0,1,Upper West,Financial District,16.29979468,55,5,LyftPlus,Sedan,Cloudy,Very Heavy,4.7,1,40.87
1208,26-12-2023 07:00,7,1,12,0,1,Downtown,Chinatown,9.382489383,33,1,Lyft,Sedan,Cloudy,Very Heavy,4.7,2,33.15
1209,07-12-2023 13:00,13,3,12,0,0,Queens,Lower East Side,25.22140297,78,1,Lyft,Sedan,Cloudy,Low,3.7,2.5,56.5
1210,20-04-2023 16:00,16,3,4,0,0,East Village,Downtown,17.72492786,55,1,LyftPlus,Sedan,Cloudy,Medium,4.3,1,30.91
1211,07-07-2023 06:00,6,4,7,0,0,Downtown,Downtown,24.59161221,75,6,UberX,Hatchback,Rainy,Low,4.1,1.5,47.15
1212,02-12-2023 16:00,16,5,12,1,0,Brooklyn,Lower East Side,7.563443285,22,1,Lyft,Sedan,Clear,Very Heavy,4.4,1,17.3
1213,09-11-2023 23:00,23,3,11,0,0,Downtown,Queens,21.99785745,70,1,UberX,Van,Clear,Medium,4.5,1,39.34
1214,18-03-2023 04:00,4,5,3,1,0,Soho,Upper East,10.35417447,34,1,Lyft,Hatchback,Clear,Medium,3.9,1.5,25.09
1215,20-07-2023 05:00,5,3,7,0,0,Midtown,Queens,14.15248613,48,4,UberX,Hatchback,Clear,High,4.9,1,29.4
1216,03-02-2023 14:00,14,4,2,0,0,Soho,Financial District,24.29648759,80,2,Lyft,Sedan,Rainy,Medium,4.9,1,44.18
1217,08-11-2023 22:00,22,2,11,0,0,Queens,Brooklyn,8.523472991,28,1,Standard,Sedan,Clear,Low,3.7,1.5,22.12
1218,08-12-2023 18:00,18,4,12,0,1,Midtown,Financial District,15.21183915,54,1,UberX,Sedan,Clear,Medium,4.6,1,28.48
1219,19-03-2023 20:00,20,6,3,1,1,Queens,East Village,20.80777765,68,1,UberX,SUV,Clear,Medium,3.5,1,41
1220,25-11-2023 06:00,6,5,11,1,0,Lower East Side,Upper West,13.07266314,48,1,UberX,Sedan,,High,3.6,1,27.69
1221,26-08-2023 02:00,2,5,8,1,0,Chinatown,Upper West,10.10222524,31,1,UberXL,Hatchback,Rainy,Medium,4.9,1,22.42
1222,23-11-2023 03:00,3,3,11,0,0,Chinatown,East Village,24.43816392,81,1,UberX,SUV,Clear,Low,4.5,1,40.28
1223,15-08-2023 05:00,5,1,8,0,0,Tribeca,East Village,11.68654594,38,3,LyftPlus,SUV,Rainy,Medium,4,1,23.46
1224,29-05-2023 12:00,12,0,5,0,0,Upper West,Financial District,18.40197954,57,1,UberXL,SUV,Clear,High,4.5,1,35.1
1225,27-02-2023 21:00,21,0,2,0,0,Chinatown,Upper West,3.858473882,16,1,UberXL,SUV,Snowy,High,4.8,2.5,29.69
1226,31-10-2023 02:00,2,1,10,0,0,Financial District,Upper West,21.49882179,66,1,Lyft,Sedan,Clear,Low,4.8,1.5,39.13
1227,04-02-2023 08:00,8,5,2,1,1,Brooklyn,Tribeca,17.21365334,57,1,UberX,Sedan,Clear,Low,3.5,1,30.04
1228,05-04-2023 09:00,9,2,4,0,1,Brooklyn,Chinatown,10.58190962,39,1,UberX,SUV,Rainy,Medium,4.7,1.5,31
1229,09-02-2023 00:00,0,3,2,0,0,Lower East Side,Upper West,2.795508251,14,1,Lyft,SUV,Clear,Medium,4.8,1,6.7
1230,24-09-2023 18:00,18,6,9,1,1,Tribeca,East Village,16.83361196,55,3,Lyft,Sedan,Clear,Low,4.4,1.5,35.95
1231,10-06-2023 05:00,5,5,6,1,0,Lower East Side,Downtown,1.146665442,11,1,UberX,Hatchback,Clear,Medium,4.2,1.5,11.86
1232,16-03-2023 20:00,20,3,3,0,1,East Village,Upper East,3.337831889,16,1,UberX,Hatchback,Clear,Very Heavy,3.7,1,14.93
1233,10-12-2023 13:00,13,6,12,1,0,Upper East,Brooklyn,15.65268858,51,2,UberX,Sedan,Cloudy,Medium,3.9,1,30.15
1234,28-10-2023 14:00,14,5,10,1,0,Queens,Lower East Side,8.458294459,29,2,UberX,SUV,Clear,Medium,4.2,2,29.85
1235,31-01-2023 06:00,6,1,1,0,0,Financial District,East Village,7.616447861,25,2,UberX,Sedan,Rainy,High,4.8,1,20.95
1236,25-04-2023 00:00,0,1,4,0,0,Financial District,Chinatown,15.85220657,49,4,Lyft,Sedan,Clear,Low,4.7,1,28.53
1237,21-03-2023 17:00,17,1,3,0,1,Soho,Upper West,3.765192918,14,2,LyftPlus,Hatchback,Clear,Medium,4.2,1,12.38
1238,16-11-2023 01:00,1,3,11,0,0,Soho,Midtown,10.34848238,32,1,UberX,Van,Clear,Medium,4.7,1,18.02
1239,13-04-2023 18:00,18,3,4,0,1,Upper East,Financial District,5.983547784,19,2,Lyft,SUV,Cloudy,Medium,4.6,1,16.58
1240,01-11-2023 16:00,16,2,11,0,0,Lower East Side,Financial District,15.90900047,49,1,UberX,Van,Clear,Very Heavy,4.4,1,31.1
1241,08-12-2023 10:00,10,4,12,0,1,East Village,Upper East,17.53959664,60,1,UberXL,SUV,Snowy,Medium,3.8,1,37.2
1242,26-11-2023 10:00,10,6,11,1,1,Tribeca,East Village,19.73180987,61,1,Lyft,SUV,Clear,Low,4,1,34.89
1243,23-07-2023 04:00,4,6,7,1,0,Downtown,Upper East,10.43956577,38,1,LyftPlus,SUV,Rainy,Very Heavy,3.7,1,27.37
1244,31-10-2023 15:00,15,1,10,0,0,Soho,Downtown,8.566878387,28,1,UberX,Sedan,Cloudy,Low,3.5,2.5,31.44
1245,07-02-2023 04:00,4,1,2,0,0,East Village,Soho,4.981412274,20,1,UberX,Sedan,Clear,Medium,3.6,2,21.83
1246,14-07-2023 19:00,19,4,7,0,1,Upper West,Queens,3.64820639,13,1,Lyft,Sedan,Rainy,Medium,4.6,1,14.81
1247,22-03-2023 13:00,13,2,3,0,0,Brooklyn,Midtown,13.84271608,47,3,UberX,SUV,Clear,Very Heavy,3.6,1.5,35.13
1248,27-02-2023 12:00,12,0,2,0,0,Brooklyn,Queens,26.77079086,92,4,UberX,SUV,Clear,Medium,4.1,2,57.18
1249,23-02-2023 18:00,18,3,2,0,1,East Village,Soho,7.459689507,25,1,UberX,SUV,Clear,Medium,5,2,27.49
1250,10-03-2023 08:00,8,4,3,0,1,Upper East,Midtown,8.6960147,30,2,Lyft,Sedan,Cloudy,Medium,4.7,2,30.73
1251,09-11-2023 02:00,2,3,11,0,0,Tribeca,Queens,6.23460059,20,1,UberX,Sedan,Clear,Very Heavy,4.6,1.5,21.61
1252,20-02-2023 18:00,18,0,2,0,1,Chinatown,Midtown,17.3320157,60,3,Standard,Sedan,Clear,High,3.9,1,35.75
1253,29-07-2023 00:00,0,5,7,1,0,Financial District,Upper East,18.13551318,63,1,UberXL,Sedan,Snowy,Low,4.5,1,35.31
1254,14-10-2023 17:00,17,5,10,1,1,Upper East,Brooklyn,16.16831756,50,1,UberX,Van,Clear,High,4.2,1,31.89
1255,09-02-2023 18:00,18,3,2,0,1,East Village,Tribeca,23.76302418,75,1,Lyft,SUV,Clear,High,4.4,1,43.04
1256,31-10-2023 19:00,19,1,10,0,1,Tribeca,Midtown,14.38260269,49,1,UberX,Sedan,Snowy,High,4.2,2.5,48.45
1257,10-02-2023 14:00,14,4,2,0,0,Tribeca,Soho,6.178603804,23,1,UberXL,Hatchback,Clear,High,4.3,1,15.34
1258,22-06-2023 05:00,5,3,6,0,0,Queens,Upper East,8.644085245,28,1,UberXL,SUV,Clear,Medium,5,2.5,34.59
1259,12-08-2023 18:00,18,5,8,1,1,Midtown,Tribeca,17.63141458,54,1,UberXL,SUV,Cloudy,Medium,4,1.5,40
1260,15-06-2023 12:00,12,3,6,0,0,Brooklyn,Upper East,14.67423606,45,1,Lyft,Van,Clear,High,3.8,1,29.89
1261,09-08-2023 15:00,15,2,8,0,0,East Village,Downtown,15.42297349,54,1,UberX,SUV,Clear,Low,4.2,1,27.95
1262,09-12-2023 20:00,20,5,12,1,1,Chinatown,Upper West,19.0099519,64,6,Standard,Hatchback,Clear,Medium,4.3,1,36.88
1263,06-05-2023 20:00,20,5,5,1,1,Financial District,Financial District,17.2523577,61,1,Lyft,Van,Rainy,Low,3.6,1,33.75
1264,18-06-2023 04:00,4,6,6,1,0,Midtown,Downtown,4.039747076,14,1,UberX,Sedan,Clear,High,4.7,1.5,18.23
1265,31-07-2023 04:00,4,0,7,0,0,Upper West,Soho,22.84104515,74,1,UberX,Sedan,Clear,High,4.1,2.5,55.72
1266,07-08-2023 01:00,1,0,8,0,0,Soho,East Village,16.67971835,55,3,UberX,Sedan,Clear,Medium,4.1,1,29.62
1267,14-01-2023 05:00,5,5,1,1,0,Queens,Lower East Side,19.38599352,64,1,UberX,Hatchback,Clear,High,4.5,1,36.72
1268,10-04-2023 20:00,20,0,4,0,1,Soho,East Village,9.405549654,35,3,Lyft,Hatchback,Rainy,High,4.7,1,25
1269,01-04-2023 02:00,2,5,4,1,0,Midtown,Financial District,18.4445343,69,1,UberX,Hatchback,Clear,Very Heavy,5,1,35.62
1270,25-04-2023 09:00,9,1,4,0,1,Midtown,Upper East,22.57425429,82,1,Standard,Sedan,Rainy,Low,3.8,1.5,47.33
1271,08-03-2023 07:00,7,2,3,0,1,Soho,Brooklyn,10.92845563,38,1,UberX,Hatchback,Clear,Medium,4,1,25.66
1272,15-09-2023 15:00,15,4,9,0,0,Lower East Side,Lower East Side,19.96141752,69,1,UberX,Hatchback,Clear,High,3.8,1,36.85
1273,13-06-2023 18:00,18,1,6,0,1,Financial District,Soho,17.97469686,56,1,UberX,Sedan,Clear,Low,4.8,1,29.04
1274,24-02-2023 16:00,16,4,2,0,0,Financial District,Financial District,4.569839061,18,1,UberX,Sedan,Clear,Medium,4.3,1,11.98
1275,29-06-2023 15:00,15,3,6,0,0,Downtown,Chinatown,16.35166733,51,1,LyftPlus,SUV,Clear,Medium,4.8,1,29.55
1276,01-11-2023 18:00,18,2,11,0,1,Chinatown,Tribeca,7.032762275,26,2,Lyft,SUV,Rainy,High,5,1,18.55
1277,10-04-2023 07:00,7,0,4,0,1,Upper West,Tribeca,24.57847039,80,1,UberX,SUV,Rainy,Medium,4.3,1,47.93
1278,15-05-2023 23:00,23,0,5,0,0,Financial District,East Village,21.24228283,75,1,LyftPlus,Sedan,Clear,Medium,3.7,1,33.04
1279,31-03-2023 03:00,3,4,3,0,0,Chinatown,Upper West,5.145915885,17,1,LyftPlus,Sedan,Rainy,Medium,4,1,15.59
1280,13-03-2023 00:00,0,0,3,0,0,Upper West,Lower East Side,4.804440385,23,1,Lyft,Hatchback,Snowy,Low,3.6,1,11.61
1281,16-10-2023 12:00,12,0,10,0,0,Upper West,Chinatown,15.64849284,50,1,LyftPlus,Van,Clear,Very Heavy,4.8,2.5,47.68
1282,16-01-2023 02:00,2,0,1,0,0,Midtown,Upper East,12.01563264,39,2,Lyft,Van,Clear,Medium,3.5,1.5,29.62
1283,19-04-2023 12:00,12,2,4,0,0,Upper West,East Village,4.402009836,17,2,UberXL,SUV,Rainy,Medium,4.4,1,16.12
1284,28-06-2023 14:00,14,2,6,0,0,Queens,Brooklyn,15.32351035,56,1,UberX,Hatchback,Clear,Low,3.7,1.5,32.41
1285,05-06-2023 18:00,18,0,6,0,1,Soho,Lower East Side,9.717221403,28,5,UberX,Sedan,Rainy,Medium,3.5,1.5,31.36
1286,13-04-2023 21:00,21,3,4,0,0,Lower East Side,Financial District,5.536496149,22,1,Lyft,Hatchback,Snowy,Very Heavy,3.9,1,18.86
1287,19-07-2023 19:00,19,2,7,0,1,Downtown,Midtown,3.670317393,19,1,LyftPlus,SUV,Clear,Very Heavy,4.3,1.5,17.75
1288,14-09-2023 06:00,6,3,9,0,0,East Village,Brooklyn,19.38388004,60,1,Lyft,Hatchback,Cloudy,Medium,3.6,1,38.05
1289,24-01-2023 04:00,4,1,1,0,0,Upper East,Lower East Side,21.98533623,72,1,Standard,Sedan,Clear,Low,4.4,1.5,40.55
1290,28-04-2023 00:00,0,4,4,0,0,Downtown,Midtown,4.22716654,15,1,UberX,Hatchback,Clear,Medium,4.5,1,11.6
1291,03-08-2023 14:00,14,3,8,0,0,Queens,Upper East,20.47845604,72,1,Lyft,SUV,Clear,Medium,5,2,43.98
1292,12-11-2023 01:00,1,6,11,1,0,Downtown,Financial District,21.31988295,65,1,Lyft,Sedan,Clear,Medium,4.8,1,34.97
1293,24-04-2023 07:00,7,0,4,0,1,Upper West,Chinatown,6.819646202,27,2,Lyft,Sedan,Clear,Medium,4.4,1,17.62
1294,29-09-2023 02:00,2,4,9,0,0,Midtown,Tribeca,8.217863802,28,1,Lyft,Sedan,Clear,High,4.7,1,19.1
1295,05-06-2023 21:00,21,0,6,0,0,Upper East,Chinatown,8.085920307,28,2,UberX,Sedan,Rainy,High,4,1,23.77
1296,16-06-2023 14:00,14,4,6,0,0,Financial District,Chinatown,20.52920263,65,1,UberX,Sedan,Clear,Medium,4.4,1,37.1
1297,11-04-2023 03:00,3,1,4,0,0,Midtown,Chinatown,23.98780893,80,1,Standard,SUV,Clear,High,4.1,1,42.85
1298,13-01-2023 06:00,6,4,1,0,0,Upper West,Tribeca,17.62292813,58,2,UberX,Hatchback,Clear,High,4,1,33.34
1299,11-08-2023 15:00,15,4,8,0,0,Upper West,Downtown,21.97974275,66,1,UberXL,Van,Clear,Medium,4.6,1,38.19
1300,17-02-2023 08:00,8,4,2,0,1,Upper East,Tribeca,19.43237158,64,1,UberXL,Sedan,Clear,Very Heavy,3.9,1,38.81
1301,28-03-2023 00:00,0,1,3,0,0,Upper East,Soho,10.31764378,36,1,UberX,Sedan,Rainy,High,4.1,1,24.31
1302,20-10-2023 01:00,1,4,10,0,0,Brooklyn,Downtown,8.374932868,33,1,Lyft,Sedan,Clear,Medium,4.1,1,16.32
1303,09-07-2023 07:00,7,6,7,1,1,Tribeca,Downtown,14.48758852,49,1,Lyft,Sedan,Rainy,Very Heavy,4.8,1,32.5
1304,11-02-2023 23:00,23,5,2,1,0,Tribeca,Lower East Side,4.383587274,13,1,Standard,Hatchback,Clear,Medium,3.8,1,11.6
1305,15-08-2023 21:00,21,1,8,0,0,Chinatown,Tribeca,5.525862155,25,2,UberX,SUV,Rainy,Medium,4.1,1,16.22
1306,12-08-2023 00:00,0,5,8,1,0,Lower East Side,East Village,17.61277867,61,1,Lyft,SUV,Clear,Medium,4.8,1,30.84
1307,01-03-2023 19:00,19,2,3,0,1,Midtown,Upper West,10.67054059,38,1,LyftPlus,Sedan,Clear,High,3.5,1,25.05
1308,24-01-2023 19:00,19,1,1,0,1,Financial District,Upper West,14.56945352,49,1,Standard,Hatchback,Rainy,Low,4.9,1,27.54
1309,10-04-2023 06:00,6,0,4,0,0,Downtown,Lower East Side,14.51084245,49,1,Standard,Van,Clear,Medium,4.8,1,24.56
1310,31-07-2023 20:00,20,0,7,0,1,Upper West,Soho,7.432089701,30,1,Lyft,SUV,Cloudy,Medium,4.1,1,18.52
1311,12-01-2023 13:00,13,3,1,0,0,Upper West,Queens,13.05218627,48,1,UberX,Van,Rainy,Medium,4.5,1,23.8
1312,22-10-2023 03:00,3,6,10,1,0,Brooklyn,East Village,14.34772106,49,1,UberX,Sedan,Clear,High,5,1,28.81
1313,20-03-2023 15:00,15,0,3,0,0,Midtown,Queens,11.40587981,41,2,LyftPlus,Sedan,Cloudy,Medium,4.3,2,30.9
1314,22-02-2023 17:00,17,2,2,0,1,Lower East Side,Midtown,11.16939571,39,1,LyftPlus,Van,Cloudy,Medium,3.6,1.5,28.87
1315,09-11-2023 03:00,3,3,11,0,0,Midtown,Chinatown,22.42536709,79,4,Lyft,Hatchback,Clear,High,4.8,2.5,56.99
1316,13-02-2023 08:00,8,0,2,0,1,Soho,East Village,12.17733708,35,1,UberX,Sedan,Clear,High,3.7,1,28.29
1317,03-12-2023 09:00,9,6,12,1,1,Chinatown,Lower East Side,16.89910715,53,1,Lyft,Sedan,Clear,High,3.9,1,34.86
1318,25-04-2023 16:00,16,1,4,0,0,Upper East,Financial District,20.99400974,65,1,UberX,SUV,Clear,Medium,4.8,2,46.82
1319,09-12-2023 05:00,5,5,12,1,0,Financial District,Queens,21.09099767,74,2,UberXL,Hatchback,Clear,Medium,3.9,1,41.05
1320,10-07-2023 09:00,9,0,7,0,1,Lower East Side,Soho,22.37585742,71,1,UberX,Hatchback,Rainy,High,4.6,1,42.18
1321,22-09-2023 17:00,17,4,9,0,1,Upper East,Soho,10.14922973,29,2,Standard,Sedan,Rainy,Medium,4.2,1,25.09
1322,09-04-2023 01:00,1,6,4,1,0,Financial District,East Village,2.857074725,11,3,UberX,SUV,Rainy,High,4.6,1,14.44
1323,06-11-2023 21:00,21,0,11,0,0,Queens,Downtown,7.818909769,30,2,Lyft,SUV,,Low,3.8,1,18.36
1324,19-07-2023 23:00,23,2,7,0,0,East Village,Financial District,9.403914091,33,1,UberX,SUV,Clear,Medium,4.1,1.5,23.36
1325,29-01-2023 14:00,14,6,1,1,0,Chinatown,Upper East,23.43881368,75,2,Lyft,SUV,Clear,Medium,4,2.5,56.48
1326,20-12-2023 04:00,4,2,12,0,0,Tribeca,Financial District,16.24774215,54,2,Lyft,SUV,Rainy,Medium,3.9,1,32.63
1327,20-07-2023 11:00,11,3,7,0,0,Chinatown,Lower East Side,4.275591374,21,1,Standard,Sedan,Clear,Medium,4,1.5,18.28
1328,11-08-2023 18:00,18,4,8,0,1,Tribeca,Soho,7.06498994,29,2,UberX,SUV,Rainy,Low,4,1,19.31
1329,30-07-2023 03:00,3,6,7,1,0,Financial District,Midtown,5.244865675,18,5,UberX,Sedan,Clear,High,4.9,1,13.07
1330,12-04-2023 04:00,4,2,4,0,0,Tribeca,Chinatown,17.2107552,57,1,Lyft,Sedan,Clear,Medium,4.3,1,31.85
1331,02-08-2023 14:00,14,2,8,0,0,Upper East,Queens,18.66157507,65,1,UberX,Sedan,Clear,Medium,4.2,1,32.29
1332,09-12-2023 12:00,12,5,12,1,0,Chinatown,Queens,23.31474745,75,1,UberX,Sedan,Clear,Medium,4.3,1,39.54
1333,22-11-2023 13:00,13,2,11,0,0,Upper West,Midtown,24.27442387,76,1,UberXL,SUV,Clear,Medium,5,1,39.2
1334,20-05-2023 20:00,20,5,5,1,1,Upper East,Brooklyn,8.318063157,26,1,Lyft,Sedan,Clear,Medium,4.5,1,19.43
1335,29-12-2023 19:00,19,4,12,0,1,Financial District,Chinatown,9.277410609,33,1,UberX,Sedan,Clear,High,4.6,1,25.08
1336,30-10-2023 18:00,18,0,10,0,1,Lower East Side,East Village,9.111618532,31,1,UberX,Van,Clear,Medium,4,2,32.27
1337,30-09-2023 12:00,12,5,9,1,0,Midtown,Lower East Side,11.69123149,39,1,LyftPlus,Sedan,Clear,Medium,4.2,1.5,25.66
1338,02-01-2023 14:00,14,0,1,0,0,Upper East,Soho,23.64212124,76,2,UberXL,Sedan,Clear,Medium,3.8,1,40.76
1339,20-05-2023 06:00,6,5,5,1,0,Tribeca,Upper West,15.36986721,49,1,UberX,SUV,Cloudy,High,4.5,1,31.32
1340,29-04-2023 12:00,12,5,4,1,0,Brooklyn,Tribeca,19.40282709,67,3,UberX,Sedan,Clear,Medium,4,2,44.84
1341,15-02-2023 18:00,18,2,2,0,1,Soho,Midtown,11.92991366,40,1,Lyft,SUV,Clear,Medium,4.6,1.5,26.52
1342,20-10-2023 19:00,19,4,10,0,1,Upper West,Midtown,5.393878711,27,2,UberX,Sedan,Rainy,Medium,3.8,1,16.87
1343,17-03-2023 23:00,23,4,3,0,0,Tribeca,Financial District,3.808378098,19,2,LyftPlus,Sedan,Cloudy,Medium,4.1,1,13.73
1344,12-05-2023 11:00,11,4,5,0,0,Brooklyn,East Village,14.49945596,48,1,Lyft,Hatchback,Clear,Low,4.2,1,27.41
1345,09-05-2023 21:00,21,1,5,0,0,Financial District,East Village,17.49556023,53,1,UberXL,Sedan,Clear,Low,3.7,1,29.63
1346,24-08-2023 18:00,18,3,8,0,1,Queens,Upper West,8.410166472,32,1,Standard,Sedan,Clear,Medium,3.6,1.5,24.4
1347,07-06-2023 10:00,10,2,6,0,1,Brooklyn,Tribeca,19.41122067,64,2,UberX,Sedan,Clear,Low,4,1,31.68
1348,01-05-2023 16:00,16,0,5,0,0,East Village,East Village,20.53913072,64,2,UberX,Sedan,Rainy,Medium,4.3,2.5,53.01
1349,11-02-2023 04:00,4,5,2,1,0,Queens,Downtown,9.727072076,30,1,Lyft,Sedan,Snowy,Low,4.5,1,19.98
1350,21-06-2023 12:00,12,2,6,0,0,Chinatown,Soho,18.70966763,61,1,Lyft,Sedan,Rainy,Medium,4.1,1,32.17
1351,26-09-2023 14:00,14,1,9,0,0,Downtown,Lower East Side,12.34868161,42,1,UberX,SUV,Snowy,Medium,4.3,1,24.94
1352,24-06-2023 03:00,3,5,6,1,0,Upper West,Downtown,18.17513546,60,1,UberX,Hatchback,Clear,Medium,4.3,1,30.15
1353,12-03-2023 02:00,2,6,3,1,0,Tribeca,Brooklyn,19.76173361,64,6,UberX,SUV,Cloudy,High,4.3,1,39.08
1354,23-08-2023 10:00,10,2,8,0,1,Chinatown,Lower East Side,24.39843794,81,1,UberX,SUV,Clear,Medium,3.6,1,46.12
1355,06-11-2023 08:00,8,0,11,0,1,Chinatown,Soho,9.020106417,30,4,Lyft,Hatchback,Clear,Medium,4.1,2.5,36.75
1356,08-02-2023 21:00,21,2,2,0,0,Downtown,Chinatown,13.00676769,49,2,Lyft,Van,Rainy,High,3.8,1,29
1357,30-05-2023 22:00,22,1,5,0,0,Upper East,Upper East,5.203520178,15,5,UberXL,SUV,Clear,Low,4.3,1,16.85
1358,24-03-2023 12:00,12,4,3,0,0,Financial District,Soho,7.285357973,24,1,UberX,Van,Clear,Low,4.6,1,11.27
1359,08-05-2023 08:00,8,0,5,0,1,Upper West,Soho,17.21979904,53,1,UberX,SUV,Rainy,Low,4.4,1,33.42
1360,02-02-2023 23:00,23,3,2,0,0,Midtown,Upper West,24.16869266,78,1,UberX,Hatchback,Clear,Low,3.8,1,41.57
1361,13-08-2023 14:00,14,6,8,1,0,Chinatown,Chinatown,12.26333629,42,2,UberX,SUV,Clear,Medium,3.8,1,24.46
1362,04-10-2023 11:00,11,2,10,0,0,Queens,Downtown,6.599375539,30,1,UberX,Hatchback,Clear,Medium,3.6,1,12.66
1363,04-04-2023 23:00,23,1,4,0,0,Chinatown,Tribeca,9.963373145,35,1,UberX,Sedan,Rainy,Low,4.1,2,33.29
1364,31-05-2023 10:00,10,2,5,0,1,Midtown,Financial District,11.5193982,42,2,UberXL,SUV,Clear,Very Heavy,4.1,1,28.99
1365,08-03-2023 23:00,23,2,3,0,0,Chinatown,Upper West,9.3148093,29,1,Lyft,SUV,Clear,High,3.9,1,20.93
1366,04-08-2023 19:00,19,4,8,0,1,Downtown,Soho,7.083876399,22,1,UberX,Hatchback,Clear,Very Heavy,4.6,1,18.25
1367,01-10-2023 21:00,21,6,10,1,0,Brooklyn,Financial District,20.21672205,69,1,Standard,Van,Rainy,Low,4.1,1,39.21
1368,11-02-2023 00:00,0,5,2,1,0,Brooklyn,Lower East Side,3.546877777,18,1,LyftPlus,Sedan,Rainy,High,4.5,1,14.45
1369,29-08-2023 16:00,16,1,8,0,0,Lower East Side,Chinatown,15.51301462,52,1,Standard,SUV,Clear,High,4.5,1,30.19
1370,03-06-2023 04:00,4,5,6,1,0,Financial District,Lower East Side,19.90962757,62,1,LyftPlus,Sedan,Clear,Very Heavy,4.4,1,38.54
1371,21-05-2023 20:00,20,6,5,1,1,Downtown,Queens,9.601833348,41,3,Lyft,Sedan,Clear,Medium,4.9,1,23.39
1372,29-12-2023 23:00,23,4,12,0,0,Soho,Financial District,15.15543292,52,2,Lyft,Van,Clear,High,3.5,2.5,45.15
1373,13-02-2023 18:00,18,0,2,0,1,Chinatown,Midtown,16.74227651,53,1,UberX,SUV,Clear,Low,3.6,1,30.64
1374,01-06-2023 09:00,9,3,6,0,1,Upper West,Upper West,17.23538687,56,2,Lyft,Sedan,Clear,Low,4.6,1,28.19
1375,22-09-2023 06:00,6,4,9,0,0,Queens,Upper West,11.87396877,36,1,Lyft,SUV,Rainy,Low,4,1,22.13
1376,09-02-2023 23:00,23,3,2,0,0,Brooklyn,Midtown,11.33432062,39,1,UberXL,SUV,Cloudy,Very Heavy,5,1,27.97
1377,10-09-2023 11:00,11,6,9,1,0,Brooklyn,Queens,20.91687335,66,2,Lyft,Sedan,Clear,Low,3.8,1,34.23
1378,24-08-2023 15:00,15,3,8,0,0,Midtown,East Village,18.60515162,67,1,UberXL,Sedan,Clear,Low,3.8,1,31.06
1379,06-07-2023 09:00,9,3,7,0,1,Midtown,East Village,8.85743191,33,1,UberXL,SUV,Clear,Very Heavy,4.4,2,31.36
1380,03-05-2023 18:00,18,2,5,0,1,Lower East Side,East Village,5.963815604,15,1,UberX,Sedan,Clear,Low,3.9,1,15.26
1381,18-11-2023 21:00,21,5,11,1,0,Tribeca,East Village,2.035690481,16,1,Lyft,Sedan,Clear,High,4,1,9.17
1382,22-01-2023 22:00,22,6,1,1,0,Upper East,Downtown,8.988961137,33,1,LyftPlus,Sedan,Clear,High,4.9,1,19.1
1383,15-05-2023 08:00,8,0,5,0,1,Soho,Midtown,6.476976298,29,3,LyftPlus,Hatchback,Clear,Low,3.5,1,15.26
1384,20-03-2023 03:00,3,0,3,0,0,Midtown,Lower East Side,15.47876262,52,1,Lyft,Sedan,Clear,Low,4.3,1,27.19
1385,15-03-2023 11:00,11,2,3,0,0,Midtown,Queens,12.71645319,43,3,UberX,Hatchback,Rainy,Medium,4,2.5,44.28
1386,30-12-2023 00:00,0,5,12,1,0,Lower East Side,Lower East Side,4.564067189,16,1,Standard,SUV,Clear,Very Heavy,4,1.5,17.31
1387,30-08-2023 13:00,13,2,8,0,0,Upper West,Soho,10.22151695,37,1,UberX,Sedan,Clear,High,3.9,2.5,36.43
1388,23-10-2023 19:00,19,0,10,0,1,Tribeca,Brooklyn,17.91148286,62,1,LyftPlus,SUV,Clear,Medium,3.7,1,33.77
1389,01-08-2023 21:00,21,1,8,0,0,Midtown,Upper West,8.149789575,24,1,UberX,Sedan,Cloudy,Medium,3.6,1,16.78
1390,04-10-2023 20:00,20,2,10,0,1,Lower East Side,Financial District,18.45005803,57,2,UberXL,Hatchback,Clear,Medium,5,1.5,41.41
1391,05-01-2023 20:00,20,3,1,0,1,Queens,East Village,19.88232557,60,1,Lyft,Van,Clear,High,4.5,1.5,44.83
1392,12-04-2023 09:00,9,2,4,0,1,Upper West,Financial District,9.077777491,37,1,Lyft,Sedan,Rainy,Medium,4.7,1,22.61
1393,16-08-2023 15:00,15,2,8,0,0,Upper East,Brooklyn,18.15527338,62,1,UberXL,Hatchback,Cloudy,Low,3.6,2.5,45.41
1394,25-01-2023 07:00,7,2,1,0,1,Downtown,Upper West,19.37231421,62,1,Lyft,Sedan,Rainy,High,3.5,2,51.53
1395,24-12-2023 18:00,18,6,12,1,1,Upper West,Upper East,11.75210106,43,1,UberXL,Sedan,Clear,Medium,4.4,1,23.99
1396,07-06-2023 20:00,20,2,6,0,1,Downtown,Lower East Side,7.707445774,24,1,UberX,Sedan,Cloudy,,4.6,1,18.73
1397,23-06-2023 15:00,15,4,6,0,0,Brooklyn,Tribeca,13.70597111,47,1,Lyft,SUV,Rainy,High,4.1,1,32.67
1398,19-12-2023 17:00,17,1,12,0,1,Tribeca,Queens,24.90880253,82,1,UberX,Sedan,Rainy,Medium,4.1,2,56.31
1399,27-02-2023 21:00,21,0,2,0,0,Upper East,Downtown,10.67787419,35,5,Lyft,SUV,Clear,Medium,4.1,1,23.2
1400,15-12-2023 05:00,5,4,12,0,0,Tribeca,Financial District,17.14465188,56,1,UberX,Hatchback,Clear,High,3.7,1,31.32
1401,14-09-2023 10:00,10,3,9,0,1,Upper East,East Village,6.285464767,25,4,UberXL,Hatchback,Rainy,Medium,4.6,1,21.16
1402,14-08-2023 20:00,20,0,8,0,1,Tribeca,Midtown,17.18708389,60,1,UberXL,Hatchback,Cloudy,Medium,3.8,1,33.7
1403,27-03-2023 03:00,3,0,3,0,0,Upper West,Financial District,12.79636169,38,1,UberX,Sedan,Rainy,High,4,1,25.81
1404,24-06-2023 21:00,21,5,6,1,0,Lower East Side,Upper West,15.53986149,51,1,UberXL,SUV,Cloudy,Medium,4.5,1,27.49
1405,26-05-2023 16:00,16,4,5,0,0,Tribeca,Upper East,19.2831407,60,1,Lyft,Van,Clear,High,3.5,1,38.61
1406,02-02-2023 10:00,10,3,2,0,1,East Village,Queens,12.42953056,43,1,Standard,Sedan,Clear,Medium,4.6,1.5,29.98
1407,09-01-2023 21:00,21,0,1,0,0,Upper East,Midtown,20.37785362,65,1,LyftPlus,Hatchback,Rainy,Medium,4.8,1,35.52
1408,06-06-2023 18:00,18,1,6,0,1,Chinatown,Tribeca,18.77833485,63,1,Lyft,Sedan,Rainy,Low,3.6,1,36.15
1409,08-10-2023 11:00,11,6,10,1,0,Downtown,Upper West,17.49942569,53,2,UberXL,SUV,Rainy,Medium,4.4,1,32.75
1410,10-05-2023 21:00,21,2,5,0,0,Upper East,Upper East,5.395117892,19,5,UberX,Hatchback,Cloudy,High,4.1,1,16.76
1411,30-08-2023 07:00,7,2,8,0,1,Brooklyn,Midtown,19.9050472,70,3,UberX,Van,Clear,Medium,3.6,1.5,43.87
1412,24-04-2023 08:00,8,0,4,0,1,Queens,Tribeca,24.03464514,76,1,UberX,SUV,Clear,Medium,4.5,1,43.31
1413,09-09-2023 23:00,23,5,9,1,0,East Village,Financial District,5.949176289,26,1,LyftPlus,Hatchback,Cloudy,High,4.4,1,15.78
1414,01-12-2023 16:00,16,4,12,0,0,Financial District,Upper West,12.01928127,37,1,UberX,Sedan,Clear,Low,4.5,1,20.36
1415,01-01-2023 01:00,1,6,1,1,0,Chinatown,Lower East Side,7.02339281,21,1,UberXL,Sedan,Rainy,High,4.7,1,16.01
1416,23-09-2023 08:00,8,5,9,1,1,Upper East,Chinatown,18.95263686,66,1,UberX,Sedan,Cloudy,Medium,3.9,1.5,43.86
1417,23-03-2023 05:00,5,3,3,0,0,Midtown,Soho,18.7921046,63,1,UberX,SUV,Clear,Medium,4.5,1,35.73
1418,08-10-2023 12:00,12,6,10,1,0,Upper West,Chinatown,7.488757782,26,1,UberX,SUV,Cloudy,Medium,4.6,1,16.47
1419,23-11-2023 09:00,9,3,11,0,1,Chinatown,Tribeca,21.21346064,73,2,Lyft,Van,Clear,Low,3.8,1.5,44.17
1420,08-02-2023 05:00,5,2,2,0,0,Upper West,Upper East,7.520184534,25,2,UberXL,Sedan,Rainy,Medium,4.9,1,18.28
1421,13-05-2023 06:00,6,5,5,1,0,Tribeca,Soho,18.57884777,58,1,Lyft,Sedan,Clear,Medium,4,1,31.71
1422,20-10-2023 06:00,6,4,10,0,0,Tribeca,Soho,13.4145288,45,1,UberXL,Van,Rainy,Medium,4.6,1,26.93
1423,04-01-2023 17:00,17,2,1,0,1,Chinatown,Downtown,11.7285753,39,3,Lyft,Sedan,Rainy,High,4.6,2,39
1424,13-03-2023 05:00,5,0,3,0,0,Upper West,Upper East,6.622968495,21,1,Lyft,SUV,Clear,Medium,4.3,1.5,22.02
1425,07-05-2023 17:00,17,6,5,1,1,Soho,Soho,6.019349044,22,1,Lyft,Sedan,Rainy,High,3.7,1,19.82
1426,05-01-2023 09:00,9,3,1,0,1,Chinatown,Financial District,18.79412836,62,1,UberXL,Sedan,Cloudy,Medium,3.9,1,38.3
1427,26-12-2023 03:00,3,1,12,0,0,East Village,Upper West,15.45835037,53,1,UberX,Sedan,Rainy,Low,3.9,1,28.5
1428,20-03-2023 23:00,23,0,3,0,0,East Village,Upper West,5.839473883,30,1,Standard,Sedan,Snowy,Medium,4.3,1,15.76
1429,11-09-2023 18:00,18,0,9,0,1,Downtown,Chinatown,4.46161999,22,2,UberX,SUV,Clear,Low,3.9,1.5,19.98
1430,21-12-2023 12:00,12,3,12,0,0,Upper East,Financial District,4.954602552,16,1,UberX,Hatchback,Clear,Very Heavy,4.3,1,17.37
1431,11-09-2023 10:00,10,0,9,0,1,Financial District,Downtown,18.67816549,69,1,UberXL,Hatchback,Clear,High,3.9,1,36.68
1432,27-01-2023 10:00,10,4,1,0,1,Upper West,Queens,18.97284796,62,1,Lyft,Sedan,Snowy,Low,3.5,1,37.72
1433,22-03-2023 05:00,5,2,3,0,0,Upper East,Downtown,10.04853914,36,2,UberX,Sedan,Clear,Medium,4,1,21
1434,27-03-2023 16:00,16,0,3,0,0,East Village,Upper West,5.369598345,19,1,Lyft,SUV,Clear,Very Heavy,4.4,1,16.17
1435,16-10-2023 05:00,5,0,10,0,0,Brooklyn,Queens,14.74993574,49,1,Lyft,Sedan,Clear,High,4.7,1,27.72
1436,12-05-2023 00:00,0,4,5,0,0,Upper West,Downtown,4.713528687,19,1,UberXL,Hatchback,Clear,Medium,3.5,1,15.91
1437,24-01-2023 00:00,0,1,1,0,0,Upper East,Soho,23.68072019,78,1,UberXL,SUV,Cloudy,Low,3.9,1,38.97
1438,13-08-2023 07:00,7,6,8,1,1,East Village,Lower East Side,22.72054565,75,1,UberXL,Van,Clear,Medium,5,1,41.41
1439,12-06-2023 23:00,23,0,6,0,0,Queens,Queens,18.33959963,58,1,UberX,Sedan,Cloudy,High,3.9,1,34.84
1440,22-05-2023 05:00,5,0,5,0,0,East Village,Lower East Side,22.96942489,77,2,UberX,Sedan,Clear,High,4.7,1,37.33
1441,18-12-2023 18:00,18,0,12,0,1,Tribeca,Upper West,20.68832083,65,5,UberX,Sedan,Cloudy,Medium,4.3,1,40.56
1442,12-04-2023 06:00,6,2,4,0,0,Midtown,Financial District,21.89880624,74,1,Lyft,Sedan,Clear,Low,3.7,1,36.08
1443,20-01-2023 02:00,2,4,1,0,0,Soho,East Village,17.36948511,55,1,Lyft,SUV,Clear,Very Heavy,4.5,1.5,37.97
1444,09-01-2023 15:00,15,0,1,0,0,Soho,Lower East Side,8.054801172,25,1,UberXL,Van,Clear,High,4.9,1,16.57
1445,07-02-2023 11:00,11,1,2,0,0,Tribeca,Chinatown,6.526561604,23,2,Lyft,Sedan,Clear,Low,4.8,2,26.09
1446,01-01-2023 21:00,21,6,1,1,0,Tribeca,Soho,10.05692428,34,1,Lyft,Sedan,Clear,Low,4.5,1.5,21.67
1447,25-12-2023 09:00,9,0,12,0,1,Upper West,Soho,16.87654323,52,2,UberX,Sedan,Clear,Medium,4.3,1,32.38
1448,07-02-2023 06:00,6,1,2,0,0,Queens,East Village,6.580791898,23,1,UberX,SUV,Clear,Medium,4,2,24.09
1449,22-01-2023 10:00,10,6,1,1,1,Queens,Tribeca,8.136806633,27,3,LyftPlus,SUV,Clear,Medium,4,1.5,23.62
1450,31-10-2023 22:00,22,1,10,0,0,Upper West,Chinatown,12.06498148,41,3,Lyft,Hatchback,Rainy,Low,4,2,35.75
1451,24-07-2023 08:00,8,0,7,0,1,Upper East,Lower East Side,7.51633726,29,2,Lyft,Hatchback,Clear,Very Heavy,4.9,1,21.99
1452,24-11-2023 19:00,19,4,11,0,1,Upper West,Lower East Side,16.76739735,55,1,UberXL,SUV,Rainy,High,3.8,1,35
1453,21-06-2023 05:00,5,2,6,0,0,Financial District,Brooklyn,23.4029394,72,1,Lyft,SUV,Snowy,Low,4.1,1,40.17
1454,27-10-2023 03:00,3,4,10,0,0,Financial District,Lower East Side,20.13352794,64,1,Lyft,Hatchback,Clear,High,4.1,1,37.44
1455,07-03-2023 00:00,0,1,3,0,0,Soho,Midtown,16.45797144,57,1,UberX,Sedan,Clear,High,4.1,2,41.79
1456,22-02-2023 18:00,18,2,2,0,1,East Village,Upper East,17.26401579,54,1,LyftPlus,Sedan,Clear,Medium,3.5,1,32.93
1457,01-06-2023 14:00,14,3,6,0,0,Upper West,Downtown,13.17296935,41,1,UberX,Sedan,Clear,High,3.9,1,28.46
1458,23-05-2023 19:00,19,1,5,0,1,Lower East Side,Brooklyn,7.57960654,23,1,UberX,Sedan,Rainy,Medium,4.2,2,32.63
1459,19-07-2023 04:00,4,2,7,0,0,Upper West,Downtown,22.55854949,70,1,UberX,Sedan,Clear,High,4.6,2.5,54.28
1460,22-03-2023 07:00,7,2,3,0,1,Upper East,Brooklyn,7.927777706,31,1,Lyft,Sedan,Clear,Medium,4.4,1,21.82
1461,09-04-2023 04:00,4,6,4,1,0,Downtown,Queens,5.441613848,19,1,Lyft,Sedan,Clear,Medium,4.1,1.5,17.7
1462,19-07-2023 14:00,14,2,7,0,0,Soho,Financial District,20.10084374,65,1,Lyft,Hatchback,Cloudy,Medium,4.5,1,35.01
1463,13-01-2023 18:00,18,4,1,0,1,Soho,Lower East Side,9.551556046,32,1,Standard,SUV,Rainy,Medium,4.5,1,24.15
1464,29-11-2023 11:00,11,2,11,0,0,Soho,Lower East Side,11.82098194,38,3,UberX,Sedan,Snowy,Medium,3.9,2.5,42.3
1465,02-06-2023 17:00,17,4,6,0,1,Chinatown,Upper East,4.246537577,21,1,Lyft,Hatchback,Cloudy,Very Heavy,3.7,2,27.07
1466,22-10-2023 01:00,1,6,10,1,0,East Village,Upper East,7.16037636,26,1,Lyft,SUV,Clear,Medium,4.7,1,12.52
1467,28-01-2023 13:00,13,5,1,1,0,Tribeca,Downtown,7.342333897,23,1,Standard,Sedan,Clear,Low,4.3,1,11.97
1468,13-07-2023 12:00,12,3,7,0,0,Brooklyn,East Village,4.158308042,12,1,UberX,Van,Clear,Low,3.8,1,7.91
1469,21-12-2023 07:00,7,3,12,0,1,Downtown,Queens,17.77217808,55,1,Standard,Sedan,Clear,High,3.9,1,35.22
1470,02-05-2023 16:00,16,1,5,0,0,Chinatown,Tribeca,22.26897854,68,5,UberX,Hatchback,Clear,Medium,4.6,1,39.33
1471,17-09-2023 20:00,20,6,9,1,1,Lower East Side,Upper East,12.60370211,45,1,Lyft,Van,Clear,Medium,4.5,1,25.09
1472,11-09-2023 06:00,6,0,9,0,0,Lower East Side,Midtown,20.72999778,66,1,Lyft,Hatchback,Clear,High,4.9,1,36.7
1473,15-01-2023 16:00,16,6,1,1,0,East Village,Lower East Side,5.803383976,22,1,LyftPlus,SUV,Clear,Very Heavy,4.2,1,18.07
1474,19-10-2023 21:00,21,3,10,0,0,Financial District,Downtown,11.50696477,38,1,UberX,Van,Cloudy,High,3.6,1.5,30.62
1475,07-01-2023 14:00,14,5,1,1,0,Upper East,Soho,5.518753324,20,2,UberX,Sedan,Cloudy,Low,4.6,1,11.85
1476,09-02-2023 20:00,20,3,2,0,1,Tribeca,Midtown,14.99436931,52,1,UberX,Sedan,Clear,Medium,3.9,1.5,34.08
1477,28-03-2023 07:00,7,1,3,0,1,Financial District,Upper West,10.48516746,39,5,Lyft,SUV,Clear,High,4,1,24.93
1478,25-12-2023 03:00,3,0,12,0,0,Tribeca,Downtown,18.29408166,65,1,Lyft,Hatchback,Clear,Very Heavy,3.8,1,35.04
1479,24-05-2023 21:00,21,2,5,0,0,Queens,Downtown,20.63446073,64,2,Standard,SUV,Cloudy,Very Heavy,4,1,41.9
1480,06-10-2023 03:00,3,4,10,0,0,Soho,Soho,14.21037354,46,1,UberXL,Van,Snowy,Medium,4.7,1.5,35.34
1481,09-02-2023 19:00,19,3,2,0,1,Chinatown,Queens,16.05411347,53,1,UberX,Sedan,Clear,High,4.4,1.5,37.96
1482,20-09-2023 07:00,7,2,9,0,1,Tribeca,Soho,23.6303702,80,2,UberX,Hatchback,Clear,Low,3.7,1,39.99
1483,13-03-2023 08:00,8,0,3,0,1,Midtown,Chinatown,10.43880531,34,1,UberX,Van,Clear,Medium,4.4,1,22.38
1484,15-07-2023 23:00,23,5,7,1,0,Soho,Upper East,10.60759889,39,1,Lyft,Sedan,Clear,Medium,4.5,1,20.08
1485,01-10-2023 11:00,11,6,10,1,0,Soho,Financial District,18.00344568,57,1,LyftPlus,Van,Rainy,Very Heavy,4.8,1,36.37
1486,23-08-2023 15:00,15,2,8,0,0,Upper East,Downtown,11.13504656,41,1,Standard,Sedan,Clear,Low,4.8,1,20.99
1487,28-02-2023 02:00,2,1,2,0,0,Chinatown,Upper West,16.42288323,54,1,UberXL,Van,Snowy,Medium,3.6,1,34.45
1488,17-07-2023 04:00,4,0,7,0,0,Downtown,East Village,6.736097984,22,1,UberX,Van,Clear,Very Heavy,4.8,1,21.37
1489,04-06-2023 18:00,18,6,6,1,1,Financial District,Downtown,11.86736544,40,1,UberX,Sedan,Rainy,Medium,3.6,1,25.65
1490,23-01-2023 01:00,1,0,1,0,0,Tribeca,Soho,11.15610458,40,1,Lyft,SUV,Clear,Low,3.7,1,22.23
1491,04-05-2023 06:00,6,3,5,0,0,Tribeca,Brooklyn,12.70071124,34,1,Standard,SUV,Clear,,3.7,1,25.5
1492,26-11-2023 08:00,8,6,11,1,1,Queens,Downtown,7.332961917,29,1,UberX,Sedan,Rainy,High,3.8,1,20.53
1493,30-05-2023 15:00,15,1,5,0,0,Soho,Downtown,21.95854547,66,4,UberX,Sedan,Cloudy,Medium,4.7,1,42.85
1494,15-10-2023 07:00,7,6,10,1,1,Upper West,Chinatown,17.82963963,57,1,Lyft,Sedan,Rainy,,4.5,2,51.14
1495,22-01-2023 21:00,21,6,1,1,0,Brooklyn,Upper West,13.02546675,43,3,Lyft,SUV,Rainy,Low,4.5,1,25.37
1496,27-09-2023 21:00,21,2,9,0,0,Upper West,Chinatown,18.14431598,51,1,UberX,SUV,Rainy,Very Heavy,4.9,1,35.68
1497,01-01-2023 01:00,1,6,1,1,0,Tribeca,Upper West,23.0250898,72,1,LyftPlus,Van,Clear,High,4.1,1,38.35
1498,16-01-2023 14:00,14,0,1,0,0,Upper West,Downtown,7.699877612,29,1,UberX,Sedan,Rainy,Medium,3.5,1,20.68
1499,13-07-2023 16:00,16,3,7,0,0,Upper East,Brooklyn,8.691626575,36,1,Standard,SUV,Rainy,High,4.5,1,18.22
1500,09-04-2023 13:00,13,6,4,1,0,Midtown,Financial District,13.54060078,48,1,UberX,Sedan,Clear,Low,4.8,1,23.19
1501,05-03-2023 13:00,13,6,3,1,0,Tribeca,Tribeca,20.32725673,68,1,UberX,SUV,Clear,Low,5,2,42.15
1502,10-03-2023 14:00,14,4,3,0,0,Tribeca,Brooklyn,2.498964305,6,1,UberX,Van,Rainy,Very Heavy,4,1.5,20.84
1503,01-01-2023 13:00,13,6,1,1,0,Midtown,Brooklyn,24.46929575,77,3,UberX,Sedan,Cloudy,Low,4.7,2,54.12
1504,11-07-2023 15:00,15,1,7,0,0,Financial District,Brooklyn,14.41685602,53,5,UberXL,Sedan,Clear,Low,4.8,1,24.17
1505,05-04-2023 22:00,22,2,4,0,0,Midtown,Lower East Side,11.3623279,42,1,Lyft,SUV,Cloudy,Medium,3.7,1,22.82
1506,12-05-2023 11:00,11,4,5,0,0,Lower East Side,Financial District,8.719152836,29,1,UberXL,Sedan,Cloudy,Low,4.4,1,17.28
1507,13-12-2023 17:00,17,2,12,0,1,Upper West,Queens,7.428188338,27,1,Lyft,Sedan,Clear,High,3.8,1,19.31
1508,08-06-2023 22:00,22,3,6,0,0,Upper East,Queens,19.63684383,66,1,UberX,Sedan,Rainy,Very Heavy,4.2,1,38.39
1509,15-05-2023 00:00,0,0,5,0,0,Queens,Brooklyn,21.25566746,71,1,UberX,Sedan,Clear,Medium,4.8,1.5,43.83
1510,09-12-2023 11:00,11,5,12,1,0,Financial District,Tribeca,10.8667007,37,1,Standard,SUV,Clear,Medium,4.7,1,20.17
1511,30-03-2023 01:00,1,3,3,0,0,East Village,Chinatown,24.41169569,77,2,LyftPlus,Van,Clear,Medium,4.4,1,44.89
1512,01-07-2023 12:00,12,5,7,1,0,Queens,Soho,21.89588358,72,1,UberX,SUV,Cloudy,Low,4.7,1,35.5
1513,19-08-2023 23:00,23,5,8,1,0,Downtown,Midtown,6.717647687,28,1,UberXL,Sedan,Clear,Medium,3.7,1,16.38
1514,09-07-2023 19:00,19,6,7,1,1,Downtown,Queens,13.92430443,45,3,Lyft,Sedan,Cloudy,Low,3.8,1,29.24
1515,22-10-2023 06:00,6,6,10,1,0,Downtown,East Village,19.17573523,56,1,UberX,Van,Clear,Medium,3.8,1,32.87
1516,21-05-2023 14:00,14,6,5,1,0,Chinatown,Upper West,13.1997451,44,1,Lyft,Van,Cloudy,Medium,4.7,1,22.28
1517,25-09-2023 22:00,22,0,9,0,0,Downtown,Financial District,16.22931769,49,2,UberXL,Sedan,Cloudy,Very Heavy,4.8,1.5,36.66
1518,25-05-2023 10:00,10,3,5,0,1,Upper East,Financial District,5.378739901,26,1,UberX,Van,Cloudy,High,4.3,1,15.15
1519,09-05-2023 09:00,9,1,5,0,1,Queens,Midtown,12.48701716,39,1,UberX,Van,Rainy,High,4.9,1,30.02
1520,27-01-2023 05:00,5,4,1,0,0,Soho,Queens,19.39264518,62,1,Lyft,Sedan,Cloudy,Medium,4.6,1,33.72
1521,12-01-2023 05:00,5,3,1,0,0,Brooklyn,Tribeca,3.463589129,13,1,UberX,Hatchback,Clear,High,4.3,2,23.61
1522,27-08-2023 12:00,12,6,8,1,0,Financial District,Tribeca,18.54925087,59,3,UberX,SUV,Clear,Very Heavy,4.4,1,37.48
1523,03-09-2023 17:00,17,6,9,1,1,Chinatown,Upper West,21.79957215,72,1,Lyft,Sedan,Clear,Very Heavy,4.8,2.5,57.01
1524,24-05-2023 00:00,0,2,5,0,0,East Village,Brooklyn,8.590478857,33,1,Lyft,Sedan,Rainy,Low,3.6,1,18.71
1525,19-09-2023 12:00,12,1,9,0,0,Upper West,Soho,9.245309084,34,1,UberX,Sedan,Clear,Medium,3.8,2.5,31.98
1526,03-09-2023 15:00,15,6,9,1,0,Lower East Side,Queens,12.32637593,44,4,LyftPlus,Van,Clear,Medium,3.9,1,24.75
1527,24-10-2023 11:00,11,1,10,0,0,Tribeca,Tribeca,16.25725885,52,1,Lyft,Hatchback,Cloudy,Medium,4.8,1,29.7
1528,05-10-2023 08:00,8,3,10,0,1,Downtown,Midtown,5.716921952,18,1,UberX,Sedan,Rainy,Very Heavy,4.9,1,19.55
1529,24-01-2023 23:00,23,1,1,0,0,East Village,Upper West,9.841690631,32,4,UberXL,SUV,Cloudy,Medium,4,2.5,35.92
1530,20-10-2023 21:00,21,4,10,0,0,Tribeca,Downtown,15.01505557,51,4,Lyft,Sedan,Clear,Low,4.9,1.5,33.58
1531,12-09-2023 03:00,3,1,9,0,0,Brooklyn,Upper West,8.755931932,34,1,UberX,SUV,Clear,Medium,4.3,1,16.57
1532,14-05-2023 00:00,0,6,5,1,0,East Village,Lower East Side,4.890281219,15,1,UberXL,Hatchback,Clear,Medium,4.2,1,13.11
1533,13-05-2023 10:00,10,5,5,1,1,Lower East Side,Tribeca,3.128292221,13,1,Lyft,SUV,Clear,Very Heavy,4.7,1,15.99
1534,10-09-2023 04:00,4,6,9,1,0,Queens,Downtown,6.285477189,23,1,UberXL,Sedan,Clear,Medium,4.3,1,15.02
1535,24-04-2023 22:00,22,0,4,0,0,East Village,East Village,20.10624346,62,1,Lyft,Sedan,Clear,Medium,4.2,1,33.25
1536,12-09-2023 20:00,20,1,9,0,1,Chinatown,Upper East,24.89101367,81,1,UberXL,SUV,Clear,Medium,3.5,1,44.76
1537,29-05-2023 16:00,16,0,5,0,0,Downtown,Upper West,12.35360656,45,1,UberX,SUV,Clear,Low,3.5,1,23.62
1538,02-04-2023 19:00,19,6,4,1,1,Brooklyn,Midtown,13.55624574,53,1,UberXL,SUV,Clear,High,4.4,1.5,33.2
1539,27-02-2023 22:00,22,0,2,0,0,Upper West,Midtown,7.158822553,32,4,UberXL,SUV,Clear,High,3.6,1,17.66
1540,14-03-2023 14:00,14,1,3,0,0,Soho,Lower East Side,14.13012884,49,1,Lyft,Hatchback,Rainy,Medium,4.6,1,26.56
1541,22-03-2023 05:00,5,2,3,0,0,Midtown,Soho,6.25655974,22,1,Lyft,SUV,Rainy,Very Heavy,4.4,1,19.67
1542,26-01-2023 19:00,19,3,1,0,1,Chinatown,Brooklyn,16.6242017,56,6,UberXL,Van,Cloudy,Medium,4.2,1,34.34
1543,23-02-2023 02:00,2,3,2,0,0,Downtown,Upper West,23.41140198,69,1,Standard,Sedan,Clear,High,4.6,1,40.39
1544,09-02-2023 20:00,20,3,2,0,1,Tribeca,Tribeca,8.296167365,31,1,UberX,Van,Snowy,Very Heavy,5,1,21.8
1545,22-03-2023 19:00,19,2,3,0,1,Brooklyn,Upper East,20.39301719,67,1,UberX,Sedan,Cloudy,High,3.9,2,52.34
1546,14-06-2023 17:00,17,2,6,0,1,Queens,Lower East Side,3.970481791,17,1,UberX,SUV,Clear,Medium,4.3,1,12.33
1547,10-02-2023 08:00,8,4,2,0,1,Chinatown,Queens,11.32940237,36,1,UberX,SUV,Clear,Low,4.8,1,23.32
1548,12-01-2023 17:00,17,3,1,0,1,Upper East,Tribeca,7.292794886,29,1,Lyft,Sedan,Clear,High,3.5,1,21.7
1549,18-09-2023 22:00,22,0,9,0,0,Brooklyn,Midtown,12.21912697,38,1,UberX,Van,Rainy,Very Heavy,3.8,1,33.54
1550,14-02-2023 02:00,2,1,2,0,0,Tribeca,East Village,7.737241348,31,1,UberX,Sedan,Clear,Medium,4.3,1,17.48
1551,28-06-2023 21:00,21,2,6,0,0,Chinatown,Tribeca,11.96781251,42,1,UberX,SUV,Cloudy,Medium,4.3,1,23.8
1552,04-08-2023 18:00,18,4,8,0,1,Midtown,Financial District,11.58324356,41,1,Lyft,Hatchback,Clear,Medium,3.6,1,22.25
1553,18-10-2023 20:00,20,2,10,0,1,Midtown,Chinatown,9.563925497,30,1,LyftPlus,Sedan,Snowy,High,4.1,1.5,27.76
1554,21-02-2023 05:00,5,1,2,0,0,Financial District,Midtown,18.08150379,57,1,Lyft,Van,Cloudy,Low,4.3,1.5,32.39
1555,11-07-2023 01:00,1,1,7,0,0,Soho,Upper West,24.26632617,73,4,UberX,SUV,Snowy,High,4.1,1,47.1
1556,19-12-2023 19:00,19,1,12,0,1,Tribeca,East Village,12.70514603,45,1,Lyft,Van,Clear,High,4.6,1,25.76
1557,25-04-2023 04:00,4,1,4,0,0,Midtown,Financial District,7.812511737,28,1,UberX,SUV,Clear,Medium,4.7,1,15.64
1558,06-04-2023 09:00,9,3,4,0,1,Financial District,Downtown,10.95652661,36,1,UberX,SUV,Rainy,Low,4.2,1,25.99
1559,21-02-2023 15:00,15,1,2,0,0,Financial District,Upper East,21.65242997,69,1,LyftPlus,Sedan,Rainy,High,4.1,1,41.7
1560,12-08-2023 18:00,18,5,8,1,1,Chinatown,Midtown,16.58926372,57,2,UberXL,Hatchback,Clear,Low,4.6,1,30.56
1561,06-01-2023 05:00,5,4,1,0,0,Financial District,Upper West,13.90168276,43,2,UberX,Sedan,Rainy,Medium,4.3,1,28.5
1562,08-11-2023 09:00,9,2,11,0,1,Brooklyn,Financial District,6.736073851,23,1,UberXL,SUV,Clear,Low,4.8,1,14.16
1563,11-08-2023 14:00,14,4,8,0,0,Lower East Side,Financial District,13.37450102,40,2,UberX,Sedan,Clear,Medium,4.2,1.5,29.74
1564,03-11-2023 07:00,7,4,11,0,1,Financial District,Brooklyn,9.587168879,30,1,UberX,Sedan,Clear,Medium,4.4,2,29.11
1565,04-10-2023 14:00,14,2,10,0,0,Downtown,Financial District,23.04135249,73,2,UberXL,Sedan,Cloudy,High,3.7,1,43.38
1566,01-10-2023 18:00,18,6,10,1,1,Tribeca,Upper East,22.85040342,76,1,UberX,Van,Clear,High,4.8,1,45.03
1567,16-05-2023 09:00,9,1,5,0,1,Downtown,East Village,5.594136567,23,1,Standard,SUV,Rainy,Very Heavy,4.1,1,22.38
1568,13-11-2023 11:00,11,0,11,0,0,Upper East,Lower East Side,14.68831321,52,4,Lyft,SUV,Clear,Medium,4.6,2,38.27
1569,20-09-2023 06:00,6,2,9,0,0,Midtown,East Village,6.109200844,25,1,LyftPlus,Hatchback,Rainy,Low,4.1,1.5,21.05
1570,29-09-2023 23:00,23,4,9,0,0,Soho,Financial District,10.4509271,33,4,Lyft,Hatchback,Cloudy,Medium,3.5,1.5,28.74
1571,28-08-2023 21:00,21,0,8,0,0,Financial District,Upper West,21.47242398,74,1,Lyft,Sedan,Clear,Low,4.1,1,35.92
1572,24-03-2023 01:00,1,4,3,0,0,Queens,Midtown,11.88807275,42,1,UberXL,SUV,Clear,Low,3.7,1,22.01
1573,07-02-2023 03:00,3,1,2,0,0,Queens,Upper West,13.84077253,51,1,UberX,Van,Rainy,Medium,4.1,1,25.73
1574,06-07-2023 06:00,6,3,7,0,0,Midtown,Lower East Side,10.99864847,43,1,Lyft,Sedan,Cloudy,Medium,4,1.5,26.28
1575,26-10-2023 23:00,23,3,10,0,0,Upper East,Chinatown,8.765542706,31,1,UberX,SUV,Clear,Low,3.8,1.5,20.72
1576,13-12-2023 16:00,16,2,12,0,0,Queens,Soho,21.94081665,69,1,UberX,SUV,Clear,Medium,3.7,1,35.79
1577,11-10-2023 20:00,20,2,10,0,1,Lower East Side,Midtown,17.07620761,49,1,UberXL,Sedan,Clear,Medium,4.6,1,33.18
1578,10-11-2023 07:00,7,4,11,0,1,Downtown,Downtown,14.38160115,48,2,Lyft,Van,Clear,Medium,4.6,1.5,34.83
1579,12-07-2023 04:00,4,2,7,0,0,Lower East Side,Chinatown,7.222104011,26,1,Standard,Sedan,Clear,High,3.9,1,13.58
1580,19-02-2023 22:00,22,6,2,1,0,East Village,Upper East,10.20176656,33,2,UberX,Sedan,Cloudy,Low,4.2,2,29.68
1581,07-08-2023 06:00,6,0,8,0,0,Brooklyn,Chinatown,22.94956721,72,1,UberXL,Van,Clear,Medium,4.2,1,38.82
1582,11-09-2023 17:00,17,0,9,0,1,Upper West,Upper West,15.64887798,53,1,LyftPlus,Hatchback,Clear,Low,4,1,28.04
1583,18-09-2023 17:00,17,0,9,0,1,Queens,Brooklyn,13.78133004,40,1,UberX,Sedan,Cloudy,Low,3.9,1,24.25
1584,18-11-2023 01:00,1,5,11,1,0,Soho,East Village,14.12268722,51,5,UberX,Sedan,Clear,High,3.8,1,29.88
1585,04-06-2023 23:00,23,6,6,1,0,Financial District,Financial District,17.96758619,61,1,UberX,Van,Rainy,Medium,4.8,1,33.58
1586,13-01-2023 14:00,14,4,1,0,0,Soho,Midtown,9.526994738,32,1,LyftPlus,Sedan,Rainy,High,4.7,2,31.87
1587,11-02-2023 02:00,2,5,2,1,0,Tribeca,Lower East Side,6.281362388,23,2,UberX,SUV,Clear,Medium,4.1,2.5,31.08
1588,05-07-2023 00:00,0,2,7,0,0,Brooklyn,Financial District,14.54239181,49,1,UberX,Sedan,Clear,Medium,4.6,1,27.66
1589,24-07-2023 13:00,13,0,7,0,0,Downtown,Downtown,16.60418263,57,2,UberXL,Van,Clear,,4.2,1,30.51
1590,09-05-2023 00:00,0,1,5,0,0,Upper East,Soho,18.88441429,67,1,LyftPlus,Hatchback,Clear,High,3.6,1,36.17
1591,11-05-2023 04:00,4,3,5,0,0,Brooklyn,Financial District,23.06344947,72,1,Standard,SUV,Clear,Low,4.7,1,36.31
1592,05-12-2023 13:00,13,1,12,0,0,Upper West,Upper West,9.101439691,36,1,UberXL,Hatchback,Snowy,High,3.8,2,32.84
1593,18-05-2023 03:00,3,3,5,0,0,East Village,Midtown,4.125646204,16,1,Standard,Van,Clear,Medium,4.6,1,13.36
1594,18-06-2023 01:00,1,6,6,1,0,Chinatown,Brooklyn,24.12134504,76,2,UberX,Van,Cloudy,Medium,4.3,1,41.97
1595,01-08-2023 17:00,17,1,8,0,1,Queens,Downtown,11.50349485,38,2,UberX,Hatchback,Clear,High,4.5,2,37.55
1596,30-01-2023 07:00,7,0,1,0,1,Upper East,Tribeca,16.94784937,59,1,Standard,Hatchback,Cloudy,Very Heavy,4.2,1,35.44
1597,05-12-2023 21:00,21,1,12,0,0,Upper East,Upper East,17.54088739,55,3,UberXL,Sedan,Rainy,Low,4.6,1.5,38.92
1598,24-01-2023 22:00,22,1,1,0,0,Queens,Soho,14.57471097,49,1,UberX,Sedan,Cloudy,High,3.5,1,29.03
1599,26-08-2023 16:00,16,5,8,1,0,Queens,Upper West,6.651174042,23,1,UberXL,Hatchback,Clear,Low,3.6,2.5,28.27
1600,24-11-2023 00:00,0,4,11,0,0,Queens,Upper East,19.88655489,63,1,Lyft,Hatchback,Clear,Medium,4.8,1.5,39.61
1601,06-08-2023 00:00,0,6,8,1,0,Queens,Lower East Side,19.91905581,68,1,LyftPlus,Van,Clear,High,4.6,2,44.4
1602,16-10-2023 12:00,12,0,10,0,0,Queens,Brooklyn,13.4324491,45,1,LyftPlus,Sedan,Rainy,Medium,4.7,2.5,41.03
1603,09-06-2023 12:00,12,4,6,0,0,Upper East,Upper East,13.77044486,44,1,Lyft,SUV,Cloudy,Low,4.2,1,25.47
1604,15-05-2023 14:00,14,0,5,0,0,Midtown,East Village,4.267616769,16,1,LyftPlus,SUV,Clear,Medium,4.2,1,12.56
1605,21-01-2023 08:00,8,5,1,1,1,Midtown,Lower East Side,3.200740253,15,2,UberXL,Hatchback,Cloudy,High,4.3,1,12.78
1606,24-10-2023 10:00,10,1,10,0,1,Soho,Midtown,10.59994868,36,2,Lyft,Sedan,Cloudy,Medium,3.9,1.5,31.53
1607,13-05-2023 05:00,5,5,5,1,0,Midtown,Upper East,9.675706265,34,1,Lyft,Hatchback,Clear,Low,4.6,1,20.43
1608,11-03-2023 11:00,11,5,3,1,0,Upper West,Upper West,23.1141053,73,1,UberXL,Sedan,Clear,Medium,4.7,2,47.93
1609,21-06-2023 10:00,10,2,6,0,1,Midtown,Tribeca,20.46864058,69,1,UberX,SUV,Cloudy,Very Heavy,4.9,1,40.07
1610,29-05-2023 01:00,1,0,5,0,0,Upper East,East Village,17.94226681,60,2,UberX,SUV,Clear,High,4.3,2,43.72
1611,20-11-2023 09:00,9,0,11,0,1,Queens,East Village,14.6280865,48,1,Lyft,Sedan,Cloudy,High,4.1,1,32.71
1612,11-02-2023 16:00,16,5,2,1,0,Lower East Side,Upper East,6.885610431,26,1,UberX,Hatchback,Cloudy,High,4.7,1,17.84
1613,27-02-2023 20:00,20,0,2,0,1,Financial District,Soho,22.92066376,71,4,UberX,Van,Clear,Low,4.6,1,40.62
1614,16-08-2023 02:00,2,2,8,0,0,Financial District,Queens,12.54413241,42,1,UberX,Sedan,,Medium,4.8,1,23.52
1615,04-06-2023 16:00,16,6,6,1,0,Upper West,Lower East Side,5.909833782,20,1,UberX,Hatchback,Clear,Medium,4.5,1,10.68
1616,26-02-2023 23:00,23,6,2,1,0,Tribeca,Soho,12.91278479,44,1,Lyft,Sedan,Cloudy,Low,4.8,1,23.4
1617,08-12-2023 05:00,5,4,12,0,0,Upper East,Chinatown,22.2161982,71,1,UberX,Hatchback,Clear,Low,3.6,1,39.75
1618,19-01-2023 22:00,22,3,1,0,0,Downtown,Financial District,22.69869298,72,4,UberX,Sedan,Clear,High,4.5,1.5,46.8
1619,26-04-2023 12:00,12,2,4,0,0,Lower East Side,Upper West,3.201910197,15,1,Lyft,Sedan,Cloudy,Low,3.6,1,9.63
1620,05-06-2023 06:00,6,0,6,0,0,Brooklyn,Queens,24.29156738,78,1,LyftPlus,Hatchback,Clear,Medium,4.6,1,41.45
1621,29-10-2023 08:00,8,6,10,1,1,Soho,Midtown,7.027401088,29,1,UberX,SUV,Rainy,Medium,4.4,2,26.88
1622,20-07-2023 06:00,6,3,7,0,0,Downtown,East Village,2.381194567,14,1,UberX,Sedan,Clear,Low,3.5,1.5,14.68
1623,02-04-2023 06:00,6,6,4,1,0,Upper East,Upper West,19.35245011,65,1,Standard,Van,Clear,Medium,4.4,1,32.65
1624,30-04-2023 19:00,19,6,4,1,1,Midtown,Lower East Side,22.08494469,70,1,UberX,SUV,Rainy,High,3.7,1.5,47.58
1625,22-08-2023 00:00,0,1,8,0,0,Queens,Brooklyn,16.66109869,55,1,Standard,SUV,Clear,,3.7,2.5,44.34
1626,02-03-2023 00:00,0,3,3,0,0,Chinatown,Financial District,15.99914169,58,1,UberX,SUV,Snowy,Low,3.7,2,39.57
1627,10-09-2023 11:00,11,6,9,1,0,Downtown,Tribeca,20.5995217,66,1,UberX,Hatchback,Clear,High,4.2,1.5,40.34
1628,20-10-2023 02:00,2,4,10,0,0,Brooklyn,Financial District,20.70535045,67,1,UberX,Sedan,Clear,Medium,3.7,1,37.66
1629,24-10-2023 13:00,13,1,10,0,0,Tribeca,Upper West,22.2858709,72,5,UberX,Sedan,Clear,High,3.7,1,42.27
1630,05-05-2023 13:00,13,4,5,0,0,Financial District,Midtown,15.90116953,52,1,LyftPlus,Sedan,Rainy,Low,3.9,1,30.84
1631,17-09-2023 12:00,12,6,9,1,0,Tribeca,East Village,25.3955303,85,4,Standard,SUV,Clear,High,3.5,1,45.79
1632,27-09-2023 15:00,15,2,9,0,0,Brooklyn,Downtown,7.068811968,24,1,Standard,Sedan,Clear,Medium,3.9,1,14.97
1633,30-04-2023 07:00,7,6,4,1,1,Queens,Downtown,24.62759282,82,2,LyftPlus,SUV,Cloudy,Medium,4.4,1,45.12
1634,19-02-2023 01:00,1,6,2,1,0,Midtown,Upper West,5.438316035,23,1,LyftPlus,Sedan,Clear,Low,4.4,1,11.98
1635,18-07-2023 08:00,8,1,7,0,1,Brooklyn,Upper East,23.11539599,74,1,Lyft,Hatchback,Clear,Low,5,1,38.71
1636,01-01-2023 11:00,11,6,1,1,0,Soho,Soho,13.18264761,43,1,LyftPlus,Hatchback,Clear,High,3.7,1,25.28
1637,07-08-2023 20:00,20,0,8,0,1,Brooklyn,Lower East Side,12.62412225,42,1,UberX,Sedan,Clear,Low,4.8,1,25.4
1638,03-07-2023 07:00,7,0,7,0,1,Chinatown,Financial District,15.02153115,53,2,UberX,Sedan,Clear,Low,4.1,2,38.98
1639,10-12-2023 02:00,2,6,12,1,0,Upper East,Midtown,5.474787861,24,1,Lyft,Hatchback,Clear,Medium,4.1,1,13.57
1640,15-08-2023 21:00,21,1,8,0,0,Midtown,Lower East Side,14.99402802,52,1,LyftPlus,Hatchback,Clear,Medium,4,2.5,39.53
1641,01-10-2023 18:00,18,6,10,1,1,Queens,Financial District,22.003935,70,3,Lyft,Hatchback,Clear,Medium,3.7,1,41.54
1642,09-12-2023 04:00,4,5,12,1,0,Lower East Side,Brooklyn,8.612827067,30,1,LyftPlus,Sedan,Clear,Medium,4.2,1,18.38
1643,17-01-2023 22:00,22,1,1,0,0,Financial District,Downtown,11.87963715,42,1,UberXL,Van,Rainy,Medium,4.7,1,23.99
1644,04-07-2023 15:00,15,1,7,0,0,Financial District,Chinatown,22.74576658,72,1,Lyft,Hatchback,Rainy,Medium,4.8,1,41.57
1645,07-08-2023 11:00,11,0,8,0,0,Lower East Side,East Village,14.13486689,49,1,Standard,Sedan,Clear,Very Heavy,4.9,1,27.71
1646,30-09-2023 14:00,14,5,9,1,0,Brooklyn,Lower East Side,10.34290676,36,2,UberX,SUV,Cloudy,Medium,4.7,1.5,26.68
1647,17-10-2023 00:00,0,1,10,0,0,Upper East,Brooklyn,13.36880866,48,1,Standard,SUV,Cloudy,Medium,4.4,1.5,28.07
1648,22-06-2023 18:00,18,3,6,0,1,Downtown,Chinatown,15.53680228,47,1,UberXL,Sedan,Snowy,Medium,4.2,2,44.56
1649,06-01-2023 20:00,20,4,1,0,1,Tribeca,East Village,17.71014159,56,1,Lyft,Van,Clear,High,4.8,1,33.51
1650,23-07-2023 10:00,10,6,7,1,1,Tribeca,Financial District,21.21451329,67,1,LyftPlus,Hatchback,Rainy,Low,4.6,1,39.67
1651,08-09-2023 12:00,12,4,9,0,0,Tribeca,Lower East Side,13.62642461,47,1,UberXL,Sedan,,Medium,3.7,1,27.45
1652,10-02-2023 03:00,3,4,2,0,0,Chinatown,Midtown,22.04203371,69,1,UberXL,Van,Cloudy,Medium,4.5,1,39.79
1653,25-10-2023 23:00,23,2,10,0,0,Downtown,Downtown,15.05957628,56,1,UberXL,Sedan,Clear,Medium,4.1,1,28.19
1654,23-12-2023 20:00,20,5,12,1,1,Upper East,Financial District,10.40692915,32,2,UberX,SUV,Clear,Medium,4.4,1,24.14
1655,31-05-2023 10:00,10,2,5,0,1,Tribeca,Downtown,16.10597766,56,1,UberXL,Hatchback,Clear,High,4.8,2,44.5
1656,15-10-2023 06:00,6,6,10,1,0,Soho,Upper West,19.10801647,66,1,UberX,SUV,Clear,Low,4.5,1,32.09
1657,01-11-2023 15:00,15,2,11,0,0,Downtown,Chinatown,16.30541584,55,1,Standard,Sedan,Clear,Medium,4.9,1.5,35.46
1658,05-01-2023 09:00,9,3,1,0,1,Downtown,Tribeca,3.144807209,13,4,UberX,Sedan,Clear,High,4.8,1,12.55
1659,19-08-2023 19:00,19,5,8,1,1,Queens,Chinatown,6.508366531,24,1,UberXL,SUV,Clear,Medium,3.7,1,15.83
1660,10-10-2023 19:00,19,1,10,0,1,Queens,Tribeca,9.701922966,36,6,Standard,SUV,Cloudy,Low,3.5,1.5,30.56
1661,31-03-2023 01:00,1,4,3,0,0,Midtown,East Village,10.73012913,32,5,Standard,SUV,Cloudy,Medium,4.1,1,23.17
1662,05-07-2023 05:00,5,2,7,0,0,Soho,Financial District,16.65668845,53,2,Lyft,SUV,Clear,Very Heavy,4.8,1,32.3
1663,28-05-2023 02:00,2,6,5,1,0,Soho,Queens,4.197123046,15,1,Lyft,SUV,Clear,Low,3.8,1,9.47
1664,23-02-2023 14:00,14,3,2,0,0,Midtown,Downtown,4.642213092,20,1,UberX,SUV,Clear,Low,4.5,1,9.15
1665,21-10-2023 20:00,20,5,10,1,1,Soho,Downtown,18.95136652,65,1,UberX,SUV,Clear,Medium,4.2,1,35.07
1666,02-06-2023 06:00,6,4,6,0,0,Upper West,Queens,7.919526181,34,3,UberX,Sedan,Clear,Medium,4.6,1,16.01
1667,23-10-2023 22:00,22,0,10,0,0,East Village,Upper East,9.164938081,26,2,Lyft,Sedan,Clear,Medium,3.7,1,18.55
1668,09-04-2023 07:00,7,6,4,1,1,Tribeca,Lower East Side,15.11312266,47,5,UberX,SUV,Rainy,High,3.9,1.5,40.34
1669,04-12-2023 17:00,17,0,12,0,1,Queens,Financial District,7.522591944,26,1,Lyft,Sedan,Clear,Low,3.9,1,19.19
1670,26-12-2023 20:00,20,1,12,0,1,Midtown,Queens,12.71423747,44,1,UberX,Sedan,Clear,High,4.3,1,27.35
1671,26-09-2023 09:00,9,1,9,0,1,Midtown,Tribeca,21.33652005,71,1,UberXL,Sedan,Clear,Medium,3.9,1,36.47
1672,30-07-2023 07:00,7,6,7,1,1,Soho,Lower East Side,5.575110248,18,1,Lyft,Sedan,Clear,Very Heavy,4.7,1.5,24.52
1673,09-12-2023 19:00,19,5,12,1,1,Downtown,Downtown,13.21020538,45,1,LyftPlus,Sedan,Rainy,Very Heavy,4,1,33.02
1674,05-08-2023 19:00,19,5,8,1,1,Lower East Side,Chinatown,20.17949348,57,1,UberX,Sedan,Clear,Medium,4.5,1,35.83
1675,16-03-2023 22:00,22,3,3,0,0,Financial District,Tribeca,18.05479891,60,4,UberX,Sedan,Clear,Medium,4.9,1,34.32
1676,09-08-2023 11:00,11,2,8,0,0,Chinatown,Financial District,9.771154278,34,1,UberX,Sedan,Rainy,High,4.4,2,32.76
1677,17-08-2023 23:00,23,3,8,0,0,Brooklyn,Midtown,13.0221553,43,3,UberX,Sedan,Clear,,3.9,1,27.75
1678,19-09-2023 20:00,20,1,9,0,1,Brooklyn,Chinatown,19.70341212,62,3,Lyft,Sedan,Clear,Low,4.7,1,39.29
1679,31-10-2023 13:00,13,1,10,0,0,Midtown,Midtown,25.38011152,80,1,UberX,Hatchback,Clear,Very Heavy,3.5,1,46.92
1680,24-02-2023 04:00,4,4,2,0,0,Tribeca,East Village,22.52294939,73,1,UberX,Sedan,Clear,Medium,3.9,1,39.99
1681,14-10-2023 05:00,5,5,10,1,0,Upper West,Lower East Side,11.25868192,43,1,LyftPlus,SUV,Clear,Low,4.1,1,22.74
1682,10-05-2023 01:00,1,2,5,0,0,Tribeca,Tribeca,23.15031022,70,1,UberXL,Sedan,Rainy,High,3.8,2,54.77
1683,12-07-2023 08:00,8,2,7,0,1,Midtown,Tribeca,3.47086884,14,1,UberX,Sedan,Clear,Medium,4.4,1,12.69
1684,01-01-2023 09:00,9,6,1,1,1,Tribeca,Tribeca,5.340339635,22,1,UberX,SUV,Clear,Low,4.3,1,13.2
1685,28-08-2023 16:00,16,0,8,0,0,Queens,Upper East,20.42911387,66,6,UberX,SUV,Cloudy,Low,4.1,1,35.39
1686,20-09-2023 07:00,7,2,9,0,1,Tribeca,Tribeca,8.303632631,30,1,UberXL,Sedan,Clear,Medium,3.9,1,19.09
1687,20-07-2023 15:00,15,3,7,0,0,Soho,Midtown,6.109907757,21,1,Lyft,Sedan,Snowy,Very Heavy,4.2,1,19.71
1688,14-02-2023 16:00,16,1,2,0,0,Soho,Upper East,8.906464481,34,2,Lyft,Sedan,Clear,Very Heavy,3.9,1,21.94
1689,15-05-2023 09:00,9,0,5,0,1,Upper West,East Village,13.39961011,38,1,UberX,Hatchback,Rainy,Medium,3.8,2,36.45
1690,24-02-2023 20:00,20,4,2,0,1,Queens,Upper West,17.5029855,54,1,Lyft,Sedan,Rainy,High,4,1,36.21
1691,26-08-2023 11:00,11,5,8,1,0,Financial District,Brooklyn,15.8004575,58,2,UberXL,Sedan,Cloudy,Medium,4.4,1,29.11
1692,11-10-2023 15:00,15,2,10,0,0,Downtown,East Village,9.657402053,30,1,UberXL,Hatchback,Clear,High,4.5,1,18.65
1693,06-10-2023 02:00,2,4,10,0,0,Lower East Side,Soho,15.03230001,47,1,LyftPlus,Sedan,Clear,Medium,3.9,2,38.21
1694,03-06-2023 11:00,11,5,6,1,0,Queens,Upper East,23.87273138,74,4,UberX,Sedan,Clear,Medium,4.9,1.5,48.25
1695,29-10-2023 03:00,3,6,10,1,0,Upper East,Midtown,20.66555949,65,1,UberX,Sedan,Cloudy,Medium,3.9,1.5,41.54
1696,17-05-2023 09:00,9,2,5,0,1,East Village,Midtown,10.39479631,36,1,LyftPlus,Sedan,Clear,Low,4.6,1,18.93
1697,19-10-2023 16:00,16,3,10,0,0,Lower East Side,Financial District,26.34796711,87,1,UberX,Sedan,Cloudy,Low,3.6,1,43.57
1698,07-01-2023 01:00,1,5,1,1,0,Midtown,Downtown,4.898097628,21,1,UberX,Van,,Medium,4.5,1,13.2
1699,28-07-2023 18:00,18,4,7,0,1,Lower East Side,Tribeca,19.2888999,62,4,Lyft,Hatchback,Clear,Very Heavy,4.2,1,41.38
1700,07-05-2023 16:00,16,6,5,1,0,Upper East,Lower East Side,5.046865785,25,2,Lyft,Sedan,Clear,Very Heavy,4.4,1,15.8
1701,21-01-2023 02:00,2,5,1,1,0,Upper West,Midtown,3.10768477,13,1,LyftPlus,Sedan,Clear,High,3.8,2,21.88
1702,13-05-2023 11:00,11,5,5,1,0,Upper East,Tribeca,6.116290235,23,5,UberX,SUV,Cloudy,Low,4.2,1,14.12
1703,22-02-2023 01:00,1,2,2,0,0,Soho,Queens,20.53984236,66,2,UberX,SUV,Clear,Medium,4.6,1,37.13
1704,27-01-2023 06:00,6,4,1,0,0,Tribeca,Downtown,7.612386314,30,1,UberX,Hatchback,Cloudy,Medium,4.7,1,15.96
1705,29-04-2023 20:00,20,5,4,1,1,Downtown,Queens,13.5723663,42,1,UberXL,SUV,Clear,Medium,3.9,1,26.26
1706,11-02-2023 03:00,3,5,2,1,0,Brooklyn,Lower East Side,4.74044336,16,1,UberX,Sedan,Rainy,Low,4,1,14.04
1707,14-11-2023 14:00,14,1,11,0,0,Midtown,Chinatown,22.27390765,74,1,Lyft,Sedan,Rainy,Medium,3.5,1,40.86
1708,02-11-2023 07:00,7,3,11,0,1,Lower East Side,Tribeca,11.63363516,45,1,UberX,Van,Clear,Low,3.6,1,23.27
1709,15-02-2023 20:00,20,2,2,0,1,Brooklyn,Upper East,22.72713842,72,1,UberX,Sedan,Clear,High,3.7,2.5,58.54
1710,05-10-2023 04:00,4,3,10,0,0,Tribeca,Soho,23.54881845,71,1,UberXL,Hatchback,Clear,High,3.9,2.5,56.77
1711,26-12-2023 16:00,16,1,12,0,0,Soho,Downtown,3.975748877,13,3,Standard,SUV,Clear,Medium,4.6,1,10.27
1712,06-11-2023 05:00,5,0,11,0,0,Soho,Lower East Side,11.5315475,42,2,LyftPlus,Sedan,Cloudy,Medium,4.3,1,22.81
1713,29-07-2023 00:00,0,5,7,1,0,Tribeca,Upper East,3.505530385,10,1,Standard,Sedan,Snowy,Low,4.7,1,9.17
1714,02-02-2023 01:00,1,3,2,0,0,Midtown,Midtown,22.98033966,74,3,UberXL,Sedan,Rainy,Medium,4.6,1,43.93
1715,25-02-2023 23:00,23,5,2,1,0,Brooklyn,Soho,14.11935747,46,1,UberX,SUV,Rainy,Medium,4.4,1.5,31.32
1716,01-07-2023 14:00,14,5,7,1,0,Queens,Upper West,4.099230481,15,1,UberX,SUV,Clear,High,4.2,1,15.46
1717,10-10-2023 12:00,12,1,10,0,0,Soho,Midtown,4.716028965,16,1,Lyft,SUV,Clear,Low,4.9,1,8.94
1718,03-10-2023 02:00,2,1,10,0,0,Brooklyn,Brooklyn,11.71964903,42,3,UberX,Sedan,Cloudy,Medium,4.4,1,24.8
1719,08-04-2023 21:00,21,5,4,1,0,Financial District,East Village,22.67506578,75,4,UberX,Sedan,Clear,Low,4.2,1,41.73
1720,26-08-2023 11:00,11,5,8,1,0,Lower East Side,Downtown,18.40518626,63,2,UberX,Hatchback,Rainy,Medium,4.8,1,35.1
1721,21-02-2023 17:00,17,1,2,0,1,Brooklyn,Lower East Side,21.53471012,71,4,UberXL,Van,Rainy,Low,3.6,1,41.02
1722,16-02-2023 21:00,21,3,2,0,0,Financial District,Brooklyn,10.5756407,36,1,UberX,Van,Clear,Medium,4.5,1.5,25.66
1723,09-10-2023 20:00,20,0,10,0,1,Financial District,Tribeca,4.147692546,17,3,UberX,SUV,Clear,Medium,3.7,1,13.07
1724,01-08-2023 13:00,13,1,8,0,0,Soho,Downtown,23.93739727,79,1,UberXL,Sedan,Rainy,High,4.7,1,41.02
1725,23-11-2023 19:00,19,3,11,0,1,Midtown,Chinatown,4.644850457,13,1,UberX,Sedan,Clear,Low,4.7,2.5,28.01
1726,04-01-2023 00:00,0,2,1,0,0,Upper West,Chinatown,23.70827034,77,1,UberXL,Sedan,Cloudy,Low,4.3,1,36.37
1727,17-08-2023 00:00,0,3,8,0,0,Soho,East Village,12.15755169,39,1,Lyft,Hatchback,Clear,High,4.5,2,32.43
1728,05-08-2023 05:00,5,5,8,1,0,Lower East Side,Downtown,2.460061066,13,1,UberX,SUV,Clear,Low,4.7,1,6.93
1729,14-04-2023 00:00,0,4,4,0,0,Lower East Side,Upper East,17.37735772,54,1,Lyft,SUV,Clear,Low,4.2,2,38.48
1730,30-01-2023 11:00,11,0,1,0,0,Midtown,Queens,10.33694449,38,1,UberX,Hatchback,Rainy,Medium,4.9,1,22.79
1731,17-03-2023 04:00,4,4,3,0,0,Midtown,Financial District,24.07972911,79,1,UberXL,Sedan,Clear,High,4.2,1,44.92
1732,07-10-2023 08:00,8,5,10,1,1,Upper East,Upper East,24.01116,74,1,Lyft,Van,Clear,Medium,4.8,1.5,47.23
1733,04-06-2023 17:00,17,6,6,1,1,Tribeca,East Village,6.617642267,23,1,Standard,Sedan,Clear,Low,4.4,1.5,19.31
1734,30-07-2023 11:00,11,6,7,1,0,Tribeca,Lower East Side,7.684802478,26,1,Lyft,Sedan,Clear,Medium,4.1,1,19.13
1735,14-04-2023 03:00,3,4,4,0,0,Lower East Side,Chinatown,16.06665151,53,4,UberX,Hatchback,Clear,High,3.5,1,33.38
1736,31-05-2023 10:00,10,2,5,0,1,Tribeca,Downtown,18.15634745,65,2,UberXL,Van,Clear,Medium,3.9,2,46.17
1737,27-06-2023 07:00,7,1,6,0,1,East Village,Upper East,18.37989273,54,1,UberX,Hatchback,Clear,Low,4.8,1,33.94
1738,05-11-2023 05:00,5,6,11,1,0,Chinatown,Queens,7.013932135,27,4,UberXL,Hatchback,Clear,High,4.1,1,18.1
1739,14-03-2023 07:00,7,1,3,0,1,Soho,Brooklyn,23.09798836,75,1,UberX,Hatchback,Clear,Medium,4.1,1,41.03
1740,11-12-2023 02:00,2,0,12,0,0,Midtown,Upper East,17.46649806,55,1,UberXL,SUV,Clear,Low,4.2,1,28.17
1741,29-11-2023 11:00,11,2,11,0,0,Upper East,Tribeca,23.43928735,70,1,UberX,SUV,Clear,High,3.9,1,42.8
1742,12-04-2023 04:00,4,2,4,0,0,Financial District,Brooklyn,13.68501753,45,1,Lyft,Sedan,Clear,Medium,4.2,1.5,31.01
1743,06-11-2023 10:00,10,0,11,0,1,Upper West,East Village,12.80163836,39,1,Lyft,Sedan,Clear,High,4.1,1.5,33.62
1744,22-12-2023 13:00,13,4,12,0,0,Upper West,Brooklyn,25.54666465,83,1,UberX,SUV,Snowy,Low,4.9,2.5,56.56
1745,07-08-2023 17:00,17,0,8,0,1,Financial District,Downtown,14.91394219,45,1,LyftPlus,Hatchback,Clear,Medium,4.3,1,30.62
1746,09-08-2023 11:00,11,2,8,0,0,Brooklyn,Soho,22.50754702,72,1,Lyft,Sedan,Rainy,Medium,4.8,1,39.67
1747,28-04-2023 09:00,9,4,4,0,1,Brooklyn,Soho,23.61249955,73,2,UberX,Sedan,Clear,Medium,4.5,1,39.52
1748,11-06-2023 10:00,10,6,6,1,1,Tribeca,Upper West,17.7366359,61,1,UberX,Van,,Medium,3.8,1,32.26
1749,25-06-2023 11:00,11,6,6,1,0,Soho,Tribeca,14.68359903,53,2,Lyft,SUV,Cloudy,High,4.8,1,28.37
1750,28-01-2023 13:00,13,5,1,1,0,East Village,Downtown,2.852363342,12,1,UberX,Van,Clear,Medium,3.6,1,8.4
1751,21-05-2023 14:00,14,6,5,1,0,Upper East,East Village,5.035961873,16,4,Standard,Hatchback,Cloudy,High,4.2,1,15.97
1752,09-01-2023 15:00,15,0,1,0,0,Upper West,Midtown,7.339585614,32,1,UberX,SUV,Clear,Low,3.9,1,15.25
1753,22-04-2023 01:00,1,5,4,1,0,Chinatown,Soho,6.490516324,24,3,UberX,Sedan,Clear,High,4.3,1,16.91
1754,14-04-2023 21:00,21,4,4,0,0,Lower East Side,East Village,8.673691056,31,2,Standard,Sedan,Clear,Medium,4,2,27.8
1755,11-10-2023 21:00,21,2,10,0,0,Tribeca,Brooklyn,7.586428617,27,1,Standard,Sedan,Clear,Low,4.6,1.5,19.79
1756,27-01-2023 08:00,8,4,1,0,1,Downtown,Upper East,9.183103912,31,1,UberX,SUV,Clear,Low,4.9,1.5,24.06
1757,09-05-2023 11:00,11,1,5,0,0,Tribeca,Soho,12.17003199,40,1,Lyft,Sedan,Clear,Low,4.6,1.5,28.36
1758,04-06-2023 23:00,23,6,6,1,0,Lower East Side,Downtown,12.10648387,35,4,UberX,Hatchback,Clear,Medium,4,1,23.74
1759,24-10-2023 19:00,19,1,10,0,1,Downtown,Soho,4.697025433,24,1,Lyft,SUV,Rainy,Medium,4.4,1.5,20.68
1760,11-03-2023 23:00,23,5,3,1,0,Queens,Queens,4.104932311,17,1,LyftPlus,Sedan,Clear,Very Heavy,4.8,1.5,21.23
1761,10-01-2023 20:00,20,1,1,0,1,Midtown,Queens,12.73661993,42,1,UberX,Hatchback,Clear,High,3.9,1,25.83
1762,07-11-2023 06:00,6,1,11,0,0,Chinatown,Queens,19.15551931,65,1,UberX,Sedan,Clear,High,3.7,2,44.84
1763,05-07-2023 03:00,3,2,7,0,0,Financial District,Tribeca,14.37034003,46,1,UberX,Sedan,Clear,Medium,3.7,1,25.33
1764,10-10-2023 02:00,2,1,10,0,0,Midtown,Lower East Side,12.34315319,43,3,UberX,Sedan,Clear,High,4.2,1,24.03
1765,12-09-2023 03:00,3,1,9,0,0,Tribeca,Soho,16.73450646,52,1,UberX,Sedan,Clear,Medium,4.6,1,30.14
1766,23-12-2023 11:00,11,5,12,1,0,Midtown,Upper West,22.23810779,70,5,LyftPlus,Hatchback,Clear,,4.5,1,42.1
1767,09-04-2023 16:00,16,6,4,1,0,Upper East,Chinatown,12.46628569,44,1,UberX,SUV,Clear,Medium,4.2,1,26.75
1768,12-01-2023 21:00,21,3,1,0,0,Queens,East Village,19.27050797,63,1,UberXL,SUV,Cloudy,Low,4.6,1,32.54
1769,07-01-2023 04:00,4,5,1,1,0,East Village,Lower East Side,23.81758076,75,1,Lyft,SUV,Clear,Low,4.5,1,39.73
1770,18-06-2023 05:00,5,6,6,1,0,Queens,Queens,23.23522452,76,2,UberXL,SUV,Clear,Medium,4.4,1,40.97
1771,30-09-2023 21:00,21,5,9,1,0,Lower East Side,Brooklyn,11.47898733,37,1,UberXL,SUV,Clear,Low,3.8,2.5,35.51
1772,24-10-2023 17:00,17,1,10,0,1,Upper West,Downtown,15.79392337,49,1,UberX,Hatchback,Snowy,High,4,1.5,42.11
1773,23-07-2023 23:00,23,6,7,1,0,Upper East,Tribeca,6.794131389,24,1,Lyft,Sedan,Rainy,Very Heavy,4,1.5,24.94
1774,09-08-2023 00:00,0,2,8,0,0,Chinatown,Financial District,16.470875,53,1,UberX,Hatchback,Clear,Low,4.7,1,29.49
1775,12-02-2023 04:00,4,6,2,1,0,Midtown,Queens,11.52302061,38,2,Lyft,Hatchback,Clear,Medium,4.7,1,21.9
1776,27-04-2023 01:00,1,3,4,0,0,Chinatown,East Village,23.97268548,75,1,UberX,Sedan,Clear,High,3.9,1,40.78
1777,05-06-2023 05:00,5,0,6,0,0,Lower East Side,Brooklyn,15.42794723,53,1,Lyft,SUV,Clear,Medium,3.6,1,26.71
1778,10-07-2023 16:00,16,0,7,0,0,East Village,Downtown,24.11314232,81,1,Lyft,Hatchback,Rainy,Very Heavy,4.7,1,43.39
1779,29-08-2023 22:00,22,1,8,0,0,Midtown,Upper East,11.1689531,38,1,Lyft,Hatchback,Clear,High,4.1,1,25.1
1780,18-09-2023 17:00,17,0,9,0,1,Soho,Midtown,24.1236999,79,1,UberX,Sedan,Clear,Low,3.8,1,43.7
1781,11-04-2023 08:00,8,1,4,0,1,Soho,Brooklyn,16.57213289,52,1,UberX,Sedan,Clear,Low,3.7,1,29.44
1782,15-01-2023 04:00,4,6,1,1,0,Brooklyn,Upper West,2.29804729,11,1,LyftPlus,Sedan,Rainy,Very Heavy,3.5,1,12.1
1783,28-04-2023 09:00,9,4,4,0,1,Queens,Brooklyn,16.98812904,57,1,UberX,Sedan,Clear,Very Heavy,4.1,1,34.27
1784,15-04-2023 00:00,0,5,4,1,0,East Village,Brooklyn,9.732428096,31,1,UberX,Sedan,Cloudy,Medium,4,1.5,25.37
1785,06-09-2023 10:00,10,2,9,0,1,Soho,Lower East Side,1.433676977,11,1,Lyft,Sedan,Clear,Low,4.5,1,6
1786,09-08-2023 19:00,19,2,8,0,1,Brooklyn,Upper West,21.07434098,66,1,LyftPlus,Sedan,Rainy,Medium,5,1.5,45.94
1787,12-11-2023 14:00,14,6,11,1,0,Upper East,Upper East,7.087183853,29,1,UberX,Sedan,Clear,Medium,3.8,1,15.27
1788,12-03-2023 09:00,9,6,3,1,1,Chinatown,Tribeca,19.31897902,65,1,Lyft,Hatchback,Clear,Very Heavy,3.9,2,50.65
1789,17-05-2023 03:00,3,2,5,0,0,East Village,Soho,8.837815814,34,1,Lyft,Sedan,Rainy,High,4,1,22.77
1790,03-07-2023 14:00,14,0,7,0,0,Brooklyn,Downtown,6.732211436,28,2,UberX,SUV,Cloudy,Medium,4.2,1,14.32
1791,19-12-2023 05:00,5,1,12,0,0,Financial District,Brooklyn,9.493340691,39,1,Lyft,SUV,Clear,Medium,4.5,1,17.1
1792,02-03-2023 02:00,2,3,3,0,0,Chinatown,Brooklyn,25.29064068,82,1,LyftPlus,Hatchback,Rainy,High,4,2,56.75
1793,25-12-2023 05:00,5,0,12,0,0,East Village,Chinatown,12.32363625,37,1,Standard,Sedan,Rainy,Medium,3.7,1,25.36
1794,04-07-2023 21:00,21,1,7,0,0,Tribeca,Upper West,16.08999014,53,1,UberX,Sedan,Clear,Low,4.6,1,29.25
1795,15-08-2023 11:00,11,1,8,0,0,Chinatown,East Village,16.45006025,52,2,Lyft,Hatchback,Cloudy,Medium,4.7,1,30.91
1796,18-12-2023 11:00,11,0,12,0,0,Brooklyn,Brooklyn,16.91114365,51,1,UberXL,Hatchback,Clear,Medium,3.9,1,29.73
1797,21-06-2023 03:00,3,2,6,0,0,Midtown,Brooklyn,23.55703875,79,1,UberX,SUV,Rainy,High,3.7,1,46.51
1798,24-01-2023 08:00,8,1,1,0,1,Tribeca,Upper West,18.44994537,59,1,Lyft,Sedan,Clear,High,4.3,1.5,40.38
1799,20-08-2023 04:00,4,6,8,1,0,Financial District,East Village,10.97094651,33,2,UberX,Sedan,Clear,Medium,3.8,1,20.05
1800,18-03-2023 02:00,2,5,3,1,0,Lower East Side,Upper West,21.05655666,66,5,UberX,Sedan,Cloudy,Medium,4.1,1,38.73
1801,14-11-2023 21:00,21,1,11,0,0,Soho,Lower East Side,7.244423763,33,1,UberX,Sedan,Clear,Medium,4.7,1,14.31
1802,13-12-2023 21:00,21,2,12,0,0,Downtown,Tribeca,15.346178,55,3,UberX,Sedan,Clear,Medium,3.8,1,30.6
1803,11-05-2023 18:00,18,3,5,0,1,Brooklyn,Brooklyn,22.91501706,75,1,UberXL,Sedan,Cloudy,High,4.7,1,41.33
1804,17-11-2023 13:00,13,4,11,0,0,Upper East,Queens,17.11720482,58,1,UberX,Sedan,Cloudy,Medium,4.5,1,32.2
1805,11-12-2023 08:00,8,0,12,0,1,Brooklyn,Downtown,6.778330398,22,1,Lyft,Hatchback,Clear,Very Heavy,3.8,1,19.88
1806,23-11-2023 18:00,18,3,11,0,1,Downtown,East Village,20.98713611,65,1,UberX,Hatchback,Clear,High,4.3,1.5,42.45
1807,08-10-2023 01:00,1,6,10,1,0,Financial District,Queens,15.94084867,54,1,Lyft,Sedan,Rainy,Low,4.4,1,29.85
1808,19-10-2023 18:00,18,3,10,0,1,Financial District,Upper West,22.79414959,78,2,LyftPlus,Van,Clear,Low,3.8,1,42.07
1809,26-06-2023 01:00,1,0,6,0,0,Tribeca,Chinatown,23.46751124,72,1,UberX,Hatchback,Clear,Medium,3.7,2,50.5
1810,05-05-2023 02:00,2,4,5,0,0,Lower East Side,Brooklyn,8.310709496,29,1,UberXL,Sedan,Clear,Medium,4.3,1,17.03
1811,04-11-2023 05:00,5,5,11,1,0,East Village,Chinatown,5.586805505,22,1,Lyft,Sedan,Clear,Medium,4.5,1,15.92
1812,04-09-2023 03:00,3,0,9,0,0,Upper East,Lower East Side,12.40581115,40,1,Lyft,Sedan,Clear,Low,4.2,1,23.81
1813,12-09-2023 01:00,1,1,9,0,0,Tribeca,Chinatown,18.87738363,61,1,UberX,Hatchback,Rainy,Very Heavy,3.6,1,39.67
1814,24-08-2023 16:00,16,3,8,0,0,Lower East Side,Upper West,9.00200946,28,1,Lyft,Sedan,Rainy,Low,4.9,1,15.54
1815,27-06-2023 11:00,11,1,6,0,0,Upper East,Lower East Side,3.993964694,17,1,UberX,Sedan,Clear,,4.5,1,11.19
1816,12-12-2023 06:00,6,1,12,0,0,Upper East,Chinatown,11.94116411,41,1,UberX,Sedan,Clear,Low,4.4,1,20.89
1817,03-09-2023 21:00,21,6,9,1,0,Downtown,Soho,26.06308584,85,1,UberXL,Hatchback,Clear,Medium,4.5,1.5,49.54
1818,24-07-2023 21:00,21,0,7,0,0,Tribeca,Soho,19.247211,62,1,UberX,Sedan,Clear,Medium,4.1,1,35.16
1819,18-12-2023 05:00,5,0,12,0,0,Upper East,Tribeca,11.32626691,41,1,UberXL,SUV,Clear,Medium,5,2,29.93
1820,16-04-2023 10:00,10,6,4,1,1,Upper West,Brooklyn,7.406155189,28,1,Lyft,Sedan,Rainy,Medium,3.7,1.5,26.13
1821,23-03-2023 16:00,16,3,3,0,0,Lower East Side,Brooklyn,8.577007438,34,1,Lyft,Sedan,Clear,Medium,4.6,1,15.82
1822,21-10-2023 13:00,13,5,10,1,0,Downtown,Queens,7.37404767,26,1,UberX,Sedan,Rainy,Medium,4.1,1.5,24.08
1823,13-02-2023 16:00,16,0,2,0,0,Chinatown,Lower East Side,5.487993579,24,1,Standard,Sedan,Rainy,Medium,4.8,1,13.18
1824,29-08-2023 12:00,12,1,8,0,0,Financial District,Financial District,24.54356024,77,2,Lyft,SUV,Clear,High,4.6,1,45.38
1825,16-04-2023 09:00,9,6,4,1,1,Downtown,Brooklyn,7.256640738,28,3,UberX,Sedan,Clear,High,4.3,2,30.62
1826,04-05-2023 12:00,12,3,5,0,0,Chinatown,Tribeca,25.46382308,85,2,UberX,Sedan,Cloudy,High,4.9,1,44.67
1827,25-10-2023 09:00,9,2,10,0,1,Midtown,East Village,5.607173607,25,1,Lyft,Sedan,Rainy,Low,4.9,1,15.92
1828,10-02-2023 03:00,3,4,2,0,0,Midtown,Chinatown,4.089462871,16,1,LyftPlus,Sedan,Snowy,Very Heavy,3.6,1,16.35
1829,23-01-2023 08:00,8,0,1,0,1,Upper East,East Village,8.618818471,29,1,UberXL,Sedan,Clear,Very Heavy,3.8,1,23.06
1830,02-11-2023 20:00,20,3,11,0,1,Tribeca,Upper West,14.51254832,51,1,Lyft,Sedan,Cloudy,High,4.5,1,29.02
1831,27-10-2023 03:00,3,4,10,0,0,Financial District,Queens,8.558716824,29,1,UberX,Sedan,Clear,Medium,4.9,1,17.83
1832,28-11-2023 23:00,23,1,11,0,0,Downtown,Chinatown,9.158663671,35,2,UberX,Sedan,Clear,Medium,4.1,1.5,23.81
1833,30-12-2023 22:00,22,5,12,1,0,Tribeca,Lower East Side,7.680991506,24,1,UberX,Hatchback,Clear,High,3.6,1,17.91
1834,05-02-2023 05:00,5,6,2,1,0,Downtown,Chinatown,20.07221803,66,1,Lyft,Hatchback,Clear,High,4.5,1.5,41.3
1835,29-08-2023 17:00,17,1,8,0,1,Downtown,Upper East,9.387606215,32,1,UberX,Sedan,Rainy,High,3.8,1,23.35
1836,07-05-2023 12:00,12,6,5,1,0,Upper West,Lower East Side,18.79990841,56,1,UberX,SUV,Clear,Medium,4.3,1,36.17
1837,05-09-2023 19:00,19,1,9,0,1,Midtown,Midtown,16.52616179,52,1,UberX,Van,Cloudy,Low,4.1,1,30.43
1838,14-04-2023 22:00,22,4,4,0,0,Downtown,Upper West,12.49913153,41,1,LyftPlus,SUV,Clear,Medium,4.3,1.5,30.25
1839,24-04-2023 07:00,7,0,4,0,1,Upper West,Brooklyn,22.78809238,79,1,Lyft,Hatchback,Cloudy,High,4.9,2,50.99
1840,20-03-2023 12:00,12,0,3,0,0,Midtown,Upper West,26.72025139,76,2,UberX,Hatchback,Clear,Low,4.2,1,40.6
1841,01-07-2023 05:00,5,5,7,1,0,Upper West,Lower East Side,6.742217096,24,1,Standard,Van,Rainy,Medium,3.6,1,17.7
1842,04-08-2023 19:00,19,4,8,0,1,Tribeca,Upper East,8.019048856,28,2,UberX,Sedan,Clear,High,4.4,1.5,27.43
1843,03-10-2023 10:00,10,1,10,0,1,East Village,Midtown,15.09204114,47,1,UberX,Sedan,Clear,Medium,4,1,31.46
1844,25-09-2023 22:00,22,0,9,0,0,Midtown,Lower East Side,5.844563528,21,1,UberX,Sedan,Rainy,Low,4.7,1,15.32
1845,26-10-2023 02:00,2,3,10,0,0,Chinatown,Upper East,12.67983924,42,1,UberX,SUV,Clear,High,4.2,1,25.1
1846,28-09-2023 08:00,8,3,9,0,1,Soho,Upper East,16.30578732,51,4,UberX,SUV,Clear,Low,4.6,2,42.02
1847,17-07-2023 09:00,9,0,7,0,1,East Village,Soho,14.66842253,50,1,Lyft,Sedan,Rainy,Medium,4.9,1,29.6
1848,29-09-2023 21:00,21,4,9,0,0,Lower East Side,Chinatown,9.501406182,38,1,Lyft,Sedan,Clear,High,4,1,19.83
1849,10-06-2023 10:00,10,5,6,1,1,Tribeca,East Village,13.88565743,46,1,Lyft,Hatchback,Clear,High,5,1,29.16
1850,29-01-2023 17:00,17,6,1,1,1,Downtown,Lower East Side,24.79286862,77,1,Lyft,Sedan,Clear,High,3.7,1,46.19
1851,04-08-2023 15:00,15,4,8,0,0,Financial District,Lower East Side,9.049613919,31,1,Lyft,SUV,Clear,Medium,4.5,1,17.53
1852,27-12-2023 08:00,8,2,12,0,1,Tribeca,Financial District,15.77533667,51,2,UberX,Hatchback,Rainy,Medium,3.6,1.5,38.64
1853,31-07-2023 14:00,14,0,7,0,0,Upper West,Lower East Side,2.520164893,15,1,Lyft,Sedan,Clear,High,3.8,1.5,17.09
1854,16-08-2023 00:00,0,2,8,0,0,Upper West,Brooklyn,3.016939578,12,1,Lyft,Sedan,Clear,Medium,4.5,1,7.95
1855,19-02-2023 03:00,3,6,2,1,0,Upper West,Tribeca,15.91536548,54,5,Standard,Hatchback,Rainy,Medium,3.6,1,34.08
1856,24-09-2023 22:00,22,6,9,1,0,Upper West,Queens,6.167264924,24,2,UberX,Sedan,Rainy,Medium,3.7,2.5,29.85
1857,24-12-2023 23:00,23,6,12,1,0,Tribeca,Upper West,2.515290026,12,1,UberX,Hatchback,Cloudy,Medium,3.9,1,6.8
1858,15-10-2023 19:00,19,6,10,1,1,Financial District,Brooklyn,8.979072301,28,1,Lyft,Hatchback,Clear,Medium,4.4,1,20.72
1859,10-03-2023 06:00,6,4,3,0,0,Lower East Side,Chinatown,15.04171523,48,1,Lyft,SUV,Clear,Medium,3.5,2.5,42.72
1860,25-08-2023 07:00,7,4,8,0,1,Brooklyn,Soho,19.90914572,64,2,UberX,SUV,Clear,Medium,4.2,2,47.44
1861,16-10-2023 16:00,16,0,10,0,0,Upper West,East Village,8.263069169,26,2,Lyft,Sedan,Clear,Very Heavy,4.4,1,20.84
1862,27-02-2023 14:00,14,0,2,0,0,Brooklyn,Upper West,16.7436068,52,2,UberX,Hatchback,Clear,Medium,4.1,1,32
1863,28-02-2023 11:00,11,1,2,0,0,Financial District,Queens,6.596446589,23,1,Standard,Sedan,Cloudy,Medium,3.6,1,16.39
1864,18-05-2023 04:00,4,3,5,0,0,Financial District,Financial District,15.62364623,52,1,UberX,SUV,Cloudy,Medium,4.4,2,39.44
1865,18-01-2023 11:00,11,2,1,0,0,East Village,Chinatown,10.71879366,41,1,UberX,Sedan,Clear,Medium,4.4,1.5,27.95
1866,08-07-2023 05:00,5,5,7,1,0,Midtown,Brooklyn,17.13036793,57,1,UberX,Van,Clear,Very Heavy,4.3,1,34.9
1867,18-05-2023 14:00,14,3,5,0,0,Soho,Tribeca,23.6925604,76,2,UberXL,Van,Clear,High,4.5,1.5,47.56
1868,24-11-2023 09:00,9,4,11,0,1,Upper East,East Village,23.45702587,75,1,UberX,Hatchback,Cloudy,High,3.8,1.5,50.87
1869,24-11-2023 22:00,22,4,11,0,0,Soho,Downtown,5.027155363,19,1,Lyft,Sedan,Cloudy,High,4.5,1,13.88
1870,26-08-2023 05:00,5,5,8,1,0,Tribeca,Brooklyn,23.17634097,74,2,LyftPlus,Sedan,Clear,Very Heavy,3.7,1,43.04
1871,01-02-2023 23:00,23,2,2,0,0,Upper East,Chinatown,3.905667605,18,1,UberX,SUV,Rainy,Low,4.1,1,13.28
1872,27-03-2023 04:00,4,0,3,0,0,Financial District,Upper East,23.32830157,77,1,Lyft,Hatchback,Clear,Medium,3.6,1.5,44.85
1873,06-03-2023 13:00,13,0,3,0,0,Chinatown,Upper East,8.799044634,24,2,UberX,SUV,Clear,Medium,4.7,1,18.96
1874,13-09-2023 20:00,20,2,9,0,1,Soho,Tribeca,13.47589886,47,3,UberX,SUV,Clear,Medium,4.3,1,28.59
1875,04-06-2023 20:00,20,6,6,1,1,Queens,Midtown,10.91164555,36,2,UberX,Hatchback,Clear,High,5,1,25.1
1876,06-07-2023 17:00,17,3,7,0,1,Midtown,Tribeca,5.014271491,21,1,UberX,Sedan,Clear,Medium,4.9,1,16.77
1877,26-11-2023 02:00,2,6,11,1,0,Soho,East Village,5.935363607,23,1,Lyft,Hatchback,Clear,Medium,5,1,13.22
1878,30-09-2023 20:00,20,5,9,1,1,Midtown,Upper East,20.20378116,65,1,UberX,Sedan,Clear,Medium,3.7,1,40.12
1879,06-04-2023 13:00,13,3,4,0,0,Brooklyn,Financial District,23.44263839,76,1,LyftPlus,Sedan,Clear,Medium,4.4,1,38.35
1880,21-07-2023 13:00,13,4,7,0,0,Tribeca,Financial District,15.47379119,52,1,Lyft,Hatchback,Rainy,Medium,4.1,1,30.09
1881,20-11-2023 06:00,6,0,11,0,0,Midtown,Upper East,19.03820106,62,3,Lyft,Hatchback,Clear,High,4.3,1,35.55
1882,11-10-2023 01:00,1,2,10,0,0,Brooklyn,East Village,21.07799811,67,1,Standard,SUV,Cloudy,Medium,4,1,38.28
1883,15-11-2023 06:00,6,2,11,0,0,Upper West,Soho,8.509030737,27,1,Standard,SUV,Clear,Very Heavy,3.6,1,18.93
1884,30-11-2023 01:00,1,3,11,0,0,Brooklyn,Queens,3.15563407,14,2,Lyft,Hatchback,Clear,High,4.6,1,12.01
1885,08-09-2023 07:00,7,4,9,0,1,Tribeca,Queens,3.151407245,8,2,UberXL,Hatchback,Clear,Medium,4.9,1,13.16
1886,19-08-2023 22:00,22,5,8,1,0,East Village,East Village,9.090697139,33,1,UberX,Van,Clear,Low,4.3,1,16.5
1887,22-09-2023 20:00,20,4,9,0,1,Chinatown,Downtown,8.093554163,31,4,Lyft,Sedan,Clear,High,4,1,21.21
1888,18-12-2023 09:00,9,0,12,0,1,Upper West,Queens,5.549015634,17,5,UberXL,SUV,Clear,High,4.9,1.5,22.45
1889,04-11-2023 12:00,12,5,11,1,0,Financial District,Upper West,7.824469262,27,4,Standard,Hatchback,Cloudy,Medium,4,1,19.48
1890,10-04-2023 09:00,9,0,4,0,1,Downtown,Queens,5.595111488,26,2,UberX,SUV,Rainy,Low,4.9,1,13.56
1891,27-06-2023 20:00,20,1,6,0,1,Brooklyn,Upper West,24.78665377,85,2,UberX,SUV,Cloudy,Medium,4.8,1,42.82
1892,28-01-2023 23:00,23,5,1,1,0,Brooklyn,Upper East,7.995753564,28,1,UberX,SUV,Clear,Medium,4.3,1,16.97
1893,07-01-2023 19:00,19,5,1,1,1,Midtown,Soho,15.49235244,51,1,LyftPlus,Sedan,Clear,Very Heavy,4.5,1,33.86
1894,27-12-2023 16:00,16,2,12,0,0,Financial District,Tribeca,14.58055967,48,1,UberX,Sedan,Clear,Medium,4.6,1,26.98
1895,11-07-2023 08:00,8,1,7,0,1,Soho,Soho,13.07685636,44,1,UberXL,Sedan,Rainy,Medium,4.5,1,29.27
1896,19-07-2023 19:00,19,2,7,0,1,Queens,Queens,6.562731717,28,1,UberXL,SUV,Snowy,Low,3.7,2.5,31.92
1897,19-07-2023 22:00,22,2,7,0,0,Lower East Side,Queens,10.25829188,35,1,UberX,Sedan,Cloudy,High,4.5,1,19.51
1898,09-09-2023 12:00,12,5,9,1,0,Upper East,Lower East Side,5.763501493,18,1,UberXL,Hatchback,Clear,High,3.5,1,16.72
1899,09-04-2023 03:00,3,6,4,1,0,Brooklyn,East Village,10.36605537,36,3,UberXL,Sedan,Clear,Medium,4.6,2,29.35
1900,03-09-2023 07:00,7,6,9,1,1,Chinatown,Tribeca,6.98799125,24,2,UberX,Sedan,Clear,Medium,4.3,1,18.6
1901,28-11-2023 17:00,17,1,11,0,1,Soho,Queens,16.38510632,50,1,UberXL,Van,Clear,Medium,3.9,1,28.88
1902,31-08-2023 19:00,19,3,8,0,1,Queens,Midtown,11.27021251,35,1,Standard,SUV,Clear,Medium,4.7,1,24.57
1903,31-12-2023 01:00,1,6,12,1,0,Upper East,Midtown,19.25656972,62,2,Standard,Sedan,Clear,Very Heavy,4.1,1,37.33
1904,16-07-2023 15:00,15,6,7,1,0,Downtown,Downtown,14.5838574,50,2,UberXL,Hatchback,Clear,Medium,4.2,1,28.84
1905,25-01-2023 17:00,17,2,1,0,1,Chinatown,Upper East,12.58126813,44,4,UberXL,Hatchback,Clear,Low,3.5,1,27.31
1906,21-07-2023 15:00,15,4,7,0,0,Lower East Side,Upper West,10.33770236,39,6,UberX,SUV,Clear,Medium,4.1,1,22.44
1907,05-11-2023 02:00,2,6,11,1,0,Midtown,Soho,21.76860494,68,5,Standard,Hatchback,Rainy,,3.8,1.5,44.43
1908,26-05-2023 13:00,13,4,5,0,0,Lower East Side,Upper East,10.01888711,33,1,UberX,Sedan,Clear,Medium,3.9,1,20.55
1909,14-09-2023 20:00,20,3,9,0,1,Soho,Upper West,19.54082527,65,1,UberXL,Sedan,Clear,Medium,3.9,2.5,50.61
1910,22-04-2023 08:00,8,5,4,1,1,Midtown,Upper West,18.87288687,63,2,UberX,Hatchback,Rainy,Low,3.6,1,31.59
1911,25-06-2023 00:00,0,6,6,1,0,Upper East,Brooklyn,13.61794174,44,1,UberX,Sedan,Clear,High,4.2,1,26.41
1912,01-01-2023 16:00,16,6,1,1,0,East Village,Lower East Side,8.779041656,29,2,UberX,Van,Clear,Medium,4.3,2,27.23
1913,13-05-2023 23:00,23,5,5,1,0,Brooklyn,Queens,15.07301593,51,1,Lyft,Sedan,Cloudy,Medium,4.4,1.5,32.11
1914,17-01-2023 08:00,8,1,1,0,1,Upper West,Downtown,3.775747241,18,2,Lyft,Sedan,Clear,Medium,4.2,1.5,18.51
1915,26-12-2023 00:00,0,1,12,0,0,Queens,Queens,4.283169116,17,1,Lyft,Sedan,Clear,Medium,4.8,1,12.89
1916,19-09-2023 08:00,8,1,9,0,1,Chinatown,Downtown,6.981582884,27,1,UberX,SUV,Clear,Low,3.6,1.5,23.93
1917,24-01-2023 19:00,19,1,1,0,1,Financial District,Upper East,6.250371564,23,1,LyftPlus,Sedan,Clear,Low,4.4,1,15.41
1918,01-06-2023 07:00,7,3,6,0,1,Tribeca,Chinatown,14.17505013,45,4,UberX,Sedan,Clear,Low,4.8,1.5,31.97
1919,15-09-2023 04:00,4,4,9,0,0,Brooklyn,Chinatown,22.83829524,75,1,UberX,Van,Clear,Medium,3.6,2.5,55.91
1920,27-10-2023 01:00,1,4,10,0,0,Upper West,East Village,5.928610332,22,4,Lyft,Hatchback,Clear,Low,4.2,1,11.53
1921,18-12-2023 09:00,9,0,12,0,1,Lower East Side,East Village,24.50044799,73,2,Standard,Sedan,Cloudy,Low,4.4,1,42.01
1922,12-06-2023 09:00,9,0,6,0,1,Tribeca,Upper East,23.92004751,74,2,UberX,SUV,Clear,High,3.8,1.5,49.64
1923,05-12-2023 11:00,11,1,12,0,0,Soho,Tribeca,25.53785546,74,2,UberXL,SUV,Rainy,Medium,3.9,1,42.97
1924,05-04-2023 23:00,23,2,4,0,0,Chinatown,Midtown,20.59888288,74,1,UberXL,Hatchback,Clear,Medium,4.7,1,35.92
1925,07-11-2023 11:00,11,1,11,0,0,Tribeca,Lower East Side,9.617375035,37,1,LyftPlus,SUV,Clear,Low,4.4,1,16.49
1926,02-02-2023 07:00,7,3,2,0,1,Downtown,Upper West,4.056009547,13,1,UberX,Hatchback,Clear,Low,4,1,11.95
1927,14-10-2023 05:00,5,5,10,1,0,Brooklyn,Downtown,7.43608353,25,3,UberXL,Van,Rainy,High,4.6,1,19.96
1928,04-04-2023 15:00,15,1,4,0,0,Midtown,Financial District,15.30752612,51,2,UberX,SUV,Rainy,Low,4.6,1,27.4
1929,23-10-2023 08:00,8,0,10,0,1,East Village,Chinatown,14.82241206,54,1,UberX,Sedan,Clear,Low,4,1,26.23
1930,04-01-2023 06:00,6,2,1,0,0,Financial District,Queens,19.6915683,66,1,UberX,SUV,Clear,Medium,4.2,1,34.36
1931,03-12-2023 16:00,16,6,12,1,0,Midtown,Upper East,24.81684675,80,1,Standard,Hatchback,Cloudy,Low,4.5,1,42.06
1932,23-10-2023 19:00,19,0,10,0,1,Upper West,Upper West,14.41125745,46,1,UberX,SUV,Cloudy,Medium,4,1,30.16
1933,13-06-2023 14:00,14,1,6,0,0,Brooklyn,Chinatown,10.40124624,37,1,Standard,Hatchback,Clear,Medium,4.4,2,30.84
1934,02-11-2023 20:00,20,3,11,0,1,East Village,Downtown,7.376665899,28,1,UberX,Hatchback,Clear,Medium,3.9,1,18.97
1935,23-10-2023 03:00,3,0,10,0,0,Tribeca,Soho,3.190544224,14,1,Standard,Sedan,Cloudy,Low,3.9,1.5,13.95
1936,17-09-2023 14:00,14,6,9,1,0,Brooklyn,Tribeca,12.81850768,43,1,Lyft,Sedan,Clear,Very Heavy,4,1.5,31.24
1937,25-07-2023 20:00,20,1,7,0,1,Tribeca,Queens,14.92055792,48,1,UberX,SUV,Rainy,Medium,4.9,1,33.04
1938,17-05-2023 07:00,7,2,5,0,1,Soho,East Village,21.26254647,72,1,Lyft,Sedan,Clear,Medium,4.8,1,37.51
1939,25-05-2023 00:00,0,3,5,0,0,Downtown,Upper East,9.762829369,29,1,UberX,SUV,Rainy,High,4.3,2,35.36
1940,21-11-2023 12:00,12,1,11,0,0,Upper East,Chinatown,12.60790317,43,1,UberX,Sedan,Clear,High,4.3,1,26.22
1941,25-12-2023 07:00,7,0,12,0,1,Brooklyn,East Village,24.38541662,78,1,UberXL,Hatchback,Clear,Medium,3.6,1,43.4
1942,15-11-2023 18:00,18,2,11,0,1,Upper West,Downtown,15.84568083,46,1,UberXL,Van,Clear,High,4.5,1,30.09
1943,23-04-2023 23:00,23,6,4,1,0,Tribeca,East Village,20.24520065,64,1,Lyft,Sedan,Cloudy,Medium,4,1,36.37
1944,11-03-2023 12:00,12,5,3,1,0,Midtown,Chinatown,6.303456732,20,1,Lyft,SUV,Rainy,Medium,4.4,1,16.18
1945,07-01-2023 03:00,3,5,1,1,0,Soho,Chinatown,21.50163803,66,2,UberX,SUV,Cloudy,High,4.8,1,41.17
1946,25-09-2023 12:00,12,0,9,0,0,Upper West,Queens,18.45460639,58,1,Standard,Hatchback,Cloudy,High,3.6,1,33.32
1947,16-01-2023 05:00,5,0,1,0,0,Financial District,Midtown,7.617780649,31,1,Standard,SUV,Clear,Low,4.4,1,16.31
1948,08-07-2023 19:00,19,5,7,1,1,Upper East,Chinatown,7.895363131,28,1,UberX,Sedan,Clear,Medium,4.3,2,30.91
1949,11-08-2023 02:00,2,4,8,0,0,Soho,Upper West,23.38123061,77,1,UberX,Sedan,Rainy,High,3.8,1,42.59
1950,18-08-2023 14:00,14,4,8,0,0,Downtown,Midtown,5.553297424,18,2,UberXL,Sedan,Cloudy,Low,4.5,1,13.69
1951,31-12-2023 18:00,18,6,12,1,1,Upper East,Upper East,2.148724835,9,1,Lyft,Van,Clear,Very Heavy,4.3,1.5,20.18
1952,28-09-2023 13:00,13,3,9,0,0,Chinatown,Midtown,14.27012961,46,1,UberX,SUV,,Medium,4.7,1,28.1
1953,15-08-2023 15:00,15,1,8,0,0,Tribeca,Brooklyn,9.491626737,33,1,UberX,Van,Clear,Medium,3.7,1,20.97
1954,29-09-2023 07:00,7,4,9,0,1,Chinatown,Chinatown,19.60164159,65,1,Lyft,Sedan,Clear,Low,4.2,1.5,42.38
1955,09-11-2023 16:00,16,3,11,0,0,Upper West,Upper West,22.5966465,73,1,Lyft,SUV,Rainy,Medium,5,2,50.5
1956,21-02-2023 22:00,22,1,2,0,0,Financial District,Downtown,10.73103309,34,1,UberX,Hatchback,Rainy,Low,4.5,1,21.28
1957,09-06-2023 23:00,23,4,6,0,0,Lower East Side,Upper West,12.41325655,44,1,LyftPlus,Hatchback,Rainy,Medium,4.5,1,27.72
1958,23-12-2023 07:00,7,5,12,1,1,Queens,Brooklyn,25.78625287,80,1,Lyft,Sedan,Cloudy,Medium,4,1,42.64
1959,10-04-2023 00:00,0,0,4,0,0,Lower East Side,Financial District,17.98604438,59,1,UberX,Sedan,Clear,High,3.6,1,33.25
1960,06-05-2023 09:00,9,5,5,1,1,Downtown,Midtown,4.839769217,15,2,Lyft,Sedan,Clear,Medium,4.9,1,13.09
1961,18-03-2023 03:00,3,5,3,1,0,Chinatown,Upper West,24.43991462,77,1,UberX,Hatchback,Cloudy,Low,3.7,1,40.87
1962,18-10-2023 19:00,19,2,10,0,1,East Village,East Village,13.49762244,47,1,UberXL,Hatchback,Clear,Low,5,1,25.87
1963,24-12-2023 01:00,1,6,12,1,0,Tribeca,Downtown,7.311962613,27,1,UberX,Sedan,Clear,Medium,3.7,1,17
1964,28-06-2023 13:00,13,2,6,0,0,Queens,Chinatown,12.37547085,39,1,UberX,Sedan,Rainy,Medium,3.8,1,25.78
1965,15-10-2023 22:00,22,6,10,1,0,Brooklyn,Chinatown,17.777329,59,2,UberX,Sedan,Cloudy,Very Heavy,4,2,45.92
1966,23-12-2023 17:00,17,5,12,1,1,Lower East Side,Soho,5.066002034,17,1,UberX,SUV,Rainy,High,4.3,2,29.4
1967,02-04-2023 12:00,12,6,4,1,0,Financial District,Upper East,9.284157943,27,1,Lyft,SUV,Rainy,High,4.7,1.5,26.22
1968,06-06-2023 03:00,3,1,6,0,0,Lower East Side,Upper East,4.535814992,21,1,Lyft,Van,Clear,Low,5,1,9.29
1969,07-09-2023 02:00,2,3,9,0,0,Midtown,Lower East Side,13.24106897,41,1,UberX,Hatchback,Clear,High,4,1,24.99
1970,22-08-2023 15:00,15,1,8,0,0,East Village,Upper East,22.43759347,74,1,UberX,Sedan,Cloudy,Low,3.5,1.5,42.89
1971,02-02-2023 01:00,1,3,2,0,0,Upper West,Upper West,2.348874898,11,3,Lyft,Sedan,Rainy,Medium,4.4,1,8.89
1972,02-02-2023 12:00,12,3,2,0,0,Financial District,Midtown,17.88113862,60,2,UberX,Sedan,Clear,Medium,4.6,1,33.97
1973,20-09-2023 15:00,15,2,9,0,0,Upper East,Upper West,22.66456214,70,1,UberX,Sedan,Clear,Medium,4.1,1,40.14
1974,15-06-2023 23:00,23,3,6,0,0,Soho,Chinatown,7.813556556,31,3,UberXL,Hatchback,Rainy,Low,3.8,1,16.85
1975,30-12-2023 02:00,2,5,12,1,0,Upper East,Queens,17.50552889,55,1,LyftPlus,Sedan,Clear,Medium,4,2,43.11
1976,22-01-2023 17:00,17,6,1,1,1,Chinatown,East Village,24.95164531,79,2,LyftPlus,SUV,Rainy,Low,4.5,1,44.78
1977,12-11-2023 09:00,9,6,11,1,1,Upper East,Chinatown,25.22313653,74,2,Lyft,SUV,Clear,Low,4.2,1,42.68
1978,30-08-2023 00:00,0,2,8,0,0,Brooklyn,Soho,9.275456471,27,1,UberX,Sedan,Clear,High,4.6,1,20.67
1979,10-07-2023 23:00,23,0,7,0,0,Chinatown,Soho,4.10211009,19,1,Lyft,Sedan,Rainy,Very Heavy,3.8,1,13.78
1980,05-09-2023 18:00,18,1,9,0,1,Downtown,East Village,6.138917787,21,3,UberX,Hatchback,Clear,High,4.8,1,17.79
1981,25-07-2023 21:00,21,1,7,0,0,Midtown,Brooklyn,17.31188281,51,1,UberX,Hatchback,Clear,Medium,3.7,2,41.68
1982,19-09-2023 03:00,3,1,9,0,0,East Village,Tribeca,17.80046703,56,1,UberXL,Sedan,Cloudy,Low,4,1,33.37
1983,25-10-2023 00:00,0,2,10,0,0,Downtown,Chinatown,17.17147298,58,1,Lyft,SUV,Rainy,Low,4.4,2,39.15
1984,13-04-2023 13:00,13,3,4,0,0,Financial District,Chinatown,10.73702222,33,3,UberX,SUV,Clear,Low,4.6,1,18.52
1985,29-01-2023 13:00,13,6,1,1,0,Upper East,Queens,7.254007718,29,4,UberX,Hatchback,Clear,Very Heavy,3.9,1,20.07
1986,01-04-2023 00:00,0,5,4,1,0,Brooklyn,Downtown,8.654229506,29,1,Lyft,SUV,Clear,Medium,4.9,1.5,22.05
1987,20-10-2023 23:00,23,4,10,0,0,Lower East Side,Soho,16.36910243,52,3,LyftPlus,Hatchback,Clear,High,4.6,2,42.93
1988,11-08-2023 13:00,13,4,8,0,0,Lower East Side,Upper East,12.79311883,41,1,Lyft,Sedan,Clear,High,3.8,2.5,43.07
1989,02-01-2023 14:00,14,0,1,0,0,Chinatown,Upper West,20.21711026,60,5,UberXL,Sedan,Clear,Medium,4.6,1,38.57
1990,23-07-2023 03:00,3,6,7,1,0,Financial District,Brooklyn,13.51320177,44,1,LyftPlus,Hatchback,Clear,Very Heavy,4.5,1,27.36
1991,22-02-2023 08:00,8,2,2,0,1,Soho,Chinatown,10.03738312,34,1,Lyft,Hatchback,Clear,Low,4.6,1,22.43
1992,17-11-2023 17:00,17,4,11,0,1,Midtown,Tribeca,9.08160903,33,1,Lyft,Sedan,Clear,Medium,4.9,1,20.06
1993,02-04-2023 12:00,12,6,4,1,0,East Village,East Village,6.994805457,23,1,UberX,SUV,Clear,High,4.6,1,17.47
1994,26-10-2023 13:00,13,3,10,0,0,Soho,Financial District,7.554577009,22,1,UberX,Sedan,Snowy,Medium,4,1,19.96
1995,13-01-2023 13:00,13,4,1,0,0,Chinatown,Downtown,5.75229451,27,2,UberXL,Hatchback,Snowy,Low,4.7,2,25.95
1996,10-11-2023 15:00,15,4,11,0,0,Brooklyn,Tribeca,11.45291602,39,1,UberX,Hatchback,Clear,Low,4.5,1,21.74
1997,23-09-2023 21:00,21,5,9,1,0,Midtown,Lower East Side,2.87848341,13,4,UberX,Sedan,Rainy,High,4.4,1,15.33
1998,27-01-2023 22:00,22,4,1,0,0,Financial District,Upper East,5.869245927,25,1,UberXL,SUV,Rainy,Low,4,1,15.39
1999,30-06-2023 10:00,10,4,6,0,1,Upper East,Tribeca,18.49241299,57,1,UberX,SUV,Clear,Very Heavy,4.9,1,36.5
2000,19-10-2023 19:00,19,3,10,0,1,Upper East,Soho,10.27056238,32,1,LyftPlus,Sedan,Clear,Low,4.3,2.5,34.45
2001,28-05-2023 09:00,9,6,5,1,1,Tribeca,Lower East Side,16.319237,55,3,UberX,Hatchback,Clear,Medium,4.4,1,33.4
2002,09-07-2023 22:00,22,6,7,1,0,Upper East,Chinatown,19.89926184,70,1,UberXL,Sedan,Clear,Medium,4.1,2,45.3
2003,02-10-2023 03:00,3,0,10,0,0,Queens,Lower East Side,16.85403528,51,3,Lyft,SUV,Clear,Medium,4.7,2,42.25
2004,20-12-2023 02:00,2,2,12,0,0,Upper East,Upper West,24.51569525,78,4,UberXL,SUV,Cloudy,Medium,4,2,53.08
2005,20-06-2023 02:00,2,1,6,0,0,Queens,East Village,4.281412816,18,1,UberX,Hatchback,Rainy,High,4.7,1.5,20.68
2006,24-06-2023 07:00,7,5,6,1,1,Upper West,Tribeca,19.3091137,64,1,UberXL,Sedan,Cloudy,High,3.7,1,37.66
2007,27-12-2023 12:00,12,2,12,0,0,Queens,Downtown,24.55846016,77,2,LyftPlus,SUV,Cloudy,High,4.6,1,43.49
2008,06-06-2023 10:00,10,1,6,0,1,Midtown,Tribeca,20.6697958,64,3,Standard,Sedan,Cloudy,Low,4.2,1,39.67
2009,13-03-2023 20:00,20,0,3,0,1,Soho,Chinatown,8.084118697,22,1,Lyft,Hatchback,Clear,Low,4.5,1,19.03
2010,27-02-2023 08:00,8,0,2,0,1,Midtown,Financial District,9.702693798,39,1,Lyft,Sedan,Clear,Low,4.3,1.5,25.23
2011,29-12-2023 18:00,18,4,12,0,1,Soho,Brooklyn,6.665139648,29,1,UberX,Hatchback,Clear,Low,3.7,1.5,20.13
2012,10-03-2023 21:00,21,4,3,0,0,Tribeca,Soho,18.71598477,58,1,LyftPlus,SUV,Rainy,High,4.2,1,36.35
2013,28-03-2023 02:00,2,1,3,0,0,Upper West,Upper West,18.44812815,60,1,Standard,Sedan,Clear,Medium,4.9,1,32.44
2014,01-01-2023 22:00,22,6,1,1,0,Soho,Upper East,10.71502474,35,1,Lyft,Sedan,Cloudy,High,4.6,1,22.19
2015,13-04-2023 12:00,12,3,4,0,0,Soho,East Village,15.38367709,50,1,Lyft,Sedan,Snowy,Low,4,1,30.06
2016,04-09-2023 22:00,22,0,9,0,0,Brooklyn,East Village,16.86743391,54,1,UberXL,Hatchback,Clear,Medium,4.9,1,29.09
2017,18-09-2023 11:00,11,0,9,0,0,Downtown,Lower East Side,11.26973291,34,4,UberX,SUV,Clear,High,4.7,1,26.88
2018,31-10-2023 23:00,23,1,10,0,0,Downtown,Lower East Side,23.82423031,76,2,LyftPlus,Van,Cloudy,Very Heavy,4,1,41.76
2019,18-05-2023 12:00,12,3,5,0,0,Brooklyn,Brooklyn,20.55326152,66,4,Lyft,Sedan,Clear,Very Heavy,4.4,1,39.18
2020,19-09-2023 15:00,15,1,9,0,0,Upper East,Midtown,4.405766959,13,2,Lyft,Sedan,Clear,High,4.1,1,14.72
2021,23-12-2023 09:00,9,5,12,1,1,Brooklyn,Midtown,16.12910851,51,1,Lyft,Van,Cloudy,High,3.6,1,35.76
2022,03-11-2023 09:00,9,4,11,0,1,Lower East Side,Upper East,8.497239683,26,2,LyftPlus,Hatchback,Rainy,Very Heavy,4.7,1,24
2023,05-06-2023 07:00,7,0,6,0,1,Soho,Tribeca,15.68054956,48,3,Lyft,Hatchback,Clear,High,3.8,2.5,47.78
2024,19-09-2023 08:00,8,1,9,0,1,Soho,Lower East Side,24.27806728,76,4,UberX,Van,Cloudy,Very Heavy,4.2,1,49.01
2025,07-09-2023 19:00,19,3,9,0,1,Brooklyn,Financial District,23.40832468,74,1,UberXL,Van,Clear,Low,4.6,1,41.06
2026,22-01-2023 10:00,10,6,1,1,1,Brooklyn,East Village,11.03250229,37,1,Standard,Sedan,Rainy,Very Heavy,4.9,2,38.3
2027,19-01-2023 16:00,16,3,1,0,0,Lower East Side,Tribeca,8.412603447,36,1,Lyft,Sedan,Rainy,Medium,3.6,1,20.99
2028,08-09-2023 19:00,19,4,9,0,1,Upper East,East Village,9.199996869,33,1,Standard,Sedan,Clear,Low,4.1,1,19.69
2029,11-08-2023 15:00,15,4,8,0,0,Midtown,Lower East Side,16.82801452,56,4,LyftPlus,Hatchback,Clear,Low,4.4,1,30.52
2030,01-12-2023 17:00,17,4,12,0,1,Upper West,East Village,6.356058414,24,1,Lyft,Sedan,,High,4.7,1,20.54
2031,16-04-2023 00:00,0,6,4,1,0,Financial District,Tribeca,16.38180389,49,3,UberX,SUV,Clear,Medium,4.9,1,29.87
2032,09-05-2023 09:00,9,1,5,0,1,Soho,Lower East Side,2.954499433,13,1,UberX,Hatchback,Clear,Very Heavy,3.5,1,14.32
2033,01-03-2023 12:00,12,2,3,0,0,Upper West,Chinatown,10.3908069,36,1,Lyft,SUV,Clear,Low,4.4,1,18.43
2034,15-06-2023 07:00,7,3,6,0,1,Brooklyn,Brooklyn,8.09121125,31,1,UberXL,Sedan,Clear,Medium,3.5,1,18.5
2035,26-09-2023 13:00,13,1,9,0,0,Lower East Side,Chinatown,24.31138673,74,1,Lyft,Sedan,Cloudy,Medium,4.7,1,41.44
2036,31-03-2023 23:00,23,4,3,0,0,Upper East,Midtown,20.4106279,64,1,Lyft,Sedan,Clear,Medium,3.7,1,34.84
2037,02-08-2023 20:00,20,2,8,0,1,Queens,Queens,11.80822165,37,1,UberX,SUV,Rainy,Medium,4.8,1,27
2038,17-04-2023 03:00,3,0,4,0,0,Upper East,Downtown,9.600765781,31,1,Lyft,Sedan,Clear,High,3.7,1,21.76
2039,05-05-2023 03:00,3,4,5,0,0,East Village,Brooklyn,3.397014845,14,2,UberXL,Sedan,Cloudy,Low,4.6,1,9.66
2040,21-04-2023 09:00,9,4,4,0,1,East Village,Chinatown,14.30603881,44,1,UberX,Hatchback,Clear,Low,3.9,1,27.61
2041,21-12-2023 09:00,9,3,12,0,1,Upper West,Soho,6.541201204,26,2,UberXL,Van,Clear,Low,4.3,1,16.88
2042,09-05-2023 11:00,11,1,5,0,0,Downtown,Financial District,14.82512507,46,1,LyftPlus,Van,Snowy,High,4.4,1,30
2043,13-02-2023 05:00,5,0,2,0,0,East Village,Financial District,20.30210587,67,1,UberX,Sedan,Clear,Medium,3.8,1,35.96
2044,26-05-2023 09:00,9,4,5,0,1,East Village,Downtown,17.80395278,56,1,UberX,Hatchback,Clear,Medium,3.9,1,36.17
2045,13-11-2023 20:00,20,0,11,0,1,Midtown,Financial District,17.62776795,56,2,UberX,SUV,Snowy,Medium,3.7,2,46.29
2046,11-11-2023 08:00,8,5,11,1,1,Queens,Tribeca,15.56279794,54,1,UberX,Hatchback,Rainy,High,3.5,1,37.85
2047,20-04-2023 18:00,18,3,4,0,1,Lower East Side,Financial District,24.47202976,80,1,UberXL,Hatchback,Rainy,Low,3.9,1,43.8
2048,15-06-2023 23:00,23,3,6,0,0,Midtown,Queens,12.39110724,43,4,UberX,Van,Clear,Low,4.3,1,23.81
2049,16-03-2023 02:00,2,3,3,0,0,Queens,Financial District,24.04866085,71,1,LyftPlus,Sedan,Clear,High,4.6,1,42.71
2050,26-11-2023 06:00,6,6,11,1,0,Lower East Side,East Village,15.71460916,55,1,UberX,Hatchback,Clear,Very Heavy,4.7,1,29.08
2051,01-08-2023 22:00,22,1,8,0,0,Tribeca,Brooklyn,9.592193589,38,2,Lyft,Hatchback,Snowy,Medium,3.6,2,31.89
2052,05-08-2023 05:00,5,5,8,1,0,Financial District,Tribeca,13.71602946,45,1,UberX,Sedan,Snowy,Medium,3.9,1,29.61
2053,04-11-2023 10:00,10,5,11,1,1,Soho,Midtown,6.051135558,20,1,Standard,Sedan,Clear,Medium,4.7,2,25.38
2054,16-02-2023 20:00,20,3,2,0,1,East Village,Financial District,17.07885185,52,1,UberXL,Sedan,Clear,Very Heavy,4.2,1,34.21
2055,30-01-2023 01:00,1,0,1,0,0,Lower East Side,Upper East,16.26131511,52,1,LyftPlus,Van,Clear,Medium,3.8,1,31.32
2056,01-04-2023 19:00,19,5,4,1,1,Soho,Upper East,6.087435892,19,1,Lyft,Hatchback,Clear,Medium,4.1,2,26.54
2057,07-08-2023 19:00,19,0,8,0,1,East Village,Upper East,7.262256869,26,1,Lyft,SUV,Clear,Medium,3.9,1,17.73
2058,22-03-2023 09:00,9,2,3,0,1,Midtown,Financial District,13.81644365,44,2,LyftPlus,SUV,Rainy,Very Heavy,3.6,1,36.85
2059,12-02-2023 05:00,5,6,2,1,0,Financial District,Soho,22.50595954,68,1,UberX,Sedan,Cloudy,High,4.6,1,38.96
2060,10-01-2023 10:00,10,1,1,0,1,Midtown,Chinatown,15.69229647,49,1,Lyft,Hatchback,Rainy,High,3.9,2.5,47.54
2061,02-11-2023 01:00,1,3,11,0,0,Lower East Side,East Village,17.59476315,57,3,UberX,Sedan,Rainy,Low,4.9,1,31.85
2062,18-03-2023 04:00,4,5,3,1,0,Chinatown,Upper West,10.95349929,35,1,Lyft,SUV,Rainy,Medium,4.8,1,23.45
2063,26-11-2023 13:00,13,6,11,1,0,Midtown,Financial District,16.10136058,52,2,Standard,Hatchback,Rainy,Medium,4.6,1,32.03
2064,21-08-2023 20:00,20,0,8,0,1,Queens,Soho,12.84899411,46,3,Standard,SUV,Clear,Low,4,1,24.68
2065,26-03-2023 07:00,7,6,3,1,1,Downtown,Chinatown,17.64091738,55,1,UberX,SUV,Clear,High,3.9,1,32.92
2066,26-07-2023 22:00,22,2,7,0,0,Upper East,Upper West,4.453430129,15,1,UberX,Sedan,Clear,Medium,4.2,1,12.46
2067,03-09-2023 11:00,11,6,9,1,0,Upper West,Downtown,13.32536173,45,5,UberX,Sedan,Rainy,Medium,4,1,28.33
2068,15-02-2023 00:00,0,2,2,0,0,Soho,Queens,9.997108088,38,5,UberX,SUV,Snowy,Very Heavy,4.9,1.5,32.56
2069,29-07-2023 20:00,20,5,7,1,1,Tribeca,East Village,10.95622907,39,1,UberX,Sedan,Clear,Low,3.7,1,22.21
2070,17-04-2023 19:00,19,0,4,0,1,East Village,Financial District,25.6050496,79,1,UberX,Sedan,Cloudy,High,4.6,2.5,63.54
2071,18-05-2023 04:00,4,3,5,0,0,Midtown,Brooklyn,7.33765833,24,1,Standard,Sedan,Clear,High,4.4,1,16.54
2072,30-05-2023 10:00,10,1,5,0,1,Downtown,Tribeca,9.291759669,31,1,Lyft,SUV,Rainy,Very Heavy,4.7,1,27.97
2073,04-07-2023 15:00,15,1,7,0,0,Midtown,Brooklyn,14.11469941,46,1,Lyft,Sedan,Cloudy,High,4.3,1.5,32.8
2074,13-10-2023 01:00,1,4,10,0,0,Financial District,Chinatown,20.84362881,74,1,UberXL,SUV,Rainy,High,4.4,1,37.55
2075,04-10-2023 19:00,19,2,10,0,1,Queens,Brooklyn,12.89409441,43,3,Lyft,SUV,Cloudy,Medium,4.9,1,25.88
2076,14-06-2023 23:00,23,2,6,0,0,Tribeca,Lower East Side,17.30531095,62,1,Standard,Sedan,Clear,Medium,3.6,1,29.58
2077,07-01-2023 17:00,17,5,1,1,1,Upper East,Downtown,11.02465519,40,2,Lyft,Sedan,Clear,Very Heavy,3.7,1,26.09
2078,25-01-2023 17:00,17,2,1,0,1,Lower East Side,Tribeca,22.98555443,66,1,UberX,Hatchback,Clear,Low,4.1,2.5,55.32
2079,22-05-2023 06:00,6,0,5,0,0,Financial District,Downtown,6.889734556,24,1,UberXL,SUV,Clear,High,4.2,1,18.24
2080,07-09-2023 21:00,21,3,9,0,0,Brooklyn,Upper West,12.91578503,43,1,Standard,Sedan,Cloudy,Medium,3.8,2,31.64
2081,22-09-2023 18:00,18,4,9,0,1,Tribeca,Downtown,11.87152309,41,1,UberX,Sedan,Clear,Low,3.6,2,34.85
2082,28-01-2023 15:00,15,5,1,1,0,Midtown,Upper East,21.03277601,68,1,Lyft,Sedan,Rainy,Low,3.5,1,39.42
2083,23-01-2023 13:00,13,0,1,0,0,Financial District,Queens,2.783815272,8,3,UberX,Sedan,Rainy,Low,4.6,1.5,18.45
2084,15-08-2023 09:00,9,1,8,0,1,Upper East,Upper East,8.947504854,26,1,UberX,SUV,Clear,Very Heavy,4.2,1,23.95
2085,01-08-2023 05:00,5,1,8,0,0,Downtown,Financial District,17.18847047,56,2,LyftPlus,Sedan,Clear,High,4.8,1,29.72
2086,06-02-2023 03:00,3,0,2,0,0,Downtown,Upper West,16.75581295,54,1,UberX,SUV,Clear,Medium,4,2,38.12
2087,26-12-2023 07:00,7,1,12,0,1,Soho,Lower East Side,12.14932571,45,1,UberX,Sedan,Clear,High,4.6,1,27.76
2088,16-08-2023 21:00,21,2,8,0,0,Upper East,Soho,15.78418409,52,1,UberX,Sedan,Clear,Medium,4.2,1,28.72
2089,18-09-2023 16:00,16,0,9,0,0,Downtown,Upper West,7.22280021,28,2,Standard,Sedan,Clear,High,4.4,1,16.69
2090,18-02-2023 17:00,17,5,2,1,1,Financial District,Soho,12.53084131,44,1,UberX,Sedan,Clear,High,4.1,1,25.01
2091,04-02-2023 14:00,14,5,2,1,0,Soho,Queens,12.46607006,42,1,LyftPlus,Hatchback,Rainy,Low,3.6,1,22.78
2092,10-03-2023 19:00,19,4,3,0,1,Chinatown,Downtown,21.67909054,73,3,UberX,Sedan,Rainy,Medium,4.9,1,42.86
2093,17-02-2023 08:00,8,4,2,0,1,Downtown,Downtown,10.0314711,33,2,LyftPlus,Van,Rainy,Medium,4.8,1,24.87
2094,28-04-2023 02:00,2,4,4,0,0,Tribeca,Tribeca,21.93650453,70,1,Standard,Van,Clear,Very Heavy,4,2,52.35
2095,28-12-2023 03:00,3,3,12,0,0,Queens,Financial District,17.47397027,57,2,UberX,SUV,Snowy,High,4.9,1,37.74
2096,12-02-2023 11:00,11,6,2,1,0,Brooklyn,Brooklyn,5.253855443,18,1,UberX,Hatchback,Cloudy,High,4,1,13.56
2097,07-08-2023 05:00,5,0,8,0,0,Upper East,Midtown,18.81426323,57,2,UberX,Van,Snowy,High,4.2,1,39.51
2098,23-02-2023 11:00,11,3,2,0,0,Financial District,Upper West,3.597895327,11,1,Lyft,Sedan,Clear,,4.6,1.5,13.98
2099,28-01-2023 11:00,11,5,1,1,0,East Village,Upper West,26.14847068,80,1,UberX,Sedan,Cloudy,High,4,1,46.04
2100,25-03-2023 18:00,18,5,3,1,1,Midtown,Financial District,22.21035682,71,1,UberX,Sedan,Rainy,Medium,4,2.5,56.22
2101,24-12-2023 22:00,22,6,12,1,0,Financial District,Upper East,9.861569473,35,1,UberX,SUV,Clear,Medium,4.1,1,20.9
2102,14-03-2023 05:00,5,1,3,0,0,Downtown,East Village,9.659863354,30,1,UberX,Sedan,Clear,High,4.2,1,20.02
2103,30-03-2023 13:00,13,3,3,0,0,Financial District,Financial District,11.39181845,39,3,UberX,Van,Rainy,Low,3.7,1,24.71
2104,01-04-2023 11:00,11,5,4,1,0,East Village,Midtown,11.62326171,39,3,LyftPlus,Sedan,Clear,Medium,3.5,1,24.4
2105,11-12-2023 10:00,10,0,12,0,1,Midtown,Downtown,4.884153728,22,1,LyftPlus,Van,Clear,Medium,4.9,1,15.58
2106,25-05-2023 15:00,15,3,5,0,0,Soho,Soho,12.17257116,40,1,UberXL,Sedan,Clear,Medium,4,1,24.14
2107,23-08-2023 08:00,8,2,8,0,1,Downtown,Upper East,10.42132707,41,1,Lyft,SUV,Rainy,Very Heavy,3.7,1,30.59
2108,29-12-2023 03:00,3,4,12,0,0,Upper West,Lower East Side,9.776680021,36,1,Lyft,SUV,Cloudy,Very Heavy,4.6,2,31.9
2109,14-12-2023 01:00,1,3,12,0,0,Downtown,Chinatown,16.73918453,54,4,Lyft,Sedan,Clear,Medium,3.9,1.5,37.85
2110,29-03-2023 09:00,9,2,3,0,1,Brooklyn,Upper East,4.169468121,15,1,UberXL,Hatchback,Rainy,Medium,3.8,1,15.96
2111,31-07-2023 04:00,4,0,7,0,0,Chinatown,Lower East Side,22.80536209,76,1,UberXL,Sedan,Clear,High,4.9,1.5,44.13
2112,24-09-2023 13:00,13,6,9,1,0,Upper West,Tribeca,19.61822016,62,1,Lyft,Sedan,Rainy,Medium,4.9,1,37.41
2113,25-04-2023 21:00,21,1,4,0,0,Brooklyn,Queens,12.41351291,42,1,Lyft,Van,Clear,Low,3.7,1,23.55
2114,13-06-2023 08:00,8,1,6,0,1,East Village,Midtown,21.32204067,67,1,UberX,Sedan,Cloudy,High,4.8,1,39.62
2115,08-12-2023 02:00,2,4,12,0,0,Upper East,Upper East,6.644240963,23,1,UberX,Sedan,Clear,High,4.8,1,13.56
2116,21-03-2023 04:00,4,1,3,0,0,Midtown,Midtown,3.854056305,12,1,UberX,Sedan,Clear,Low,4.5,2,18.87
2117,19-04-2023 18:00,18,2,4,0,1,Queens,Lower East Side,16.98358836,60,1,UberXL,SUV,Clear,High,4.3,1,32.8
2118,15-10-2023 12:00,12,6,10,1,0,Soho,Financial District,12.58746792,41,1,UberX,SUV,,Medium,3.8,1,24.73
2119,02-03-2023 09:00,9,3,3,0,1,Queens,Chinatown,14.79958016,49,1,UberXL,SUV,Snowy,Low,3.7,1,30.87
2120,31-12-2023 02:00,2,6,12,1,0,Tribeca,Soho,22.09207046,72,1,UberXL,SUV,Clear,High,4.4,1,42.11
2121,29-07-2023 01:00,1,5,7,1,0,Tribeca,Soho,24.95316103,83,2,LyftPlus,Sedan,Clear,Low,4.7,1,39.97
2122,30-11-2023 07:00,7,3,11,0,1,East Village,Chinatown,15.36424322,49,1,UberX,Sedan,Rainy,Medium,4.5,1,32.68
2123,10-09-2023 04:00,4,6,9,1,0,Upper East,Upper West,19.4002238,56,3,Lyft,Hatchback,Cloudy,High,3.8,1,35.17
2124,29-03-2023 08:00,8,2,3,0,1,Chinatown,Downtown,3.314357817,15,1,Lyft,SUV,Clear,Very Heavy,3.9,2,23.55
2125,24-09-2023 20:00,20,6,9,1,1,Chinatown,Upper West,7.304487322,28,1,UberX,Sedan,Clear,Medium,4.3,1,17.14
2126,19-05-2023 19:00,19,4,5,0,1,Tribeca,Upper East,18.79428329,59,1,UberXL,Sedan,Clear,Very Heavy,4.4,1,36.72
2127,07-11-2023 22:00,22,1,11,0,0,Downtown,Queens,13.03678939,45,1,LyftPlus,Van,Clear,Low,3.6,1,23.91
2128,01-08-2023 17:00,17,1,8,0,1,Financial District,Lower East Side,14.06077359,47,4,UberX,Hatchback,Clear,Low,4.4,1,27.85
2129,05-05-2023 02:00,2,4,5,0,0,Brooklyn,Upper West,11.05579603,37,1,LyftPlus,SUV,Clear,Low,4.6,1,21.02
2130,29-04-2023 07:00,7,5,4,1,1,Tribeca,Upper West,15.33973914,54,1,LyftPlus,Sedan,Clear,Low,3.8,2.5,42.07
2131,22-05-2023 00:00,0,0,5,0,0,East Village,Upper West,7.383090995,26,3,Lyft,SUV,Rainy,Medium,3.9,1.5,24.39
2132,29-01-2023 13:00,13,6,1,1,0,Lower East Side,Midtown,17.91355216,63,1,Lyft,Sedan,Snowy,Very Heavy,3.9,2,46.8
2133,10-11-2023 19:00,19,4,11,0,1,Brooklyn,Financial District,7.520051321,27,1,Lyft,SUV,Cloudy,Low,4.9,1,18.74
2134,28-06-2023 11:00,11,2,6,0,0,Downtown,Queens,5.199503035,18,1,UberXL,Hatchback,Rainy,Medium,4.1,1,13.21
2135,19-11-2023 08:00,8,6,11,1,1,Upper East,Lower East Side,8.484545666,24,1,Standard,SUV,Cloudy,High,4.3,1.5,23.94
2136,18-11-2023 06:00,6,5,11,1,0,Midtown,Soho,8.766234489,34,1,UberX,Sedan,Clear,Medium,4.6,1.5,21.97
2137,09-03-2023 11:00,11,3,3,0,0,Chinatown,Tribeca,21.76488475,73,1,UberX,SUV,Rainy,High,4.1,1,39.42
2138,14-10-2023 04:00,4,5,10,1,0,Queens,Midtown,12.66468605,45,2,UberX,Hatchback,Clear,Medium,3.7,2,34.86
2139,01-03-2023 15:00,15,2,3,0,0,Downtown,Upper East,10.64280799,40,3,Lyft,SUV,Rainy,Low,4.5,2.5,38.09
2140,16-07-2023 09:00,9,6,7,1,1,Soho,Queens,4.798893218,24,1,UberX,Hatchback,Snowy,High,4.5,1,19.54
2141,28-07-2023 06:00,6,4,7,0,0,Upper West,Soho,6.774852088,18,1,Standard,Sedan,Cloudy,Low,3.9,1,11.01
2142,07-01-2023 18:00,18,5,1,1,1,East Village,Queens,16.38792268,48,1,UberXL,Hatchback,Clear,Medium,3.6,1,32.87
2143,24-03-2023 06:00,6,4,3,0,0,Chinatown,East Village,14.0937862,46,1,LyftPlus,SUV,Rainy,Medium,4.5,2.5,43.23
2144,18-05-2023 03:00,3,3,5,0,0,Queens,East Village,4.33026035,20,1,UberX,Sedan,Cloudy,Medium,4.6,1,12.75
2145,19-12-2023 13:00,13,1,12,0,0,Soho,Upper West,2.225142565,12,2,UberX,SUV,Clear,High,3.5,1,11.91
2146,27-01-2023 07:00,7,4,1,0,1,Midtown,Upper West,25.13358573,81,2,UberX,SUV,Rainy,Medium,4.5,1,46.02
2147,07-02-2023 17:00,17,1,2,0,1,Soho,Chinatown,19.47307409,62,1,UberX,SUV,Clear,Medium,4.9,1,34.4
2148,25-03-2023 22:00,22,5,3,1,0,Lower East Side,East Village,9.648752394,31,1,UberXL,Sedan,Cloudy,Medium,3.8,1,20.56
2149,26-11-2023 00:00,0,6,11,1,0,Upper East,Lower East Side,14.07961555,46,1,Standard,Sedan,Clear,Medium,4.3,1,27.42
2150,09-01-2023 12:00,12,0,1,0,0,Upper West,Lower East Side,9.72034197,33,1,UberX,Van,Clear,Very Heavy,4.5,2,30.45
2151,25-01-2023 05:00,5,2,1,0,0,Brooklyn,Tribeca,12.31274265,40,1,Lyft,Sedan,Rainy,Very Heavy,3.8,1.5,33.66
2152,25-08-2023 11:00,11,4,8,0,0,Queens,Soho,18.00471836,60,1,UberXL,Sedan,Clear,Medium,4.6,1.5,35.93
2153,11-08-2023 19:00,19,4,8,0,1,Upper West,Upper East,22.43253844,72,1,UberX,Hatchback,Clear,Low,4.8,1,37.97
2154,21-04-2023 03:00,3,4,4,0,0,Financial District,Chinatown,7.473472081,28,1,UberXL,Sedan,Clear,Medium,4.7,1,15.28
2155,01-12-2023 01:00,1,4,12,0,0,Downtown,Downtown,21.21989735,68,1,UberX,Sedan,Cloudy,Low,3.9,2,46.86
2156,06-04-2023 17:00,17,3,4,0,1,Financial District,Downtown,6.893503838,27,6,LyftPlus,Sedan,Clear,Medium,4.7,1,20.36
2157,06-02-2023 10:00,10,0,2,0,1,Downtown,Midtown,3.451020338,12,1,Lyft,Van,Cloudy,Low,4.1,1,9.79
2158,20-08-2023 16:00,16,6,8,1,0,Upper East,Tribeca,7.241957744,22,1,UberX,Sedan,Cloudy,High,3.9,1,15.85
2159,29-01-2023 17:00,17,6,1,1,1,Upper West,Tribeca,4.264012075,16,1,Lyft,Hatchback,Clear,Low,3.8,1,13.61
2160,16-06-2023 16:00,16,4,6,0,0,Midtown,Upper East,7.268791745,29,1,UberX,SUV,Rainy,Very Heavy,4.9,1,21.66
2161,28-01-2023 23:00,23,5,1,1,0,Tribeca,Queens,23.16688579,73,5,Lyft,Sedan,,Low,4.1,1,42.06
2162,27-11-2023 07:00,7,0,11,0,1,Soho,Downtown,12.32531495,48,1,LyftPlus,Sedan,Clear,High,4.8,1.5,32.41
2163,18-02-2023 19:00,19,5,2,1,1,Tribeca,Queens,4.497776206,15,4,LyftPlus,Sedan,Clear,Very Heavy,3.7,1,20.4
2164,21-08-2023 23:00,23,0,8,0,0,Upper West,Queens,23.74702884,75,1,UberX,Van,Clear,Low,4.7,2,45.3
2165,22-09-2023 06:00,6,4,9,0,0,Financial District,Tribeca,22.0168556,65,1,UberX,Hatchback,Clear,Very Heavy,3.7,1,41
2166,02-03-2023 09:00,9,3,3,0,1,Tribeca,Queens,19.16783669,66,1,UberXL,Hatchback,Clear,Medium,3.5,1,34.96
2167,16-04-2023 19:00,19,6,4,1,1,East Village,Downtown,23.10165836,73,1,Standard,Sedan,Rainy,Very Heavy,5,1,49.13
2168,14-06-2023 23:00,23,2,6,0,0,Chinatown,Soho,6.126908186,16,1,Standard,Sedan,Clear,Very Heavy,3.6,2,25.59
2169,19-09-2023 21:00,21,1,9,0,0,Tribeca,Brooklyn,21.70027819,69,3,UberX,SUV,Cloudy,Low,4.2,2,45.44
2170,15-08-2023 08:00,8,1,8,0,1,Downtown,Queens,18.85453988,53,1,Lyft,SUV,Clear,High,4.8,1,35.44
2171,27-06-2023 12:00,12,1,6,0,0,East Village,Upper East,23.63309845,79,1,Standard,Hatchback,Clear,Low,4.7,1,37.81
2172,09-04-2023 09:00,9,6,4,1,1,Queens,Financial District,21.3924554,66,1,UberX,Hatchback,Clear,Low,4.2,1,36.92
2173,14-09-2023 20:00,20,3,9,0,1,Tribeca,Upper West,11.43225146,39,1,LyftPlus,Hatchback,Clear,Low,4.4,2,33.8
2174,02-06-2023 22:00,22,4,6,0,0,East Village,Upper East,20.33277987,63,1,UberX,Sedan,Rainy,Low,4.4,1,38.02
2175,15-03-2023 01:00,1,2,3,0,0,Upper West,East Village,7.01148648,25,1,UberX,Hatchback,Clear,Medium,3.7,2,27.12
2176,04-12-2023 12:00,12,0,12,0,0,Chinatown,Downtown,10.50916871,38,1,UberX,SUV,Clear,Medium,3.9,1,24.53
2177,22-03-2023 18:00,18,2,3,0,1,Soho,Financial District,5.486302461,20,1,UberXL,SUV,Clear,High,4,1,18.66
2178,23-12-2023 18:00,18,5,12,1,1,Chinatown,Lower East Side,24.60155889,80,2,LyftPlus,SUV,Clear,Medium,4.1,1,43.4
2179,07-09-2023 00:00,0,3,9,0,0,Queens,Upper West,9.969552629,26,2,UberXL,Hatchback,Clear,Very Heavy,3.9,2,33.34
2180,02-10-2023 12:00,12,0,10,0,0,Midtown,Chinatown,14.32382159,44,1,UberX,SUV,Clear,Low,3.9,1,26.22
2181,26-12-2023 00:00,0,1,12,0,0,Midtown,Upper East,13.56747463,45,6,UberX,Sedan,Clear,Low,4,1,24.62
2182,20-09-2023 16:00,16,2,9,0,0,Upper East,Financial District,24.96687511,77,2,Lyft,Sedan,Clear,High,4.1,2,53.93
2183,03-11-2023 01:00,1,4,11,0,0,Tribeca,Brooklyn,10.71094639,40,1,Lyft,Van,Clear,High,4.2,1,23.44
2184,25-11-2023 03:00,3,5,11,1,0,Soho,Downtown,20.58332186,69,1,Lyft,Hatchback,Rainy,High,3.8,1,42.34
2185,04-10-2023 09:00,9,2,10,0,1,Lower East Side,Soho,21.88033761,74,1,UberX,Sedan,Clear,Medium,4.7,1,39.52
2186,25-01-2023 21:00,21,2,1,0,0,Brooklyn,Midtown,12.5998474,43,1,Lyft,Hatchback,Clear,Medium,4.8,1,23.79
2187,08-05-2023 14:00,14,0,5,0,0,East Village,Tribeca,9.149560918,30,3,Standard,Sedan,Clear,Low,3.9,1,19.05
2188,08-04-2023 08:00,8,5,4,1,1,Queens,Brooklyn,18.53532431,62,2,UberXL,Sedan,Clear,Medium,3.7,1.5,37.85
2189,24-01-2023 20:00,20,1,1,0,1,Upper West,East Village,22.54278434,69,3,Lyft,SUV,Clear,Medium,4.6,1,40.97
2190,10-11-2023 09:00,9,4,11,0,1,Tribeca,Lower East Side,20.05913247,64,1,Standard,Sedan,Clear,Medium,4.9,1,35.36
2191,15-09-2023 03:00,3,4,9,0,0,Upper West,Tribeca,6.345096555,25,1,Lyft,Sedan,Clear,Medium,3.6,1.5,20.88
2192,23-10-2023 17:00,17,0,10,0,1,Brooklyn,Soho,22.02160308,68,1,Lyft,Hatchback,Clear,High,3.5,2.5,56.12
2193,29-03-2023 02:00,2,2,3,0,0,Upper East,Brooklyn,10.87747868,44,1,Lyft,Hatchback,Cloudy,High,3.8,1.5,30.24
2194,01-10-2023 14:00,14,6,10,1,0,Lower East Side,Upper West,15.79380188,54,1,UberX,SUV,Cloudy,Medium,4.5,1.5,34.59
2195,12-07-2023 16:00,16,2,7,0,0,Brooklyn,Financial District,21.74470673,67,1,Lyft,Sedan,Clear,Medium,4.9,2,46.93
2196,10-03-2023 01:00,1,4,3,0,0,Chinatown,Downtown,6.49887243,27,1,LyftPlus,Sedan,Clear,Low,4.6,1.5,17.1
2197,05-03-2023 05:00,5,6,3,1,0,Chinatown,Financial District,19.68528757,68,1,UberX,Sedan,Rainy,Low,4.4,2.5,48.76
2198,02-06-2023 00:00,0,4,6,0,0,Downtown,Queens,15.43528572,46,2,LyftPlus,Sedan,Cloudy,High,4.6,1.5,37.77
2199,06-03-2023 01:00,1,0,3,0,0,Financial District,Upper East,22.26338793,75,1,Lyft,Hatchback,Snowy,High,3.8,1,39.94
2200,11-05-2023 17:00,17,3,5,0,1,Queens,East Village,6.732203209,21,2,UberXL,SUV,Clear,High,4.5,1,18.72
2201,19-10-2023 01:00,1,3,10,0,0,Financial District,Queens,13.57013455,45,6,Lyft,Sedan,Clear,Low,4,2,36.48
2202,05-01-2023 01:00,1,3,1,0,0,Brooklyn,Queens,20.31005407,66,3,UberXL,Sedan,Rainy,Very Heavy,3.8,1,38.18
2203,06-06-2023 06:00,6,1,6,0,0,Lower East Side,East Village,5.173938548,18,2,LyftPlus,Van,Cloudy,Low,3.9,1.5,19.27
2204,22-12-2023 15:00,15,4,12,0,0,Chinatown,Upper East,4.234612267,15,1,UberXL,SUV,Clear,High,4.5,1,12.92
2205,07-12-2023 14:00,14,3,12,0,0,Upper East,Upper West,25.7470768,79,1,Standard,SUV,Rainy,Medium,4.7,2,56.37
2206,04-12-2023 15:00,15,0,12,0,0,Upper East,Lower East Side,8.692875984,29,2,UberXL,SUV,Clear,Low,4.4,1,17.95
2207,14-08-2023 13:00,13,0,8,0,0,Midtown,Chinatown,23.55099209,72,2,Lyft,Sedan,Clear,Medium,3.6,1,42.39
2208,14-07-2023 10:00,10,4,7,0,1,Chinatown,Upper East,8.332573961,33,1,Standard,Van,Clear,Low,3.6,1.5,24.41
2209,26-01-2023 10:00,10,3,1,0,1,Tribeca,Downtown,11.02583049,33,2,UberX,Sedan,Clear,Medium,3.8,1,25.35
2210,13-03-2023 23:00,23,0,3,0,0,Lower East Side,Financial District,19.60661471,69,1,Lyft,Hatchback,Rainy,Very Heavy,3.9,1,40.05
2211,19-03-2023 06:00,6,6,3,1,0,Midtown,Upper West,17.19404907,56,1,UberX,Sedan,Rainy,Medium,4.1,1,34.22
2212,30-07-2023 15:00,15,6,7,1,0,Queens,Midtown,11.41853744,32,1,LyftPlus,Sedan,Cloudy,Medium,3.6,1,26.92
2213,07-04-2023 20:00,20,4,4,0,1,Queens,Chinatown,15.60784693,54,1,Lyft,Hatchback,Clear,High,4.6,1,30.33
2214,29-08-2023 14:00,14,1,8,0,0,Queens,Financial District,11.43088224,38,1,Standard,Hatchback,Clear,Medium,4.6,1,22.62
2215,29-09-2023 15:00,15,4,9,0,0,Upper West,Upper West,19.70199853,60,1,LyftPlus,Sedan,Clear,Medium,4,2,45.81
2216,14-03-2023 21:00,21,1,3,0,0,Midtown,Upper East,8.561186601,29,1,UberX,SUV,Clear,Very Heavy,4.3,1,18.38
2217,02-02-2023 13:00,13,3,2,0,0,Upper West,East Village,13.91713776,44,2,UberX,Sedan,Rainy,,3.7,1,29.87
2218,11-11-2023 12:00,12,5,11,1,0,Financial District,Upper East,7.783506972,32,1,Lyft,Van,Clear,Medium,4.1,1.5,22.6
2219,12-10-2023 07:00,7,3,10,0,1,Chinatown,Chinatown,15.15371662,48,1,UberXL,Hatchback,Clear,High,4.8,1,31.3
2220,29-03-2023 17:00,17,2,3,0,1,Tribeca,Midtown,8.704798884,27,1,UberX,Sedan,Clear,Low,4.5,1,17.77
2221,11-06-2023 03:00,3,6,6,1,0,Brooklyn,Upper West,8.15105031,27,1,UberX,Sedan,Clear,High,3.7,1,20.14
2222,27-10-2023 17:00,17,4,10,0,1,Chinatown,Lower East Side,13.0161263,41,1,Lyft,Sedan,Rainy,Medium,4.8,1,26.45
2223,27-07-2023 08:00,8,3,7,0,1,Lower East Side,Downtown,4.412645124,21,1,UberX,Hatchback,Clear,Low,4.5,1,14.46
2224,30-03-2023 01:00,1,3,3,0,0,East Village,Upper East,5.005137245,20,4,LyftPlus,Sedan,Cloudy,Medium,4.2,2.5,30.98
2225,02-09-2023 23:00,23,5,9,1,0,Midtown,Upper West,17.75869506,53,1,LyftPlus,Sedan,Rainy,Very Heavy,4.5,1,36.2
2226,15-06-2023 10:00,10,3,6,0,1,Chinatown,Financial District,12.42405063,39,1,Lyft,Van,Clear,High,3.8,1,29.4
2227,30-10-2023 16:00,16,0,10,0,0,East Village,Midtown,23.30823244,73,3,UberX,Sedan,Clear,Low,4.3,1,36.7
2228,07-03-2023 17:00,17,1,3,0,1,Chinatown,Downtown,18.03808242,53,4,UberX,Sedan,Rainy,Low,4.4,1,34.35
2229,05-04-2023 18:00,18,2,4,0,1,Upper East,Upper West,3.250864929,11,1,UberXL,Sedan,Clear,Medium,4.9,1,11.52
2230,22-07-2023 21:00,21,5,7,1,0,Midtown,Brooklyn,18.08706587,60,1,Standard,Sedan,Rainy,Medium,3.6,1,34.49
2231,09-10-2023 00:00,0,0,10,0,0,Financial District,Upper East,4.833625162,24,1,UberX,SUV,Clear,High,4.1,1,14.38
2232,12-04-2023 02:00,2,2,4,0,0,Midtown,Lower East Side,18.54400678,55,1,UberX,SUV,Clear,Very Heavy,4.9,1,35.68
2233,20-08-2023 02:00,2,6,8,1,0,Upper West,Chinatown,26.18157716,91,1,UberX,Sedan,Cloudy,High,3.8,1.5,53.25
2234,13-10-2023 12:00,12,4,10,0,0,Tribeca,Midtown,15.70196828,53,2,Lyft,Sedan,Clear,Medium,4.7,1,26.52
2235,17-04-2023 07:00,7,0,4,0,1,Brooklyn,Downtown,5.783334484,18,1,Lyft,Sedan,Clear,Low,3.5,1.5,16.56
2236,25-09-2023 03:00,3,0,9,0,0,Soho,Downtown,17.89096382,63,1,UberX,Sedan,Clear,Low,3.5,1,28.5
2237,01-01-2023 07:00,7,6,1,1,1,Brooklyn,Chinatown,8.198748855,30,1,UberXL,Sedan,Clear,Medium,4,1,17.36
2238,03-12-2023 23:00,23,6,12,1,0,Chinatown,Queens,13.99580115,49,5,Lyft,Sedan,Clear,Medium,4.7,1,27.71
2239,17-04-2023 11:00,11,0,4,0,0,Lower East Side,Tribeca,21.81971563,72,1,UberXL,Sedan,Clear,High,3.7,2,49.18
2240,20-01-2023 19:00,19,4,1,0,1,Lower East Side,Midtown,6.849223022,28,1,Lyft,Hatchback,,Medium,4.1,1,17.73
2241,14-08-2023 16:00,16,0,8,0,0,Brooklyn,Downtown,8.19698605,25,1,LyftPlus,Sedan,Cloudy,Low,3.7,1,17.01
2242,28-12-2023 12:00,12,3,12,0,0,Upper East,Upper West,8.375692919,32,1,Lyft,SUV,Clear,Medium,3.8,1.5,23.11
2243,29-10-2023 15:00,15,6,10,1,0,Financial District,Queens,14.09677121,47,2,Lyft,Sedan,Clear,Very Heavy,4.3,1.5,32.22
2244,07-10-2023 14:00,14,5,10,1,0,East Village,Tribeca,17.87720763,60,1,LyftPlus,SUV,Clear,High,4,1,33.03
2245,28-07-2023 08:00,8,4,7,0,1,Lower East Side,Lower East Side,10.78399887,35,1,Standard,Hatchback,Clear,Low,3.8,1,21.05
2246,13-07-2023 22:00,22,3,7,0,0,Chinatown,Financial District,23.40417373,73,1,UberX,SUV,Clear,High,4.1,1,43.43
2247,03-12-2023 14:00,14,6,12,1,0,Financial District,Chinatown,3.740002227,14,2,UberX,Sedan,Clear,Medium,4.6,1,11.38
2248,10-09-2023 15:00,15,6,9,1,0,Soho,Upper West,12.92310156,45,1,LyftPlus,Sedan,Cloudy,Medium,3.7,1,27.87
2249,06-04-2023 05:00,5,3,4,0,0,Upper East,Upper East,18.59613512,60,4,UberX,Hatchback,Clear,Medium,4.2,1.5,37.86
2250,06-08-2023 15:00,15,6,8,1,0,Tribeca,Tribeca,8.796316136,29,1,Standard,Sedan,Clear,Medium,3.9,1,17.84
2251,18-10-2023 11:00,11,2,10,0,0,Chinatown,Lower East Side,16.48360209,53,1,UberX,Sedan,Rainy,Medium,4.1,1,33.1
2252,27-05-2023 21:00,21,5,5,1,0,Brooklyn,Lower East Side,7.324507449,30,1,Standard,Van,Clear,High,4.7,1,16.44
2253,28-04-2023 14:00,14,4,4,0,0,Upper West,Lower East Side,5.02816057,21,1,Lyft,SUV,Rainy,Medium,4.9,1,14.71
2254,25-07-2023 23:00,23,1,7,0,0,Upper East,Lower East Side,6.603215007,26,2,Lyft,Hatchback,Clear,Low,3.9,1,13.09
2255,30-09-2023 02:00,2,5,9,1,0,Lower East Side,Midtown,25.36466507,81,2,UberX,Sedan,Rainy,Medium,4.4,1,47.14
2256,11-01-2023 18:00,18,2,1,0,1,Queens,Upper East,14.58028249,51,1,Standard,Sedan,Rainy,High,4.5,1,30.06
2257,12-01-2023 18:00,18,3,1,0,1,Lower East Side,Soho,20.33295912,62,1,UberX,SUV,Cloudy,High,4.8,1.5,47.02
2258,21-03-2023 02:00,2,1,3,0,0,Midtown,Soho,9.473150016,36,1,UberX,SUV,Clear,Medium,4.8,1,20.02
2259,22-06-2023 07:00,7,3,6,0,1,Financial District,Midtown,15.94226202,53,3,UberX,Sedan,Cloudy,Low,4.2,1,31.61
2260,04-10-2023 05:00,5,2,10,0,0,Upper East,Financial District,14.5530638,45,1,Standard,SUV,Clear,Low,5,1,25.47
2261,14-05-2023 08:00,8,6,5,1,1,Queens,Tribeca,24.41647111,78,1,UberXL,SUV,Rainy,Medium,5,1.5,49.14
2262,01-08-2023 22:00,22,1,8,0,0,Lower East Side,Queens,21.08739425,67,1,Lyft,Sedan,Clear,Low,4.3,1.5,41.1
2263,26-10-2023 15:00,15,3,10,0,0,East Village,Brooklyn,19.56213503,64,1,Lyft,SUV,Clear,Medium,4.3,1,33.47
2264,26-01-2023 12:00,12,3,1,0,0,Soho,Chinatown,4.020333783,19,2,LyftPlus,Sedan,Clear,High,4.5,1,9.68
2265,29-01-2023 15:00,15,6,1,1,0,Soho,Downtown,14.00098329,43,3,Lyft,SUV,Clear,Medium,4.1,1,27.15
2266,03-06-2023 18:00,18,5,6,1,1,Brooklyn,Brooklyn,14.14013235,52,1,Lyft,Sedan,Clear,High,4.5,1,28.4
2267,07-04-2023 03:00,3,4,4,0,0,Brooklyn,Chinatown,23.25603347,69,1,Lyft,SUV,Rainy,High,4.3,2,53.51
2268,25-10-2023 05:00,5,2,10,0,0,Upper East,Soho,9.550565512,31,1,Lyft,Sedan,Clear,Low,3.6,1,18.06
2269,29-09-2023 05:00,5,4,9,0,0,Upper East,Soho,8.511564338,36,5,UberX,Hatchback,Rainy,Medium,4.8,1,19.3
2270,04-09-2023 02:00,2,0,9,0,0,Tribeca,Financial District,13.25032523,40,1,UberX,SUV,Clear,Low,4.9,1,25.38
2271,18-04-2023 23:00,23,1,4,0,0,Midtown,Brooklyn,8.740450663,29,1,UberX,SUV,Clear,High,3.5,1,18.92
2272,27-10-2023 07:00,7,4,10,0,1,Downtown,Brooklyn,8.992252126,29,1,UberX,Van,Clear,Low,4.7,2,30.3
2273,07-08-2023 16:00,16,0,8,0,0,East Village,Queens,6.227858895,16,1,UberXL,Sedan,Clear,Medium,4.1,1,13.28
2274,01-08-2023 20:00,20,1,8,0,1,Brooklyn,Financial District,20.93779025,67,1,Lyft,SUV,Clear,Medium,4.4,1,38.28
2275,31-05-2023 04:00,4,2,5,0,0,Downtown,Financial District,14.9167061,51,1,Standard,Sedan,Snowy,Low,4.2,1,29.25
2276,28-01-2023 21:00,21,5,1,1,0,Downtown,Lower East Side,20.66956401,68,2,UberX,Van,Clear,Low,4.3,1,31.86
2277,01-07-2023 20:00,20,5,7,1,1,Chinatown,Lower East Side,21.4696107,67,1,Lyft,Hatchback,Rainy,Medium,4.2,1,40.23
2278,02-11-2023 09:00,9,3,11,0,1,Midtown,Midtown,7.742297852,22,1,UberXL,Hatchback,Clear,Medium,4.8,1,18.66
2279,23-02-2023 11:00,11,3,2,0,0,Upper West,Lower East Side,15.34409999,48,1,UberX,Sedan,Cloudy,High,4.5,1,29.9
2280,08-02-2023 11:00,11,2,2,0,0,Upper West,Upper East,1.21125229,5,1,Lyft,Sedan,Clear,Low,4.1,2,15.37
2281,16-02-2023 21:00,21,3,2,0,0,Brooklyn,Financial District,23.94547446,77,1,Standard,Sedan,Cloudy,Medium,4.5,1,42.58
2282,05-03-2023 17:00,17,6,3,1,1,Lower East Side,Financial District,10.79011046,35,1,UberX,SUV,Clear,Medium,4.9,1,21.57
2283,18-12-2023 14:00,14,0,12,0,0,Queens,Upper West,10.7069599,38,1,UberXL,Sedan,Clear,Medium,3.6,2.5,36.41
2284,04-06-2023 15:00,15,6,6,1,0,Lower East Side,Tribeca,11.03249074,32,1,UberX,Sedan,Clear,Medium,4.1,1.5,24.5
2285,30-11-2023 12:00,12,3,11,0,0,Midtown,Tribeca,13.45438592,47,1,UberX,SUV,Clear,Medium,4.8,1.5,29.06
2286,19-09-2023 10:00,10,1,9,0,1,Midtown,Lower East Side,9.385041722,34,1,Lyft,Hatchback,Clear,High,4.6,1,24.16
2287,11-06-2023 00:00,0,6,6,1,0,Financial District,East Village,10.2414151,32,2,LyftPlus,Sedan,Clear,Medium,4.9,1,20.47
2288,23-11-2023 09:00,9,3,11,0,1,Downtown,Brooklyn,8.961895899,29,1,Lyft,Van,Rainy,Low,3.6,1,20.47
2289,10-10-2023 20:00,20,1,10,0,1,Financial District,Downtown,20.4613713,65,1,UberXL,Sedan,Clear,Medium,4.8,1,36.1
2290,10-01-2023 10:00,10,1,1,0,1,Lower East Side,Brooklyn,21.47124506,72,1,Standard,Sedan,Clear,Medium,4.7,1.5,41.82
2291,12-01-2023 00:00,0,3,1,0,0,Lower East Side,Chinatown,11.1823114,37,1,UberX,Hatchback,Clear,Medium,4.7,1,22.89
2292,27-01-2023 21:00,21,4,1,0,0,Downtown,Midtown,3.837104684,17,2,Lyft,SUV,Rainy,Low,4.4,2.5,29.76
2293,11-11-2023 08:00,8,5,11,1,1,Upper West,Midtown,14.23135346,47,1,UberXL,Van,Clear,Low,3.6,1,26.43
2294,21-08-2023 01:00,1,0,8,0,0,Brooklyn,Midtown,22.60944526,75,2,LyftPlus,SUV,Clear,Medium,4.3,1,36.56
2295,05-05-2023 14:00,14,4,5,0,0,East Village,Upper East,3.945722898,17,1,Lyft,Van,Clear,Low,4.1,1,11.7
2296,15-04-2023 08:00,8,5,4,1,1,Upper West,Downtown,21.46705376,65,3,Standard,Sedan,Clear,,4.3,1,38.72
2297,25-01-2023 11:00,11,2,1,0,0,Chinatown,Tribeca,7.597737139,26,5,UberX,SUV,Clear,High,4.6,1.5,25.18
2298,19-06-2023 23:00,23,0,6,0,0,Midtown,Queens,11.18164754,41,1,Lyft,Van,Cloudy,High,4.4,1,24.37
2299,20-05-2023 12:00,12,5,5,1,0,East Village,Tribeca,19.11471716,63,3,Lyft,Sedan,Clear,Medium,3.9,1,36.42
2300,20-09-2023 11:00,11,2,9,0,0,Upper East,Upper East,15.90789565,48,1,Lyft,Sedan,Clear,High,4.4,2.5,44.82
2301,09-06-2023 15:00,15,4,6,0,0,East Village,Midtown,14.48772617,53,4,UberXL,Sedan,,Medium,3.6,2,41.13
2302,16-12-2023 05:00,5,5,12,1,0,East Village,Upper East,20.46832241,64,2,UberX,Hatchback,Clear,Very Heavy,3.5,2.5,53.97
2303,13-03-2023 11:00,11,0,3,0,0,Upper West,Tribeca,4.7715409,22,6,UberX,SUV,Rainy,Medium,4.1,1,13.62
2304,26-09-2023 18:00,18,1,9,0,1,Midtown,Queens,13.23623512,48,1,UberX,SUV,Snowy,Medium,4.6,1.5,33.93
2305,15-08-2023 09:00,9,1,8,0,1,East Village,East Village,10.74604889,40,2,LyftPlus,Hatchback,Snowy,Low,4.7,2,35.33
2306,15-02-2023 18:00,18,2,2,0,1,Chinatown,Downtown,14.66136923,46,1,LyftPlus,Hatchback,Clear,Medium,4.3,1,27.34
2307,23-10-2023 16:00,16,0,10,0,0,Upper West,Lower East Side,22.54704294,75,1,UberX,SUV,Clear,Low,4.8,1,37.06
2308,07-04-2023 22:00,22,4,4,0,0,Upper West,Upper East,7.347201721,27,1,Standard,Hatchback,Cloudy,Medium,3.7,1.5,22.08
2309,25-09-2023 08:00,8,0,9,0,1,East Village,Chinatown,19.85613697,60,3,UberX,SUV,Clear,Medium,4.9,2,49.35
2310,18-10-2023 20:00,20,2,10,0,1,Downtown,Lower East Side,12.19613623,41,1,UberXL,SUV,Clear,Very Heavy,4.9,1.5,31.45
2311,09-10-2023 19:00,19,0,10,0,1,Midtown,Tribeca,7.575670158,24,1,UberX,Sedan,Clear,Very Heavy,4.4,1,21.53
2312,11-03-2023 18:00,18,5,3,1,1,Lower East Side,Downtown,19.11091288,63,1,LyftPlus,Sedan,Clear,High,3.6,1,35.73
2313,28-11-2023 06:00,6,1,11,0,0,Lower East Side,Tribeca,4.202110463,19,1,Lyft,Hatchback,Snowy,Medium,4.2,1,10.93
2314,10-09-2023 01:00,1,6,9,1,0,Soho,Tribeca,15.77195253,55,3,UberX,Sedan,Rainy,High,3.8,1,32.54
2315,15-02-2023 09:00,9,2,2,0,1,Chinatown,Queens,3.972281336,16,3,Lyft,Sedan,Clear,High,4.4,1,14.44
2316,10-07-2023 18:00,18,0,7,0,1,Lower East Side,East Village,9.389319197,30,1,UberX,SUV,Cloudy,Very Heavy,3.8,1,25.2
2317,07-01-2023 11:00,11,5,1,1,0,East Village,Downtown,16.41655925,50,1,UberX,SUV,Clear,Medium,4.2,1,31.27
2318,23-03-2023 14:00,14,3,3,0,0,Lower East Side,Chinatown,16.1291334,55,1,UberX,Sedan,Cloudy,Low,3.8,1,28.45
2319,22-09-2023 08:00,8,4,9,0,1,Financial District,Midtown,11.71181066,43,1,UberX,Hatchback,Clear,Low,3.8,1,22.19
2320,29-08-2023 19:00,19,1,8,0,1,Financial District,Downtown,12.97618308,45,1,LyftPlus,SUV,Clear,Very Heavy,3.9,1,28.28
2321,14-09-2023 00:00,0,3,9,0,0,Upper East,Chinatown,6.941594279,23,1,Lyft,Hatchback,Clear,Low,3.5,1,15.91
2322,30-07-2023 23:00,23,6,7,1,0,Midtown,Financial District,13.65767641,44,1,UberX,SUV,Clear,Medium,4.6,1,26.22
2323,09-06-2023 14:00,14,4,6,0,0,Chinatown,Midtown,23.01639136,72,1,UberX,Sedan,Clear,Medium,4,1.5,43.2
2324,05-10-2023 11:00,11,3,10,0,0,Upper West,Downtown,22.01513737,66,1,UberX,Sedan,Clear,Low,4.5,1,34.22
2325,19-01-2023 09:00,9,3,1,0,1,Tribeca,Lower East Side,6.962792608,27,1,UberX,Sedan,Snowy,Very Heavy,4.5,2,31.87
2326,09-09-2023 16:00,16,5,9,1,0,Brooklyn,Upper West,3.753881289,15,1,UberXL,Sedan,Cloudy,Medium,3.6,1.5,17.81
2327,04-09-2023 21:00,21,0,9,0,0,Queens,Upper West,22.30208705,76,1,UberX,Sedan,Rainy,Low,4,1,37.54
2328,03-11-2023 14:00,14,4,11,0,0,Tribeca,Tribeca,13.39641623,42,6,Lyft,Van,Cloudy,Very Heavy,4.4,2,41.58
2329,12-07-2023 20:00,20,2,7,0,1,Lower East Side,Midtown,16.42555317,53,1,UberXL,Hatchback,Cloudy,Medium,4.9,1,34.23
2330,23-09-2023 10:00,10,5,9,1,1,Chinatown,Downtown,19.40765451,59,1,UberX,SUV,Rainy,High,4.1,1,38.37
2331,09-02-2023 12:00,12,3,2,0,0,Midtown,Tribeca,10.6882814,35,1,Standard,Sedan,Clear,Medium,4.3,1,20.32
2332,07-12-2023 19:00,19,3,12,0,1,Midtown,Brooklyn,13.7203424,48,3,UberX,Sedan,Cloudy,High,4.6,1,30.23
2333,12-09-2023 19:00,19,1,9,0,1,Lower East Side,Tribeca,23.30654323,75,2,UberX,Sedan,Clear,Low,4.7,1,38.2
2334,20-01-2023 03:00,3,4,1,0,0,East Village,Upper East,17.25451357,53,2,UberX,Van,Clear,Medium,4.9,1,29.87
2335,12-11-2023 08:00,8,6,11,1,1,East Village,Upper West,8.082223718,24,1,UberX,SUV,Clear,Medium,4.2,1,19.29
2336,13-07-2023 14:00,14,3,7,0,0,Tribeca,Brooklyn,9.420636065,32,1,UberX,Hatchback,Clear,Very Heavy,3.8,1,20.77
2337,17-01-2023 08:00,8,1,1,0,1,Upper West,Soho,7.17651235,27,2,UberX,SUV,Cloudy,Low,4.6,1,20.17
2338,16-03-2023 11:00,11,3,3,0,0,Upper East,Chinatown,19.4812786,65,1,LyftPlus,SUV,Rainy,Medium,3.7,1,35.63
2339,04-11-2023 06:00,6,5,11,1,0,East Village,Upper East,7.85999817,26,3,Lyft,SUV,Cloudy,High,4.1,1.5,24.47
2340,17-02-2023 10:00,10,4,2,0,1,Queens,Midtown,10.35008461,33,1,Lyft,Sedan,Rainy,Medium,4.4,1,23.46
2341,17-07-2023 13:00,13,0,7,0,0,Chinatown,Tribeca,2.613302726,19,1,UberXL,Sedan,Clear,Medium,4.5,1,8.31
2342,06-11-2023 02:00,2,0,11,0,0,Queens,Upper West,23.32683251,74,3,UberXL,Hatchback,Rainy,High,4.6,1,43.11
2343,23-09-2023 02:00,2,5,9,1,0,Upper East,Lower East Side,6.708253345,27,1,UberX,SUV,Clear,Low,3.8,1,10.55
2344,13-04-2023 06:00,6,3,4,0,0,Downtown,East Village,3.900413872,12,1,UberX,Sedan,Clear,Low,5,1,8.31
2345,03-06-2023 02:00,2,5,6,1,0,Downtown,Chinatown,8.437771479,31,1,UberX,SUV,Cloudy,Very Heavy,3.8,2.5,38.97
2346,27-02-2023 09:00,9,0,2,0,1,Midtown,Upper West,8.877341787,33,3,UberXL,Sedan,Rainy,Medium,3.6,1,25.96
2347,07-10-2023 05:00,5,5,10,1,0,East Village,Queens,11.67016666,40,1,UberX,SUV,Cloudy,Medium,4.5,1.5,26.17
2348,19-04-2023 05:00,5,2,4,0,0,Financial District,Upper West,23.17778387,69,1,UberX,Sedan,Clear,High,4.9,2,48.42
2349,06-01-2023 21:00,21,4,1,0,0,Tribeca,East Village,21.97796828,68,1,UberX,Van,Rainy,Low,4.3,1,35.24
2350,21-04-2023 19:00,19,4,4,0,1,Soho,East Village,11.78495951,41,3,UberX,Sedan,Clear,High,4.4,2,35.52
2351,11-07-2023 12:00,12,1,7,0,0,Upper East,Tribeca,10.06578595,30,3,UberX,SUV,Clear,Medium,4.3,1,20.12
2352,24-08-2023 21:00,21,3,8,0,0,Midtown,Midtown,14.54105715,56,1,UberX,Sedan,Clear,High,3.6,2.5,44.12
2353,13-09-2023 22:00,22,2,9,0,0,Financial District,East Village,5.875013696,26,1,UberX,Sedan,Clear,Medium,4.5,1,12.94
2354,23-08-2023 10:00,10,2,8,0,1,East Village,Upper West,3.015192955,9,1,UberX,SUV,Clear,Low,4,1,11.34
2355,20-12-2023 00:00,0,2,12,0,0,Lower East Side,Midtown,24.20810046,78,1,UberX,Van,Clear,High,4.9,2.5,58.25
2356,18-01-2023 15:00,15,2,1,0,0,Financial District,Downtown,7.287539814,27,2,UberX,Hatchback,Rainy,Medium,3.8,1,19.05
2357,19-10-2023 15:00,15,3,10,0,0,Financial District,Upper West,7.386220089,30,1,UberX,Sedan,Clear,Medium,4,2,25.9
2358,27-06-2023 01:00,1,1,6,0,0,Lower East Side,Financial District,14.57465353,41,1,Lyft,SUV,Clear,High,4.3,1,29.69
2359,14-03-2023 22:00,22,1,3,0,0,Upper East,Tribeca,13.08701957,44,1,UberX,Sedan,Clear,Medium,4.2,1,25.48
2360,18-07-2023 05:00,5,1,7,0,0,Midtown,Upper East,4.087506495,13,1,UberX,SUV,Cloudy,Medium,4.1,1,9.39
2361,23-03-2023 23:00,23,3,3,0,0,Upper West,Tribeca,5.447890911,22,1,UberX,Sedan,Cloudy,Low,4,2.5,27.96
2362,20-06-2023 08:00,8,1,6,0,1,Queens,East Village,11.59685927,36,1,UberX,Hatchback,Clear,High,3.7,1,25.18
2363,24-06-2023 02:00,2,5,6,1,0,Tribeca,Chinatown,18.19562381,63,2,UberX,Sedan,Clear,Low,4.7,1,32.32
2364,21-11-2023 13:00,13,1,11,0,0,Midtown,Lower East Side,8.232725688,30,1,Standard,Sedan,Clear,Very Heavy,4.2,1,21.23
2365,03-05-2023 18:00,18,2,5,0,1,Lower East Side,Soho,11.91961328,35,1,LyftPlus,Hatchback,Clear,Low,4.4,2.5,40.76
2366,13-08-2023 18:00,18,6,8,1,1,Soho,Queens,15.58091331,44,1,UberX,Van,Clear,High,4.3,1,28.72
2367,25-11-2023 08:00,8,5,11,1,1,Financial District,Financial District,22.94654083,75,5,Lyft,Sedan,Clear,Medium,4.4,1,43.68
2368,31-07-2023 11:00,11,0,7,0,0,Upper West,East Village,8.742898537,29,1,UberX,Sedan,Clear,Low,4.6,1,15.34
2369,29-10-2023 06:00,6,6,10,1,0,Lower East Side,Upper West,6.786777918,27,5,UberX,Hatchback,Rainy,Medium,4.4,1,22.18
2370,05-03-2023 19:00,19,6,3,1,1,Upper East,Midtown,12.52807259,40,2,Lyft,SUV,Clear,Low,3.9,1.5,25.29
2371,05-05-2023 14:00,14,4,5,0,0,Brooklyn,Financial District,18.55052423,64,2,UberX,Van,Clear,Low,4.3,1,32.33
2372,26-10-2023 03:00,3,3,10,0,0,Lower East Side,Soho,5.658883823,25,1,UberXL,Sedan,Cloudy,Low,3.9,1.5,18.37
2373,07-07-2023 05:00,5,4,7,0,0,Tribeca,Upper East,12.94095032,45,1,Lyft,Sedan,Cloudy,High,4.4,1,23
2374,08-02-2023 21:00,21,2,2,0,0,Tribeca,Midtown,3.611304112,13,1,Lyft,Sedan,Cloudy,Low,4.1,1,10.15
2375,02-03-2023 20:00,20,3,3,0,1,Queens,Queens,4.063862403,15,1,Standard,SUV,Clear,Very Heavy,3.6,1,13.27
2376,24-04-2023 11:00,11,0,4,0,0,Brooklyn,Brooklyn,12.48828637,41,5,Lyft,Hatchback,Clear,Low,4.6,1.5,27.85
2377,12-01-2023 21:00,21,3,1,0,0,Lower East Side,Queens,9.036665871,28,1,Lyft,Hatchback,Clear,High,3.9,1,20.72
2378,12-01-2023 00:00,0,3,1,0,0,Chinatown,Tribeca,19.54198846,65,1,UberX,Van,Clear,High,4.9,1,33.9
2379,12-10-2023 00:00,0,3,10,0,0,East Village,Financial District,15.32860943,50,1,UberX,Sedan,Clear,Very Heavy,3.9,1,31.16
2380,15-03-2023 10:00,10,2,3,0,1,Brooklyn,Tribeca,11.64490618,39,2,Lyft,Hatchback,Cloudy,Low,5,1.5,28.46
2381,02-01-2023 16:00,16,0,1,0,0,Financial District,East Village,11.98789918,39,1,Standard,Hatchback,Snowy,High,4.2,1,28.18
2382,31-08-2023 19:00,19,3,8,0,1,Financial District,Downtown,16.29552953,53,1,UberXL,Hatchback,Cloudy,Low,3.5,2,39.09
2383,11-12-2023 03:00,3,0,12,0,0,Financial District,East Village,4.649775096,19,1,Standard,Sedan,Rainy,Medium,3.6,1,15.56
2384,11-02-2023 03:00,3,5,2,1,0,Financial District,Upper East,20.39659357,64,2,UberX,SUV,Clear,High,3.6,1,33.46
2385,22-11-2023 04:00,4,2,11,0,0,Midtown,Lower East Side,23.44503202,74,1,UberX,SUV,Rainy,Medium,3.6,1,44.65
2386,21-11-2023 13:00,13,1,11,0,0,Tribeca,Financial District,5.693887929,20,1,UberX,SUV,Cloudy,Medium,3.9,1,13.71
2387,27-08-2023 05:00,5,6,8,1,0,Brooklyn,Chinatown,3.893259345,15,1,UberXL,Sedan,Rainy,Low,4,2,21.11
2388,14-05-2023 06:00,6,6,5,1,0,Tribeca,Chinatown,5.876226485,22,4,Lyft,SUV,Clear,Low,3.7,1,14.43
2389,12-08-2023 22:00,22,5,8,1,0,Soho,Downtown,17.77135086,50,1,UberX,Hatchback,Clear,Low,4.2,1,30.34
2390,19-07-2023 14:00,14,2,7,0,0,Brooklyn,Midtown,16.25871709,57,2,Standard,Sedan,Clear,High,4,1,31.38
2391,27-10-2023 07:00,7,4,10,0,1,Midtown,Downtown,4.776955887,21,1,UberXL,Sedan,Clear,Low,4.5,1,14.29
2392,16-04-2023 04:00,4,6,4,1,0,Soho,Upper East,21.87454476,71,1,UberXL,Sedan,Cloudy,High,3.8,1.5,42.62
2393,14-04-2023 07:00,7,4,4,0,1,Tribeca,Upper West,20.23915636,68,1,Lyft,Hatchback,Rainy,High,4.9,2,48.98
2394,03-08-2023 18:00,18,3,8,0,1,Soho,Tribeca,13.04927817,40,1,UberX,SUV,Rainy,Medium,4.3,1,29.07
2395,02-02-2023 10:00,10,3,2,0,1,Queens,Soho,16.81321907,50,1,Lyft,SUV,Clear,High,4.4,1,32.97
2396,04-03-2023 04:00,4,5,3,1,0,Lower East Side,East Village,18.1048521,53,1,UberX,SUV,Clear,High,3.6,1,35.79
2397,28-01-2023 12:00,12,5,1,1,0,Soho,Financial District,13.26600428,46,1,UberX,Sedan,Clear,Medium,4.3,2,38.11
2398,26-02-2023 04:00,4,6,2,1,0,Brooklyn,Lower East Side,12.66880896,43,1,Lyft,Sedan,Rainy,Medium,4.1,2.5,40.96
2399,24-11-2023 03:00,3,4,11,0,0,Financial District,Upper East,15.86934705,53,1,Standard,Sedan,Clear,Very Heavy,4.9,2.5,43.77
2400,26-10-2023 04:00,4,3,10,0,0,Financial District,Brooklyn,16.76313239,58,2,Lyft,Sedan,Snowy,Very Heavy,4.8,1,34.92
2401,27-03-2023 04:00,4,0,3,0,0,Chinatown,Soho,15.69749014,44,2,Lyft,SUV,Rainy,High,4.5,1,29.23
2402,04-11-2023 00:00,0,5,11,1,0,East Village,Upper East,17.4348928,53,1,Lyft,Van,Rainy,Low,4.7,1,32.23
2403,27-05-2023 12:00,12,5,5,1,0,Tribeca,Brooklyn,17.36282944,55,1,UberX,Sedan,Cloudy,Medium,4.5,1,29.87
2404,10-07-2023 17:00,17,0,7,0,1,Queens,Brooklyn,17.90911632,60,3,LyftPlus,Van,Snowy,Medium,3.5,1,37.87
2405,31-01-2023 07:00,7,1,1,0,1,Brooklyn,Brooklyn,15.40646283,51,2,UberXL,SUV,Clear,High,4.6,1,31.38
2406,08-11-2023 04:00,4,2,11,0,0,Brooklyn,Upper West,19.15151541,70,6,UberX,Sedan,Cloudy,High,3.8,1,40.02
2407,15-01-2023 06:00,6,6,1,1,0,Lower East Side,Downtown,11.84713679,37,1,UberX,Sedan,Clear,Medium,4.5,1,22.6
2408,02-03-2023 07:00,7,3,3,0,1,Upper East,Chinatown,8.481045736,32,1,UberX,Hatchback,Clear,High,3.5,1,21.07
2409,02-10-2023 05:00,5,0,10,0,0,Chinatown,Queens,2.430557506,15,1,UberX,SUV,Clear,Low,4,1,5.77
2410,21-09-2023 05:00,5,3,9,0,0,Downtown,East Village,14.43259905,52,1,UberX,Sedan,Rainy,High,4.3,1.5,35.9
2411,22-01-2023 22:00,22,6,1,1,0,Tribeca,Brooklyn,16.03827008,52,1,UberX,Sedan,Clear,Low,4,1,25.91
2412,09-10-2023 04:00,4,0,10,0,0,Brooklyn,Upper East,25.19897004,76,1,Lyft,Hatchback,Rainy,High,4.5,1.5,49.17
2413,17-01-2023 21:00,21,1,1,0,0,Upper West,Midtown,10.35737357,38,1,Lyft,Sedan,Rainy,Low,4.3,1,20
2414,29-11-2023 18:00,18,2,11,0,1,Brooklyn,Midtown,12.00010236,41,1,Lyft,Hatchback,Rainy,Low,4.9,1.5,33.18
2415,05-06-2023 20:00,20,0,6,0,1,Upper East,Chinatown,6.531840839,26,1,UberX,Sedan,Clear,Low,4,1,15.15
2416,18-03-2023 22:00,22,5,3,1,0,Soho,Financial District,3.508511086,19,1,Lyft,SUV,Cloudy,Very Heavy,4.6,1,13.39
2417,03-03-2023 14:00,14,4,3,0,0,Midtown,Tribeca,19.67729592,63,3,UberX,SUV,Clear,Medium,4.8,1,35.59
2418,02-02-2023 03:00,3,3,2,0,0,Chinatown,Brooklyn,8.228509631,26,2,Lyft,SUV,Clear,Medium,3.9,2,28.24
2419,19-08-2023 05:00,5,5,8,1,0,Midtown,Upper East,17.0636885,57,1,UberX,Sedan,Snowy,High,4.6,1,34.47
2420,09-01-2023 01:00,1,0,1,0,0,Lower East Side,Brooklyn,16.87948203,56,5,UberXL,Sedan,Clear,Medium,4.1,1,30.82
2421,25-03-2023 15:00,15,5,3,1,0,Upper West,Upper West,15.52584204,50,1,UberX,Hatchback,Clear,Medium,3.7,2,37.78
2422,19-02-2023 09:00,9,6,2,1,1,Upper West,Tribeca,20.48748028,63,1,Lyft,Sedan,Rainy,Medium,3.5,1,39.67
2423,10-04-2023 18:00,18,0,4,0,1,Chinatown,Brooklyn,12.99155337,45,6,LyftPlus,SUV,Clear,Low,4.6,1,25.06
2424,16-06-2023 21:00,21,4,6,0,0,Chinatown,East Village,8.982913964,34,1,Lyft,Hatchback,Clear,Medium,3.8,2,28.25
2425,06-11-2023 13:00,13,0,11,0,0,East Village,Midtown,22.06400032,66,1,UberX,Hatchback,Cloudy,Low,3.6,1.5,42.59
2426,05-04-2023 05:00,5,2,4,0,0,Lower East Side,Brooklyn,21.7792825,70,1,UberX,Sedan,Clear,High,4.2,1,38.27
2427,05-06-2023 16:00,16,0,6,0,0,Chinatown,East Village,7.281046418,28,1,Standard,SUV,Clear,Low,4,2.5,31.28
2428,07-10-2023 20:00,20,5,10,1,1,Midtown,East Village,4.398656619,23,1,UberXL,SUV,Rainy,Medium,4.5,1,15.76
2429,23-07-2023 03:00,3,6,7,1,0,Soho,Downtown,4.762118553,19,1,Standard,Sedan,Rainy,Medium,3.7,1,13.15
2430,02-07-2023 10:00,10,6,7,1,1,Midtown,East Village,9.6358308,38,1,UberX,Sedan,Rainy,Low,3.7,1.5,26.48
2431,22-11-2023 15:00,15,2,11,0,0,Downtown,Tribeca,23.05942328,76,2,Standard,Sedan,Cloudy,Very Heavy,4.1,1,45.38
2432,24-05-2023 19:00,19,2,5,0,1,Tribeca,Midtown,15.1030859,52,1,Standard,SUV,Clear,Very Heavy,4.3,1,31.58
2433,14-11-2023 08:00,8,1,11,0,1,Midtown,Lower East Side,11.60613195,37,1,Lyft,Hatchback,Rainy,Low,4.7,2.5,38.36
2434,27-04-2023 16:00,16,3,4,0,0,Lower East Side,Financial District,20.26874371,73,1,UberX,Hatchback,Rainy,High,4.4,1,37.43
2435,14-12-2023 05:00,5,3,12,0,0,Financial District,Upper West,13.04991452,44,2,UberXL,Hatchback,Clear,Medium,4.9,1,24.74
2436,14-08-2023 10:00,10,0,8,0,1,East Village,Midtown,9.767044534,34,2,Standard,SUV,Snowy,High,3.8,1,27.08
2437,02-03-2023 15:00,15,3,3,0,0,Upper East,Upper East,24.97664357,79,3,LyftPlus,Van,,Low,4.4,1,43.28
2438,15-10-2023 04:00,4,6,10,1,0,Upper West,Financial District,21.85650526,74,1,UberX,SUV,Clear,Low,4.5,1,34.94
2439,31-08-2023 00:00,0,3,8,0,0,Lower East Side,East Village,22.04053263,76,1,UberX,SUV,Rainy,High,4.6,1,43.54
2440,11-10-2023 04:00,4,2,10,0,0,Downtown,Brooklyn,7.728488817,30,1,LyftPlus,Hatchback,Rainy,High,5,2,30.36
2441,19-07-2023 20:00,20,2,7,0,1,Upper West,Downtown,14.90231282,48,1,Lyft,Sedan,Clear,Medium,4.2,2,38.63
2442,01-08-2023 05:00,5,1,8,0,0,Lower East Side,Financial District,20.92993369,72,1,LyftPlus,Sedan,Cloudy,High,4.1,1,39.59
2443,25-02-2023 05:00,5,5,2,1,0,East Village,Upper East,5.639165877,18,5,LyftPlus,Hatchback,Rainy,High,4.8,1,21.41
2444,27-07-2023 08:00,8,3,7,0,1,Brooklyn,Upper East,15.92188141,50,1,Standard,Hatchback,Rainy,Low,3.8,1,32.21
2445,18-02-2023 07:00,7,5,2,1,1,Chinatown,Financial District,25.82685069,78,4,UberX,Sedan,Clear,Medium,3.6,1,50.08
2446,13-07-2023 18:00,18,3,7,0,1,Downtown,Downtown,10.38487722,35,1,UberX,Hatchback,Clear,Low,4.2,1,19.46
2447,27-07-2023 19:00,19,3,7,0,1,Chinatown,East Village,20.50312372,69,3,UberX,Sedan,Clear,High,3.9,1,37.41
2448,15-07-2023 17:00,17,5,7,1,1,Queens,Lower East Side,14.11221433,46,1,Standard,Hatchback,Rainy,Very Heavy,4.1,1,33.92
2449,15-01-2023 04:00,4,6,1,1,0,Downtown,Tribeca,4.790633234,19,3,UberXL,Sedan,Rainy,Medium,5,1,16.39
2450,09-06-2023 12:00,12,4,6,0,0,East Village,Upper East,18.64757178,62,1,UberX,Van,Clear,High,4,2.5,47.48
2451,24-03-2023 00:00,0,4,3,0,0,Upper East,East Village,7.182904216,25,4,UberX,Hatchback,Clear,High,4.6,1,20.34
2452,30-01-2023 07:00,7,0,1,0,1,Downtown,Tribeca,14.92150739,46,1,UberX,Sedan,Clear,Low,3.9,1,27.28
2453,17-08-2023 10:00,10,3,8,0,1,East Village,Tribeca,5.746968434,17,1,LyftPlus,Hatchback,Rainy,Medium,4,1,18.53
2454,23-09-2023 16:00,16,5,9,1,0,Soho,Upper East,23.44632674,79,1,Lyft,Hatchback,Rainy,Medium,3.9,1,42.62
2455,17-03-2023 00:00,0,4,3,0,0,Tribeca,Lower East Side,9.331468097,31,1,Lyft,SUV,Clear,Medium,4.4,1,19.49
2456,16-08-2023 15:00,15,2,8,0,0,Midtown,Financial District,7.42685496,25,1,UberX,Van,Clear,High,3.8,1,18.59
2457,24-07-2023 16:00,16,0,7,0,0,Soho,Tribeca,5.799953038,17,5,Standard,Van,Clear,Medium,4.6,1,15.27
2458,13-07-2023 16:00,16,3,7,0,0,East Village,Brooklyn,24.06743162,76,1,UberX,Sedan,Clear,Medium,4.5,1.5,45.2
2459,05-02-2023 15:00,15,6,2,1,0,Financial District,Midtown,19.4161963,64,2,Lyft,Sedan,Rainy,High,4.1,2,48.59
2460,30-04-2023 10:00,10,6,4,1,1,Brooklyn,Upper West,20.61604032,65,1,UberX,Sedan,Clear,Low,3.5,1,36.26
2461,08-01-2023 14:00,14,6,1,1,0,Midtown,Upper East,14.0354489,48,1,UberX,SUV,Clear,Medium,3.5,1,25.26
2462,10-05-2023 16:00,16,2,5,0,0,Financial District,Soho,11.78242104,34,1,UberX,Sedan,Rainy,Low,4.3,1,23.5
2463,25-08-2023 06:00,6,4,8,0,0,Upper East,Tribeca,6.726113714,25,3,Lyft,Sedan,Snowy,Medium,4.8,1,17.79
2464,07-07-2023 04:00,4,4,7,0,0,Upper West,Queens,13.84452483,45,1,Lyft,Van,Snowy,High,4.4,1,29.77
2465,31-08-2023 15:00,15,3,8,0,0,Queens,Chinatown,8.009906171,24,1,UberX,Hatchback,Snowy,Low,4.2,1,17.62
2466,05-03-2023 05:00,5,6,3,1,0,Midtown,Brooklyn,24.00684073,72,1,UberX,Hatchback,Rainy,High,4.8,1,46.45
2467,28-07-2023 10:00,10,4,7,0,1,Soho,Soho,20.5363386,64,1,LyftPlus,Van,Rainy,Medium,3.8,1,40.06
2468,26-02-2023 12:00,12,6,2,1,0,Brooklyn,East Village,10.82234072,33,1,UberX,Sedan,Rainy,Low,4,1,19.36
2469,01-06-2023 05:00,5,3,6,0,0,Lower East Side,Upper West,5.017458814,21,1,UberX,SUV,Cloudy,Medium,4.3,1,14.75
2470,01-06-2023 04:00,4,3,6,0,0,Financial District,Downtown,20.25577621,67,1,UberXL,Sedan,Snowy,High,3.9,1.5,42.21
2471,09-12-2023 02:00,2,5,12,1,0,East Village,Tribeca,4.887392321,20,1,LyftPlus,SUV,Clear,Low,5,2.5,28.54
2472,13-09-2023 12:00,12,2,9,0,0,Midtown,Lower East Side,8.511436129,31,2,UberX,Sedan,Clear,Medium,4.2,1,18.23
2473,02-10-2023 12:00,12,0,10,0,0,Upper West,Chinatown,7.102571347,21,1,Standard,Sedan,Clear,High,3.6,1,16.42
2474,18-05-2023 23:00,23,3,5,0,0,Chinatown,Downtown,14.22327226,49,3,UberX,Sedan,Rainy,Medium,3.8,1,28.89
2475,10-09-2023 00:00,0,6,9,1,0,East Village,Lower East Side,21.98708225,72,1,UberX,SUV,Rainy,Low,4.3,1,35.94
2476,18-09-2023 06:00,6,0,9,0,0,Financial District,Upper West,10.38486357,36,1,UberX,Van,Cloudy,Medium,4.3,1,20.77
2477,11-02-2023 03:00,3,5,2,1,0,Chinatown,Brooklyn,7.579688948,27,1,Lyft,Sedan,Clear,High,5,1,16.7
2478,19-05-2023 09:00,9,4,5,0,1,Brooklyn,Brooklyn,11.29753201,36,1,UberX,SUV,Clear,Very Heavy,4.4,1,26.65
2479,12-07-2023 07:00,7,2,7,0,1,Downtown,Upper West,19.66619118,65,1,Lyft,SUV,Snowy,Low,4.5,1,39.1
2480,15-12-2023 13:00,13,4,12,0,0,Upper West,Brooklyn,8.362217128,28,1,UberX,SUV,Clear,Medium,3.8,1.5,23.1
2481,05-06-2023 21:00,21,0,6,0,0,East Village,Chinatown,7.866162942,31,1,UberX,Van,Clear,Low,3.7,1,13.71
2482,08-05-2023 04:00,4,0,5,0,0,Upper West,Tribeca,23.47699406,76,1,LyftPlus,Sedan,Rainy,High,4.4,1,42.03
2483,01-10-2023 22:00,22,6,10,1,0,Upper East,Upper West,25.23700031,80,1,Lyft,Sedan,Clear,Low,4.8,1,41.33
2484,31-01-2023 06:00,6,1,1,0,0,Chinatown,Upper East,25.25664385,79,1,UberX,Sedan,Clear,Low,4.4,1,41.92
2485,06-06-2023 16:00,16,1,6,0,0,Lower East Side,Queens,19.07927031,61,2,Lyft,SUV,Clear,High,4.2,1,35.41
2486,30-08-2023 22:00,22,2,8,0,0,East Village,East Village,6.270683471,23,2,Lyft,Sedan,Clear,Low,4.4,2.5,29.04
2487,20-03-2023 03:00,3,0,3,0,0,Midtown,Midtown,6.499588548,24,1,UberX,Sedan,Clear,Medium,4.2,1.5,19.86
2488,19-10-2023 09:00,9,3,10,0,1,Lower East Side,Lower East Side,10.36379726,32,2,UberXL,Hatchback,Clear,Very Heavy,3.7,1,26.45
2489,18-06-2023 01:00,1,6,6,1,0,Downtown,Chinatown,10.94778093,38,3,UberX,Sedan,Clear,Very Heavy,4.6,1,26.38
2490,15-08-2023 19:00,19,1,8,0,1,Downtown,Financial District,23.66436457,76,1,UberXL,Sedan,Clear,Low,4.3,1,43.73
2491,11-02-2023 05:00,5,5,2,1,0,Queens,Queens,20.10650605,61,1,Lyft,Van,Rainy,Medium,4.1,2.5,52.56
2492,06-06-2023 00:00,0,1,6,0,0,Upper West,Midtown,17.9491713,59,3,UberX,SUV,Clear,Medium,4.3,2.5,52.4
2493,25-12-2023 19:00,19,0,12,0,1,Soho,Financial District,7.852533286,28,1,UberX,SUV,Clear,Medium,3.9,1,19.05
2494,25-01-2023 17:00,17,2,1,0,1,Downtown,Downtown,24.24220981,75,1,UberX,Sedan,Clear,Very Heavy,4.1,2,56.51
2495,15-03-2023 22:00,22,2,3,0,0,Lower East Side,Queens,21.18070569,70,1,Standard,SUV,Clear,High,4.4,1,41
2496,08-02-2023 23:00,23,2,2,0,0,Downtown,Soho,8.180139272,33,2,Lyft,Hatchback,Clear,,3.8,1,19.12
2497,08-06-2023 16:00,16,3,6,0,0,Upper East,Queens,21.62166599,68,3,UberX,Hatchback,Clear,Medium,4.6,1,35.42
2498,14-01-2023 19:00,19,5,1,1,1,Tribeca,Lower East Side,7.592463206,28,1,UberXL,SUV,Snowy,Medium,4.3,1,19.6
2499,27-11-2023 02:00,2,0,11,0,0,Upper East,Brooklyn,5.583502938,25,4,UberX,Hatchback,,Medium,4.8,2,26.33
2500,23-04-2023 14:00,14,6,4,1,0,Upper East,Tribeca,17.35421944,50,1,Lyft,Sedan,Rainy,Medium,4.8,1,33.36
2501,03-09-2023 09:00,9,6,9,1,1,Tribeca,Tribeca,16.80246331,61,1,UberXL,Sedan,Clear,Low,4.2,1.5,34.21
2502,30-07-2023 14:00,14,6,7,1,0,Upper West,Midtown,5.165175416,20,1,Standard,Hatchback,Rainy,Low,3.8,2.5,25.41
2503,11-06-2023 04:00,4,6,6,1,0,East Village,Brooklyn,8.43035637,32,4,UberX,Sedan,Clear,Low,4.6,1.5,21.77
2504,25-06-2023 00:00,0,6,6,1,0,Brooklyn,Downtown,6.251932528,18,1,Lyft,Hatchback,Rainy,Low,4.1,1,16.63
2505,09-01-2023 09:00,9,0,1,0,1,Soho,Tribeca,24.93448172,75,1,Lyft,SUV,Clear,Low,4.4,1.5,47.53
2506,15-04-2023 01:00,1,5,4,1,0,Downtown,East Village,18.35974916,57,1,LyftPlus,SUV,Cloudy,Medium,3.7,1,32.66
2507,18-03-2023 18:00,18,5,3,1,1,Queens,Downtown,20.45551214,63,1,UberXL,Hatchback,Cloudy,Medium,4.4,1.5,41.33
2508,14-07-2023 02:00,2,4,7,0,0,Soho,Brooklyn,8.570819004,23,1,Lyft,Hatchback,Clear,Medium,4.1,1,17.32
2509,11-11-2023 08:00,8,5,11,1,1,East Village,Brooklyn,5.368570023,17,1,UberX,Hatchback,Clear,Medium,4,1,15.85
2510,18-11-2023 14:00,14,5,11,1,0,Tribeca,Midtown,10.36227053,33,3,UberXL,SUV,Clear,Very Heavy,5,1.5,28.76
2511,02-02-2023 02:00,2,3,2,0,0,Soho,Upper East,8.965659581,27,1,LyftPlus,SUV,Clear,Medium,4.1,1.5,23.14
2512,12-05-2023 11:00,11,4,5,0,0,Downtown,Tribeca,7.815768619,32,1,Standard,Van,Cloudy,High,4.5,2.5,35.16
2513,09-03-2023 20:00,20,3,3,0,1,Soho,Brooklyn,8.152981655,31,1,Lyft,Hatchback,Clear,Very Heavy,4.4,1,20.86
2514,17-01-2023 02:00,2,1,1,0,0,Brooklyn,Brooklyn,16.52023013,52,1,UberX,Sedan,Clear,Low,3.7,1,29.13
2515,09-09-2023 07:00,7,5,9,1,1,Chinatown,East Village,10.21046055,37,1,LyftPlus,Hatchback,Rainy,Medium,4.6,1,23.78
2516,26-09-2023 07:00,7,1,9,0,1,Lower East Side,Queens,19.84778416,65,3,UberX,Hatchback,Clear,Medium,4,1,40.23
2517,24-09-2023 17:00,17,6,9,1,1,Tribeca,Queens,5.261773733,15,1,UberX,SUV,Clear,Medium,4.7,1,15.84
2518,17-06-2023 00:00,0,5,6,1,0,Soho,Brooklyn,14.06419326,48,3,Lyft,SUV,Clear,Low,4.4,1,27.4
2519,13-04-2023 18:00,18,3,4,0,1,Downtown,Chinatown,3.779146769,15,2,UberX,SUV,Rainy,High,4,1.5,22.59
2520,06-04-2023 02:00,2,3,4,0,0,Downtown,Downtown,14.21610993,49,1,Standard,Sedan,Clear,Low,4,2,34.09
2521,19-03-2023 08:00,8,6,3,1,1,Soho,East Village,5.108179534,17,1,UberXL,Sedan,Rainy,Very Heavy,4.6,1,21.49
2522,29-11-2023 12:00,12,2,11,0,0,Chinatown,Downtown,23.61089415,77,1,UberXL,Hatchback,Clear,High,4.3,1,42.31
2523,25-03-2023 06:00,6,5,3,1,0,Upper West,Financial District,18.51633172,63,1,Lyft,SUV,Clear,Medium,4.5,1,32.86
2524,17-08-2023 04:00,4,3,8,0,0,Queens,Upper East,14.29830781,49,1,Lyft,Sedan,Clear,Low,3.7,1,23.91
2525,14-07-2023 13:00,13,4,7,0,0,Financial District,Queens,6.102663817,17,1,UberXL,Sedan,Snowy,Medium,4.7,1.5,22.91
2526,29-06-2023 22:00,22,3,6,0,0,Upper East,Queens,16.38565913,61,1,UberX,Sedan,Clear,Medium,4,1,28.94
2527,22-10-2023 08:00,8,6,10,1,1,Tribeca,East Village,18.20644921,61,3,Lyft,Hatchback,Clear,Medium,4.4,1,34.32
2528,07-11-2023 06:00,6,1,11,0,0,Financial District,Chinatown,7.436469388,26,1,UberX,SUV,Cloudy,High,3.7,1,18.75
2529,01-03-2023 15:00,15,2,3,0,0,East Village,Chinatown,14.37583697,49,1,UberX,SUV,Snowy,Medium,4,2.5,43.64
2530,23-08-2023 08:00,8,2,8,0,1,East Village,Upper West,19.37022356,69,1,Lyft,Sedan,Cloudy,Medium,4.5,2,45.17
2531,07-11-2023 21:00,21,1,11,0,0,Downtown,Lower East Side,19.89378331,60,1,UberX,Hatchback,,High,3.9,2,44.99
2532,17-03-2023 19:00,19,4,3,0,1,East Village,Downtown,20.8283229,70,1,Standard,Van,Clear,Low,4.8,1,37.89
2533,17-02-2023 02:00,2,4,2,0,0,Upper West,Tribeca,22.24649324,71,4,Lyft,Hatchback,Clear,Medium,4.5,1,41.77
2534,01-10-2023 11:00,11,6,10,1,0,Queens,East Village,24.06714282,76,2,Standard,SUV,Cloudy,Medium,4.8,1,44.57
2535,21-04-2023 18:00,18,4,4,0,1,Lower East Side,Midtown,11.13086619,37,1,UberX,Hatchback,Clear,Medium,4.1,1,25.05
2536,26-05-2023 20:00,20,4,5,0,1,East Village,Upper West,15.59860137,45,1,Standard,Sedan,Clear,High,3.6,1,28.63
2537,23-12-2023 22:00,22,5,12,1,0,Brooklyn,Soho,19.90915826,66,1,UberX,Sedan,Clear,Very Heavy,4.4,1.5,43.14
2538,30-03-2023 08:00,8,3,3,0,1,Queens,Downtown,18.08538642,51,1,UberX,Sedan,Clear,Medium,4,1,33.76
2539,17-06-2023 12:00,12,5,6,1,0,Upper West,Upper West,25.1698576,78,2,UberX,Sedan,Rainy,Medium,4.2,1,48.74
2540,16-05-2023 19:00,19,1,5,0,1,Chinatown,East Village,4.360546545,16,4,UberXL,Sedan,Cloudy,Medium,4.5,1.5,20.88
2541,17-03-2023 23:00,23,4,3,0,0,Financial District,Tribeca,11.10522675,37,1,UberX,SUV,Rainy,High,4.6,1,23.61
2542,03-03-2023 10:00,10,4,3,0,1,Queens,Midtown,12.62400913,36,1,UberXL,Sedan,Clear,High,3.5,1,26.6
2543,04-04-2023 10:00,10,1,4,0,1,Queens,Upper East,9.192839852,35,1,UberX,Hatchback,Cloudy,Low,4.7,1,16.82
2544,16-05-2023 03:00,3,1,5,0,0,Financial District,Upper West,9.258564071,27,1,UberX,Sedan,Clear,Low,4.2,2.5,32.18
2545,19-10-2023 06:00,6,3,10,0,0,Upper West,Upper East,8.929452406,29,1,Lyft,Van,Clear,Very Heavy,4.3,1,18.89
2546,04-08-2023 00:00,0,4,8,0,0,Chinatown,Brooklyn,20.47991238,64,1,UberX,Sedan,Clear,Medium,3.9,1,32.74
2547,11-05-2023 14:00,14,3,5,0,0,East Village,Queens,6.075483934,22,1,Lyft,SUV,Clear,Medium,4.1,2,22.67
2548,28-03-2023 06:00,6,1,3,0,0,Downtown,Financial District,19.26030959,63,1,Lyft,Sedan,Clear,High,4.6,1,33.55
2549,15-01-2023 23:00,23,6,1,1,0,Tribeca,Queens,19.40003468,63,1,Standard,SUV,Clear,Medium,4.7,2.5,48.86
2550,17-02-2023 13:00,13,4,2,0,0,Chinatown,Soho,9.066732726,37,1,UberX,Van,Cloudy,Medium,4.1,1,19.63
2551,10-03-2023 03:00,3,4,3,0,0,Financial District,Chinatown,7.955132787,29,1,Standard,Hatchback,Cloudy,Low,4.5,1,15.69
2552,16-06-2023 16:00,16,4,6,0,0,Lower East Side,Lower East Side,17.39774385,58,1,Lyft,Sedan,Clear,Very Heavy,3.9,1,33.98
2553,21-05-2023 01:00,1,6,5,1,0,Financial District,Tribeca,18.63906799,59,1,Standard,Sedan,Clear,Low,4.7,1,31.7
2554,02-10-2023 07:00,7,0,10,0,1,Chinatown,Midtown,22.84698484,74,4,UberX,Sedan,Clear,Medium,4.4,1,44.3
2555,23-11-2023 11:00,11,3,11,0,0,Financial District,Upper East,23.49886662,74,1,Lyft,Sedan,Clear,Medium,4.7,1,38.4
2556,01-01-2023 06:00,6,6,1,1,0,Financial District,East Village,25.05004124,78,4,LyftPlus,Hatchback,Clear,High,4.2,1,45.97
2557,17-05-2023 03:00,3,2,5,0,0,Tribeca,Upper East,16.98708543,65,1,UberX,Sedan,Clear,Low,3.8,1,29.12
2558,01-10-2023 12:00,12,6,10,1,0,Tribeca,Tribeca,22.61222866,77,1,Lyft,SUV,Rainy,Medium,4.1,1,41.48
2559,25-07-2023 08:00,8,1,7,0,1,East Village,Lower East Side,21.26817467,66,1,LyftPlus,Sedan,Clear,Medium,4.1,1.5,43.56
2560,19-04-2023 14:00,14,2,4,0,0,Soho,East Village,23.38085216,77,1,Lyft,Sedan,Clear,Medium,4,1,38.74
2561,04-09-2023 02:00,2,0,9,0,0,Soho,East Village,2.950622928,14,1,UberX,Van,Rainy,High,3.8,1,12.82
2562,17-05-2023 09:00,9,2,5,0,1,Midtown,Soho,24.93357497,77,2,Lyft,Sedan,Rainy,Low,4.6,1,44.01
2563,14-11-2023 03:00,3,1,11,0,0,Financial District,Tribeca,13.87235253,52,1,UberX,Sedan,Clear,High,3.6,1,26.02
2564,08-02-2023 01:00,1,2,2,0,0,Financial District,Upper West,21.25484191,68,1,LyftPlus,Hatchback,Clear,High,4.8,2,49.76
2565,25-03-2023 19:00,19,5,3,1,1,Queens,Lower East Side,4.768414743,23,1,UberX,Sedan,Cloudy,Very Heavy,3.8,1.5,22.98
2566,02-03-2023 02:00,2,3,3,0,0,Soho,Queens,12.98680294,41,1,UberX,Sedan,Rainy,Medium,5,1.5,28.02
2567,20-08-2023 02:00,2,6,8,1,0,East Village,Lower East Side,9.422777523,36,3,UberX,SUV,Clear,Medium,5,1,14.69
2568,18-03-2023 05:00,5,5,3,1,0,Lower East Side,Chinatown,9.298356561,36,3,Lyft,Van,Rainy,Medium,4.1,1,21.67
2569,27-09-2023 12:00,12,2,9,0,0,Downtown,Brooklyn,7.905987756,25,1,Standard,Hatchback,Clear,Very Heavy,5,1,18.41
2570,08-02-2023 17:00,17,2,2,0,1,Midtown,Lower East Side,5.67279735,21,1,UberX,Van,Rainy,High,4.8,1,18.64
2571,04-06-2023 03:00,3,6,6,1,0,Midtown,Upper East,19.89787769,64,1,UberX,SUV,Clear,Medium,3.6,1.5,40.41
2572,13-02-2023 22:00,22,0,2,0,0,Lower East Side,Upper West,4.392490934,23,4,UberX,Sedan,Clear,Very Heavy,4.9,2,25.62
2573,28-08-2023 08:00,8,0,8,0,1,Lower East Side,Brooklyn,10.83822907,42,1,LyftPlus,Sedan,Rainy,High,3.6,1,25.79
2574,21-03-2023 04:00,4,1,3,0,0,Chinatown,Midtown,7.867360683,27,2,UberXL,Hatchback,Rainy,Very Heavy,3.8,1,23.86
2575,18-10-2023 20:00,20,2,10,0,1,East Village,Financial District,17.47204838,56,1,UberX,Sedan,Clear,High,4.4,1,32.76
2576,22-10-2023 13:00,13,6,10,1,0,Downtown,Chinatown,8.783330471,32,5,Lyft,Sedan,Clear,High,3.6,1.5,28.7
2577,23-05-2023 07:00,7,1,5,0,1,Queens,Upper East,7.042231489,21,1,UberX,Van,Clear,High,3.7,1,20.09
2578,19-01-2023 10:00,10,3,1,0,1,Tribeca,Soho,14.37231042,51,1,UberXL,Sedan,Clear,Low,4.9,1,25.62
2579,17-09-2023 02:00,2,6,9,1,0,Lower East Side,Brooklyn,17.95078359,56,1,UberX,SUV,Clear,Very Heavy,5,2,45.09
2580,13-07-2023 20:00,20,3,7,0,1,Upper East,East Village,7.222536643,26,4,LyftPlus,Hatchback,Rainy,Medium,4.7,1.5,25.45
2581,27-11-2023 19:00,19,0,11,0,1,Soho,Upper West,7.943336151,33,5,Standard,Hatchback,Clear,Medium,4.3,1,22.81
2582,23-11-2023 09:00,9,3,11,0,1,Financial District,Queens,8.571828605,32,2,Lyft,Sedan,Rainy,High,4.9,1,22.45
2583,13-11-2023 13:00,13,0,11,0,0,East Village,Lower East Side,24.27814878,76,2,UberXL,SUV,Rainy,High,3.7,1.5,51.77
2584,05-07-2023 18:00,18,2,7,0,1,Chinatown,Lower East Side,12.74099188,40,1,UberXL,Sedan,Clear,High,4.9,1,25.26
2585,02-10-2023 15:00,15,0,10,0,0,Soho,Soho,13.52283455,45,2,UberX,SUV,Rainy,Medium,4,1.5,33.29
2586,07-04-2023 05:00,5,4,4,0,0,Financial District,Upper East,8.555341846,29,3,Lyft,SUV,Snowy,Medium,4.8,1,21.88
2587,19-09-2023 04:00,4,1,9,0,0,Upper East,Tribeca,14.73577022,57,1,Lyft,Hatchback,Clear,Low,4.5,2,36.31
2588,07-02-2023 22:00,22,1,2,0,0,Upper East,Upper West,4.509614633,16,1,Standard,Sedan,Cloudy,Medium,4.9,1.5,17.55
2589,30-06-2023 20:00,20,4,6,0,1,Tribeca,Soho,3.382169348,13,1,UberX,Hatchback,Rainy,High,4.8,2,24.72
2590,17-06-2023 01:00,1,5,6,1,0,Chinatown,Financial District,13.60698115,42,1,Lyft,Hatchback,Clear,Medium,4.8,1,22.1
2591,04-10-2023 04:00,4,2,10,0,0,Upper West,Lower East Side,13.11995101,43,3,Lyft,SUV,Clear,Medium,4.4,1,23.47
2592,01-04-2023 09:00,9,5,4,1,1,Upper East,Upper East,6.462410667,25,1,UberX,Sedan,Rainy,Low,4.7,1,13.75
2593,01-04-2023 12:00,12,5,4,1,0,Lower East Side,Midtown,17.45020815,54,1,Lyft,Sedan,Clear,High,4.6,2,41.97
2594,25-08-2023 04:00,4,4,8,0,0,Chinatown,Queens,26.06085884,84,1,Standard,Hatchback,Rainy,Low,3.7,1,46.44
2595,21-09-2023 01:00,1,3,9,0,0,Soho,Midtown,13.11587657,40,1,Standard,Van,Cloudy,High,4.5,1,25.31
2596,13-12-2023 11:00,11,2,12,0,0,Brooklyn,Brooklyn,15.93296059,55,1,Lyft,Sedan,Clear,Medium,3.7,1,28.46
2597,01-12-2023 20:00,20,4,12,0,1,Brooklyn,Tribeca,26.98403664,84,3,UberX,Van,Clear,Low,4.8,1.5,50.69
2598,10-10-2023 21:00,21,1,10,0,0,Financial District,Lower East Side,21.29311632,67,1,LyftPlus,SUV,Clear,High,3.6,2,49.01
2599,02-02-2023 17:00,17,3,2,0,1,Financial District,Brooklyn,14.14657468,51,3,Lyft,Hatchback,Clear,Medium,5,1.5,33.98
2600,13-09-2023 19:00,19,2,9,0,1,Upper West,Queens,19.95223085,63,1,UberX,Sedan,Cloudy,Medium,4.1,1,36.75
2601,22-09-2023 08:00,8,4,9,0,1,Brooklyn,Upper West,5.12096923,21,3,UberX,Hatchback,Clear,High,3.8,2.5,30.83
2602,11-04-2023 16:00,16,1,4,0,0,Financial District,Lower East Side,13.8147588,48,1,UberX,Hatchback,Clear,High,4.9,1,27.71
2603,23-06-2023 02:00,2,4,6,0,0,Upper East,Brooklyn,9.207033908,36,1,UberX,Hatchback,Clear,High,3.6,2,32.15
2604,23-08-2023 03:00,3,2,8,0,0,Financial District,Tribeca,4.675540035,20,1,Lyft,Hatchback,Cloudy,High,4.2,1,15.12
2605,22-03-2023 16:00,16,2,3,0,0,Midtown,Downtown,5.820977562,21,4,UberX,Sedan,Clear,Medium,4.7,1,13.16
2606,08-06-2023 15:00,15,3,6,0,0,Upper West,Downtown,10.48243379,34,1,UberX,SUV,Snowy,Medium,4,1,20.31
2607,25-10-2023 23:00,23,2,10,0,0,East Village,Soho,5.89698757,23,1,UberX,Sedan,Rainy,Low,4.3,1,13.84
2608,15-05-2023 20:00,20,0,5,0,1,Downtown,Soho,17.70595872,55,3,UberXL,Sedan,Cloudy,Very Heavy,4.6,1,39.82
2609,09-04-2023 00:00,0,6,4,1,0,Queens,Upper East,13.61609008,47,1,UberX,Sedan,Clear,Very Heavy,4.9,1,24.99
2610,22-03-2023 12:00,12,2,3,0,0,Chinatown,Soho,12.48100853,43,1,UberX,Sedan,Clear,Medium,3.7,1,23.25
2611,23-12-2023 12:00,12,5,12,1,0,Downtown,Chinatown,4.558071155,15,1,UberX,SUV,Clear,Low,3.7,1,12.9
2612,24-07-2023 20:00,20,0,7,0,1,Downtown,Financial District,5.478218226,17,1,Lyft,SUV,Clear,Low,4.3,1,15.04
2613,18-08-2023 02:00,2,4,8,0,0,Tribeca,Soho,16.3539835,54,1,UberX,Sedan,Rainy,High,4.1,2,43.33
2614,09-02-2023 10:00,10,3,2,0,1,Lower East Side,Lower East Side,24.89181247,78,1,Lyft,SUV,Clear,Low,4.1,2,51
2615,01-03-2023 23:00,23,2,3,0,0,Chinatown,Financial District,6.167794825,25,2,UberX,Sedan,Clear,High,3.9,2.5,33.54
2616,19-11-2023 02:00,2,6,11,1,0,East Village,Soho,9.393991127,30,1,UberX,Sedan,Rainy,Very Heavy,4.3,1,23.66
2617,22-07-2023 09:00,9,5,7,1,1,Financial District,Midtown,22.11035873,73,1,UberX,Hatchback,Clear,Very Heavy,4.8,1.5,44.39
2618,15-01-2023 04:00,4,6,1,1,0,Lower East Side,Chinatown,3.518405329,17,1,UberX,Sedan,Clear,Low,3.7,1.5,16.1
2619,16-01-2023 22:00,22,0,1,0,0,Tribeca,Chinatown,22.04611553,67,1,UberX,SUV,Clear,Very Heavy,3.8,1,39.61
2620,20-12-2023 19:00,19,2,12,0,1,Downtown,East Village,14.51477619,47,1,UberX,Sedan,Rainy,High,4.5,1,36.79
2621,06-01-2023 18:00,18,4,1,0,1,Chinatown,Financial District,9.927114334,38,2,UberX,SUV,Clear,Low,3.6,1,20.82
2622,15-01-2023 22:00,22,6,1,1,0,Midtown,Upper West,8.922753074,32,4,Lyft,Sedan,Rainy,Medium,4.5,1,22.27
2623,25-07-2023 11:00,11,1,7,0,0,Queens,Upper East,9.999933636,34,3,UberX,Sedan,Clear,High,4,1.5,27.64
2624,25-05-2023 00:00,0,3,5,0,0,Downtown,Queens,9.907150177,37,1,LyftPlus,Sedan,Clear,Very Heavy,4,1,22.46
2625,09-03-2023 19:00,19,3,3,0,1,Brooklyn,Financial District,22.21266043,70,3,LyftPlus,Hatchback,Cloudy,Low,4.1,1,41.46
2626,04-10-2023 02:00,2,2,10,0,0,East Village,Brooklyn,18.31605417,58,3,Lyft,Sedan,Rainy,Low,4,1,34.28
2627,28-07-2023 12:00,12,4,7,0,0,East Village,East Village,15.9910182,53,1,UberX,Sedan,Clear,Medium,4.8,1,28.68
2628,05-10-2023 04:00,4,3,10,0,0,East Village,Midtown,18.39709984,64,1,LyftPlus,Sedan,Rainy,Very Heavy,4.9,1.5,40.6
2629,25-09-2023 08:00,8,0,9,0,1,Upper West,Downtown,8.34983495,27,1,UberX,Sedan,Clear,Very Heavy,4.3,1,22.15
2630,13-05-2023 02:00,2,5,5,1,0,Upper West,Chinatown,18.08588693,60,1,UberX,Sedan,Cloudy,Low,4.4,1,29.17
2631,09-06-2023 19:00,19,4,6,0,1,Upper East,Midtown,13.1583626,43,4,UberX,Sedan,Rainy,Medium,3.6,1,31.05
2632,01-12-2023 01:00,1,4,12,0,0,Soho,Soho,21.23511574,72,1,Standard,Van,Clear,Very Heavy,4.6,1,40.06
2633,31-03-2023 15:00,15,4,3,0,0,Queens,Upper East,8.626947009,33,1,UberX,Sedan,Cloudy,High,4.4,2.5,35.01
2634,15-10-2023 17:00,17,6,10,1,1,Tribeca,Chinatown,17.43307907,57,1,Standard,SUV,Clear,Very Heavy,3.6,2,48.21
2635,29-04-2023 02:00,2,5,4,1,0,Lower East Side,East Village,21.70498629,71,1,UberX,Van,Rainy,High,3.8,1,42.36
2636,17-04-2023 23:00,23,0,4,0,0,Lower East Side,Brooklyn,11.10503079,36,1,Standard,Sedan,Snowy,Low,3.8,1,26.39
2637,24-02-2023 11:00,11,4,2,0,0,Lower East Side,Financial District,5.210275525,18,4,Standard,SUV,Clear,High,3.8,1,17.39
2638,21-04-2023 20:00,20,4,4,0,1,Financial District,Midtown,14.2326711,55,1,Standard,Sedan,Clear,Low,4.5,1,26.83
2639,05-06-2023 10:00,10,0,6,0,1,Downtown,East Village,9.225860534,31,3,UberXL,Van,Rainy,High,4.9,1,24.44
2640,16-09-2023 15:00,15,5,9,1,0,Soho,Financial District,17.88698795,59,1,LyftPlus,Van,Clear,Medium,4.6,1,29.41
2641,12-05-2023 18:00,18,4,5,0,1,Financial District,Lower East Side,23.20655583,73,1,Standard,Sedan,Cloudy,Very Heavy,4.2,1.5,52.27
2642,17-02-2023 12:00,12,4,2,0,0,Tribeca,Upper East,12.23905276,37,1,UberX,Sedan,Clear,Very Heavy,4.1,1,27.16
2643,19-12-2023 10:00,10,1,12,0,1,Lower East Side,Lower East Side,12.26083548,38,3,UberXL,Sedan,Rainy,Low,4.1,2.5,41.16
2644,13-03-2023 04:00,4,0,3,0,0,Soho,Chinatown,19.4467589,64,1,Lyft,Van,Clear,Low,4.4,1,32.93
2645,01-06-2023 06:00,6,3,6,0,0,Financial District,Queens,6.489329532,20,1,UberX,Sedan,Clear,Medium,4,1,14.94
2646,14-05-2023 19:00,19,6,5,1,1,Midtown,Downtown,2.985462409,11,1,Lyft,Van,Cloudy,High,3.8,1,13.44
2647,30-09-2023 10:00,10,5,9,1,1,Upper West,Upper East,8.38877031,32,4,UberX,Hatchback,Rainy,High,4.4,1,25.77
2648,20-01-2023 19:00,19,4,1,0,1,Tribeca,Lower East Side,23.10206226,74,1,UberXL,Sedan,Clear,Very Heavy,4.1,1,42.28
2649,17-11-2023 04:00,4,4,11,0,0,Lower East Side,Soho,17.47270024,56,1,UberX,Hatchback,Clear,Medium,3.5,2.5,47.74
2650,20-02-2023 07:00,7,0,2,0,1,Chinatown,Tribeca,2.631879462,11,1,UberX,Sedan,Rainy,Medium,3.5,1,15.18
2651,23-03-2023 16:00,16,3,3,0,0,Queens,Queens,8.248827715,26,1,UberX,SUV,Cloudy,Low,3.9,1,14.75
2652,24-01-2023 05:00,5,1,1,0,0,Brooklyn,Soho,18.96511552,68,2,LyftPlus,Sedan,Rainy,Low,4.3,2,41.36
2653,06-02-2023 18:00,18,0,2,0,1,Midtown,Lower East Side,20.86578316,64,4,UberX,Sedan,Rainy,High,4,1,44
2654,18-07-2023 09:00,9,1,7,0,1,Upper West,Midtown,21.80701861,73,1,LyftPlus,SUV,Clear,Very Heavy,3.5,1,44.41
2655,02-09-2023 11:00,11,5,9,1,0,East Village,Queens,10.03654601,28,3,Lyft,SUV,Cloudy,Medium,3.8,1.5,25.33
2656,18-10-2023 03:00,3,2,10,0,0,Upper West,Soho,23.13814235,77,2,UberXL,SUV,Rainy,High,3.6,1,41.81
2657,26-10-2023 14:00,14,3,10,0,0,Soho,Queens,13.58839247,48,1,UberX,SUV,Clear,Medium,4.9,1,22.11
2658,27-11-2023 09:00,9,0,11,0,1,Upper East,Upper East,16.72110761,52,3,UberX,Van,Clear,Medium,4,1,34.71
2659,11-08-2023 19:00,19,4,8,0,1,Midtown,Chinatown,15.27656216,48,1,UberXL,Hatchback,Clear,Medium,3.5,1,30.01
2660,30-10-2023 21:00,21,0,10,0,0,East Village,East Village,5.49970837,24,1,UberX,SUV,Cloudy,Medium,4.5,1,15.45
2661,05-12-2023 13:00,13,1,12,0,0,Soho,Downtown,22.90537346,70,1,UberXL,Sedan,Rainy,Very Heavy,3.8,2,50.29
2662,13-04-2023 06:00,6,3,4,0,0,Tribeca,Downtown,4.573391741,20,1,Standard,Sedan,Cloudy,Medium,4.4,1,12.29
2663,07-07-2023 06:00,6,4,7,0,0,Queens,Soho,8.229010348,27,1,UberX,Sedan,Clear,Medium,3.7,1,19.16
2664,23-03-2023 02:00,2,3,3,0,0,Upper West,Soho,21.76392776,72,2,Lyft,SUV,Rainy,High,5,1,39.74
2665,28-04-2023 00:00,0,4,4,0,0,Chinatown,Queens,16.94346141,61,2,Standard,SUV,Cloudy,Very Heavy,5,1.5,40.02
2666,04-10-2023 18:00,18,2,10,0,1,Tribeca,Midtown,20.57575558,63,2,LyftPlus,SUV,Clear,Medium,4.5,1.5,41.53
2667,09-06-2023 09:00,9,4,6,0,1,East Village,Soho,14.3925797,49,1,LyftPlus,Van,Clear,Medium,4.6,1,26.87
2668,28-05-2023 08:00,8,6,5,1,1,Soho,Queens,9.965207604,37,4,LyftPlus,Sedan,Rainy,Low,4.1,2,34
2669,10-09-2023 20:00,20,6,9,1,1,Lower East Side,Upper West,22.41707886,66,1,UberX,SUV,Cloudy,Low,4.9,1,38.27
2670,08-06-2023 10:00,10,3,6,0,1,Upper East,Lower East Side,2.140374625,14,1,LyftPlus,Hatchback,Clear,Low,4.1,1,10.72
2671,15-07-2023 19:00,19,5,7,1,1,Lower East Side,Downtown,22.26370315,72,1,Standard,Sedan,Clear,Very Heavy,3.9,1.5,48.46
2672,24-03-2023 02:00,2,4,3,0,0,Upper West,Lower East Side,7.795184009,30,1,UberXL,SUV,Clear,Low,3.7,1,17.45
2673,30-08-2023 22:00,22,2,8,0,0,Chinatown,Soho,21.51447677,64,1,UberX,Van,Clear,Medium,3.8,2,48.38
2674,13-09-2023 22:00,22,2,9,0,0,Queens,Upper East,6.86826262,27,1,UberXL,SUV,Clear,High,4.4,1,15.24
2675,28-04-2023 11:00,11,4,4,0,0,Upper East,Brooklyn,14.76756597,48,3,UberX,Hatchback,Clear,High,3.9,2,40.04
2676,16-01-2023 04:00,4,0,1,0,0,Financial District,Queens,23.00512345,70,5,UberX,Van,Cloudy,Low,4.5,1,39.01
2677,27-06-2023 10:00,10,1,6,0,1,Soho,Downtown,15.40279323,53,2,Lyft,SUV,Rainy,Medium,4.1,2,44.29
2678,10-05-2023 23:00,23,2,5,0,0,Tribeca,Soho,18.44235295,62,1,Lyft,Sedan,Clear,Medium,4.8,1,34.45
2679,19-03-2023 15:00,15,6,3,1,0,Chinatown,East Village,19.13975669,62,2,UberXL,Hatchback,Cloudy,Medium,4.3,1,31.97
2680,05-01-2023 19:00,19,3,1,0,1,Upper West,Queens,17.94503204,59,2,UberX,Hatchback,Rainy,Medium,4.4,1,37.07
2681,23-10-2023 04:00,4,0,10,0,0,Upper West,Midtown,23.7458395,75,1,Lyft,Sedan,Clear,Medium,4.3,2.5,57.29
2682,01-12-2023 00:00,0,4,12,0,0,East Village,Soho,14.57664527,44,2,UberX,SUV,Clear,Low,4.8,1,26.8
2683,10-04-2023 08:00,8,0,4,0,1,Chinatown,Queens,8.514088695,30,1,UberX,SUV,Rainy,Medium,3.6,1,21.82
2684,13-06-2023 23:00,23,1,6,0,0,Queens,Soho,4.896749324,23,1,Lyft,Hatchback,Rainy,Low,3.6,1.5,22.16
2685,19-11-2023 14:00,14,6,11,1,0,Brooklyn,Tribeca,9.301413658,36,1,UberX,Sedan,Clear,Very Heavy,4.6,1,22.01
2686,15-08-2023 18:00,18,1,8,0,1,Financial District,Brooklyn,6.614901987,22,1,UberX,Sedan,Clear,Medium,4.7,1,14.35
2687,14-04-2023 18:00,18,4,4,0,1,Upper East,Financial District,15.99997204,53,2,UberX,SUV,Cloudy,High,4.2,1.5,39.44
2688,18-10-2023 20:00,20,2,10,0,1,Midtown,Financial District,7.372555368,27,1,Lyft,SUV,Clear,Low,4,1,18.2
2689,16-11-2023 05:00,5,3,11,0,0,Midtown,Tribeca,3.056777433,15,1,Lyft,Van,Rainy,High,3.9,1.5,19.02
2690,13-03-2023 20:00,20,0,3,0,1,Chinatown,Queens,5.505214244,21,3,UberX,Van,Rainy,Medium,3.9,1,18.62
2691,07-12-2023 22:00,22,3,12,0,0,Upper West,Midtown,22.62996069,75,5,UberX,Sedan,Clear,Low,4.9,1,36.91
2692,26-04-2023 07:00,7,2,4,0,1,East Village,Chinatown,15.23490866,49,1,Lyft,Sedan,Clear,High,3.9,1,28.92
2693,17-02-2023 09:00,9,4,2,0,1,Downtown,Soho,11.52635597,42,1,LyftPlus,Sedan,Clear,High,4.5,1.5,29.09
2694,21-06-2023 13:00,13,2,6,0,0,Chinatown,Queens,24.13425917,75,1,Lyft,Sedan,Clear,Very Heavy,4.7,1.5,45.24
2695,23-05-2023 12:00,12,1,5,0,0,Upper West,East Village,4.96300558,20,1,LyftPlus,SUV,Clear,High,3.5,1,16.49
2696,01-09-2023 13:00,13,4,9,0,0,Lower East Side,Midtown,24.36172838,80,1,UberXL,SUV,Rainy,Low,3.6,1,42.35
2697,19-07-2023 02:00,2,2,7,0,0,Midtown,East Village,17.98815011,59,1,Lyft,Sedan,Clear,Medium,4,1,31.48
2698,12-06-2023 18:00,18,0,6,0,1,Midtown,Chinatown,7.291553687,19,2,LyftPlus,Sedan,Clear,Medium,4.5,1.5,21.03
2699,01-06-2023 13:00,13,3,6,0,0,Financial District,Tribeca,17.31164264,57,2,Lyft,Sedan,Rainy,Low,3.9,1,30.09
2700,04-05-2023 01:00,1,3,5,0,0,Tribeca,Upper East,18.64421888,63,1,Standard,SUV,Cloudy,High,3.5,1,35.25
2701,05-09-2023 01:00,1,1,9,0,0,Downtown,Financial District,9.51444447,34,1,UberXL,SUV,Cloudy,Medium,3.9,1.5,24.39
2702,12-01-2023 12:00,12,3,1,0,0,Upper West,Financial District,23.929042,79,1,Standard,Sedan,Clear,Very Heavy,3.6,2,54.29
2703,25-03-2023 07:00,7,5,3,1,1,Financial District,Lower East Side,5.479261397,24,1,Lyft,Sedan,Clear,Medium,3.8,1,13.33
2704,21-02-2023 03:00,3,1,2,0,0,East Village,Soho,10.09837169,33,1,LyftPlus,Hatchback,Clear,Medium,4,1.5,25.72
2705,22-09-2023 01:00,1,4,9,0,0,Financial District,Brooklyn,4.136441527,12,1,UberX,Hatchback,Clear,Low,3.7,2,21.78
2706,05-06-2023 15:00,15,0,6,0,0,Upper West,Tribeca,7.806272108,24,1,Lyft,Sedan,Rainy,Low,4.6,2.5,31.48
2707,29-01-2023 23:00,23,6,1,1,0,Soho,Queens,8.701762338,31,1,LyftPlus,Sedan,Clear,High,3.9,1,20.78
2708,23-06-2023 00:00,0,4,6,0,0,Brooklyn,Tribeca,21.94880218,72,1,UberX,Sedan,Rainy,Very Heavy,4.5,1,42.41
2709,26-11-2023 05:00,5,6,11,1,0,Chinatown,Queens,5.675449983,21,1,Lyft,Sedan,Clear,Medium,4.4,2.5,27.74
2710,08-11-2023 06:00,6,2,11,0,0,Upper West,Tribeca,12.2048947,37,1,LyftPlus,Hatchback,Clear,High,4.8,1,25.05
2711,11-11-2023 01:00,1,5,11,1,0,Queens,Upper East,15.26541583,51,1,UberX,Sedan,Cloudy,Medium,3.6,1,27.9
2712,29-04-2023 09:00,9,5,4,1,1,Midtown,Upper West,24.22576542,77,1,UberXL,SUV,Clear,Very Heavy,3.8,1,45.5
2713,25-06-2023 08:00,8,6,6,1,1,Downtown,Brooklyn,8.739622967,31,1,Lyft,Van,Clear,Low,4.8,1,19.83
2714,30-12-2023 21:00,21,5,12,1,0,Lower East Side,Queens,24.85448982,84,1,UberXL,Hatchback,Clear,Medium,4.7,1,39.2
2715,15-02-2023 08:00,8,2,2,0,1,Lower East Side,Brooklyn,21.5185872,72,1,UberX,SUV,Snowy,Medium,3.8,2,52.51
2716,21-05-2023 03:00,3,6,5,1,0,Downtown,Midtown,4.955348699,19,1,UberX,Sedan,Clear,Medium,3.7,1,11
2717,02-01-2023 00:00,0,0,1,0,0,Chinatown,Tribeca,24.45053475,74,2,UberX,Sedan,Clear,Medium,4.8,1,44.49
2718,14-09-2023 00:00,0,3,9,0,0,Tribeca,Lower East Side,20.15259947,69,1,UberX,Hatchback,Rainy,Medium,3.8,1,38.69
2719,25-08-2023 04:00,4,4,8,0,0,Brooklyn,Soho,22.96485515,68,1,UberX,Sedan,Rainy,Medium,4.8,1,42.97
2720,26-06-2023 12:00,12,0,6,0,0,Queens,Downtown,17.22417001,55,4,Lyft,Sedan,Cloudy,Low,4.9,1,31.18
2721,03-12-2023 04:00,4,6,12,1,0,Midtown,Midtown,4.200592905,14,4,Lyft,Sedan,Clear,High,3.8,2.5,30.35
2722,04-04-2023 03:00,3,1,4,0,0,Lower East Side,East Village,10.82851096,36,1,Lyft,Sedan,Snowy,High,4.8,1,25.66
2723,31-10-2023 23:00,23,1,10,0,0,Chinatown,Financial District,16.94747005,55,2,UberX,SUV,Rainy,High,4.1,1,33.53
2724,16-12-2023 16:00,16,5,12,1,0,Chinatown,Lower East Side,11.54196904,35,1,UberXL,Hatchback,Clear,Medium,4.7,1.5,29.62
2725,19-12-2023 00:00,0,1,12,0,0,Chinatown,Downtown,8.605377612,23,5,UberX,Van,Clear,Low,4.1,1,19.41
2726,06-06-2023 03:00,3,1,6,0,0,Downtown,Upper East,10.2199621,32,1,LyftPlus,Hatchback,Cloudy,Medium,3.6,1.5,24.79
2727,13-05-2023 07:00,7,5,5,1,1,Queens,Tribeca,15.19687754,46,2,Lyft,Sedan,Rainy,Low,4.6,1,28.15
2728,24-07-2023 01:00,1,0,7,0,0,Financial District,Upper West,26.08207681,80,2,LyftPlus,Sedan,Rainy,Medium,3.7,1.5,50.25
2729,29-07-2023 21:00,21,5,7,1,0,Tribeca,Upper East,5.277836149,19,1,UberX,Sedan,Rainy,Low,4.9,1,13.05
2730,06-11-2023 11:00,11,0,11,0,0,Chinatown,Queens,19.67547933,68,2,Lyft,Sedan,Clear,Medium,4.1,1.5,38.99
2731,25-12-2023 13:00,13,0,12,0,0,Upper West,Downtown,19.17219938,60,1,UberXL,SUV,Clear,Low,3.6,1,33.86
2732,25-03-2023 22:00,22,5,3,1,0,Upper West,Financial District,22.86659117,72,1,LyftPlus,Van,Clear,Low,3.8,1,38.32
2733,27-02-2023 13:00,13,0,2,0,0,Chinatown,Soho,23.26124021,74,1,UberXL,SUV,Clear,Very Heavy,4.8,1,42.12
2734,15-02-2023 18:00,18,2,2,0,1,Soho,Upper West,19.16873497,64,4,UberXL,Hatchback,Clear,Very Heavy,4,1,40.26
2735,23-05-2023 18:00,18,1,5,0,1,Midtown,Brooklyn,15.19188315,52,1,UberX,SUV,Clear,Medium,4.8,2,39.2
2736,02-06-2023 07:00,7,4,6,0,1,Queens,Tribeca,6.5635746,18,1,Lyft,SUV,Rainy,Low,3.8,1,17.09
2737,27-11-2023 18:00,18,0,11,0,1,Upper East,Queens,16.65292635,51,1,UberX,Van,Clear,Very Heavy,4.2,1,35.46
2738,08-01-2023 19:00,19,6,1,1,1,Downtown,Tribeca,19.77231577,67,1,UberX,Hatchback,Clear,Very Heavy,4.8,1,38.49
2739,14-08-2023 09:00,9,0,8,0,1,East Village,Upper East,21.83530725,68,1,UberX,SUV,Cloudy,High,3.6,2.5,55.2
2740,29-03-2023 04:00,4,2,3,0,0,East Village,Lower East Side,20.40582282,69,2,Standard,Sedan,Rainy,Medium,4,1,39.23
2741,30-03-2023 18:00,18,3,3,0,1,Upper West,Lower East Side,8.032647983,31,5,UberX,Sedan,Clear,Low,4.9,1,17.91
2742,07-08-2023 10:00,10,0,8,0,1,Lower East Side,Downtown,16.71350068,48,1,LyftPlus,Hatchback,Cloudy,Low,4.4,1,32.73
2743,23-12-2023 05:00,5,5,12,1,0,Upper East,Upper East,10.46438986,31,1,Standard,Sedan,Rainy,High,4.6,2.5,38.65
2744,24-08-2023 07:00,7,3,8,0,1,East Village,Downtown,4.080156154,16,1,Standard,SUV,Clear,High,4.8,1,13.55
2745,05-08-2023 01:00,1,5,8,1,0,Brooklyn,Soho,8.22135093,30,1,LyftPlus,SUV,,Medium,4.3,1,15.78
2746,29-08-2023 16:00,16,1,8,0,0,Brooklyn,Financial District,6.312336738,23,1,LyftPlus,Hatchback,Clear,Medium,4.8,1,13.6
2747,26-11-2023 17:00,17,6,11,1,1,Midtown,Brooklyn,21.26414997,68,1,UberX,Sedan,Cloudy,Medium,4.5,1,39.67
2748,11-11-2023 11:00,11,5,11,1,0,Upper East,Soho,8.404512268,30,1,UberX,Sedan,Clear,High,4.5,1,17.67
2749,22-11-2023 23:00,23,2,11,0,0,Brooklyn,Midtown,9.056011489,31,1,Lyft,Hatchback,Clear,High,3.7,1,21.34
2750,03-11-2023 11:00,11,4,11,0,0,Brooklyn,Lower East Side,23.62454029,75,2,UberXL,SUV,Cloudy,Medium,4.9,1.5,44.33
2751,27-09-2023 09:00,9,2,9,0,1,Upper West,Financial District,11.44558263,32,4,UberX,Sedan,Clear,Low,4.7,2,35.19
2752,04-03-2023 09:00,9,5,3,1,1,East Village,Soho,3.205261499,13,1,Lyft,Van,Clear,Medium,3.9,1.5,17.02
2753,17-04-2023 11:00,11,0,4,0,0,Midtown,Upper West,10.89968361,36,1,Lyft,Hatchback,Clear,High,4.4,1,21.97
2754,14-08-2023 09:00,9,0,8,0,1,Queens,Tribeca,5.119775408,17,1,LyftPlus,SUV,Clear,High,4.1,1.5,21.71
2755,03-05-2023 23:00,23,2,5,0,0,Chinatown,Upper East,4.275080672,15,3,Lyft,Hatchback,Rainy,Low,4.5,1,15.07
2756,21-02-2023 14:00,14,1,2,0,0,Financial District,Lower East Side,5.35045533,16,1,Lyft,Sedan,Rainy,Low,5,1,14.76
2757,16-07-2023 23:00,23,6,7,1,0,Downtown,Financial District,16.12323039,54,2,UberXL,Van,Clear,High,3.6,1,31.93
2758,15-06-2023 05:00,5,3,6,0,0,Downtown,Upper West,6.479305633,20,1,UberXL,Van,Clear,Medium,4.9,1,15.67
2759,25-08-2023 22:00,22,4,8,0,0,Lower East Side,Upper East,11.72945707,39,1,Standard,SUV,Clear,Medium,3.6,1,22.16
2760,04-06-2023 05:00,5,6,6,1,0,Tribeca,Midtown,21.68539785,68,1,UberX,SUV,Snowy,Medium,4.2,1,39.48
2761,26-04-2023 20:00,20,2,4,0,1,Financial District,East Village,13.85972394,46,1,UberXL,Hatchback,Rainy,High,4.2,1,32.26
2762,05-11-2023 06:00,6,6,11,1,0,Financial District,Financial District,22.19506479,74,1,Lyft,SUV,Clear,High,3.9,1,40.2
2763,08-03-2023 04:00,4,2,3,0,0,Downtown,Upper West,13.37381653,42,1,UberXL,Sedan,Clear,Medium,4.4,1,24.43
2764,09-04-2023 16:00,16,6,4,1,0,Downtown,Upper East,10.12766135,35,2,UberX,SUV,Clear,Medium,4.8,2,31.5
2765,30-08-2023 05:00,5,2,8,0,0,Queens,Upper East,13.13219008,46,1,UberX,Sedan,Clear,Low,3.9,2,33.31
2766,19-01-2023 04:00,4,3,1,0,0,Upper East,Soho,18.79505462,61,1,UberX,Sedan,Snowy,High,3.6,2.5,54.82
2767,28-04-2023 20:00,20,4,4,0,1,Upper East,Downtown,10.37650568,33,1,UberX,Sedan,Rainy,High,4.4,2,32.69
2768,06-03-2023 20:00,20,0,3,0,1,Queens,Soho,3.445884312,10,1,LyftPlus,Sedan,Rainy,Medium,4.6,2.5,28.11
2769,12-11-2023 10:00,10,6,11,1,1,East Village,Upper West,5.88524929,20,1,UberXL,Hatchback,Clear,Low,4.9,1.5,20.26
2770,08-11-2023 16:00,16,2,11,0,0,Financial District,Queens,16.69159803,55,1,UberX,Sedan,Clear,Low,3.7,2.5,46.17
2771,08-01-2023 14:00,14,6,1,1,0,Soho,Tribeca,14.33146843,47,1,UberX,SUV,Clear,Medium,4.9,1,28.04
2772,27-10-2023 14:00,14,4,10,0,0,Financial District,Financial District,21.059541,70,1,UberX,Sedan,Clear,Low,4.2,1.5,39.04
2773,06-10-2023 15:00,15,4,10,0,0,Tribeca,Soho,21.34202643,68,1,Standard,SUV,Clear,High,3.9,1,40.46
2774,20-08-2023 21:00,21,6,8,1,0,Downtown,Upper East,10.20932685,33,1,UberXL,Hatchback,Clear,High,4.9,1,18.65
2775,29-10-2023 17:00,17,6,10,1,1,Financial District,Upper East,11.03838292,33,4,Standard,Sedan,Clear,Medium,3.9,2,33.73
2776,15-11-2023 19:00,19,2,11,0,1,Downtown,East Village,16.61953139,51,1,UberX,SUV,Clear,High,4.6,1,32.74
2777,21-08-2023 07:00,7,0,8,0,1,Financial District,Financial District,13.14126533,41,2,LyftPlus,Hatchback,Cloudy,Medium,4.7,1,28.04
2778,08-03-2023 05:00,5,2,3,0,0,Tribeca,East Village,24.01400272,80,1,UberX,Sedan,Cloudy,Very Heavy,4.1,1,43
2779,07-01-2023 15:00,15,5,1,1,0,East Village,Chinatown,22.48232214,68,1,UberX,Sedan,Clear,Low,4.5,1.5,41.77
2780,01-10-2023 03:00,3,6,10,1,0,Chinatown,Lower East Side,24.17930595,74,1,UberX,Sedan,Clear,Low,4.4,1.5,46.61
2781,10-12-2023 12:00,12,6,12,1,0,Soho,Tribeca,7.601376192,25,1,Lyft,SUV,Clear,,3.8,1,14.74
2782,13-10-2023 06:00,6,4,10,0,0,Lower East Side,Midtown,21.79195208,73,1,UberX,Hatchback,Cloudy,Medium,4.6,1,36.01
2783,07-04-2023 03:00,3,4,4,0,0,Brooklyn,Soho,6.258351779,25,1,UberXL,SUV,Snowy,Low,4.9,2,24.25
2784,21-02-2023 04:00,4,1,2,0,0,Queens,Brooklyn,7.806914662,27,1,LyftPlus,Sedan,Cloudy,Medium,4.2,1.5,25.69
2785,29-10-2023 02:00,2,6,10,1,0,Queens,Upper West,22.48940465,67,1,UberX,Sedan,Rainy,Medium,5,1,40.86
2786,21-08-2023 22:00,22,0,8,0,0,Lower East Side,Upper West,3.796076265,15,2,UberX,Sedan,Clear,High,4.1,1.5,16.36
2787,16-10-2023 07:00,7,0,10,0,1,Soho,Midtown,23.97690793,79,2,LyftPlus,Sedan,Clear,Medium,4.2,1,44.74
2788,21-08-2023 17:00,17,0,8,0,1,Financial District,Lower East Side,5.266122482,24,1,UberXL,Sedan,Clear,Medium,4.5,1,11.89
2789,09-09-2023 22:00,22,5,9,1,0,Brooklyn,Financial District,20.29023245,58,1,LyftPlus,Sedan,Rainy,Very Heavy,3.8,2,50.34
2790,26-07-2023 01:00,1,2,7,0,0,Tribeca,Soho,8.283666196,27,1,UberX,SUV,Clear,High,4.9,2,28.68
2791,27-11-2023 07:00,7,0,11,0,1,Upper East,Lower East Side,10.79183561,37,1,UberX,Van,Rainy,Medium,4.7,1,26.51
2792,20-10-2023 08:00,8,4,10,0,1,Financial District,Tribeca,8.74339525,34,2,UberX,Sedan,Rainy,Medium,4.8,1,20.05
2793,20-11-2023 06:00,6,0,11,0,0,East Village,Chinatown,17.840119,54,1,Standard,Hatchback,Clear,Medium,4.4,1,33.49
2794,31-07-2023 22:00,22,0,7,0,0,Downtown,Downtown,10.48720785,32,1,LyftPlus,SUV,Cloudy,Low,4.8,2,30.87
2795,26-10-2023 09:00,9,3,10,0,1,Lower East Side,East Village,17.76146109,56,1,Standard,Hatchback,Clear,Low,4.5,2,43.9
2796,20-03-2023 12:00,12,0,3,0,0,Midtown,Midtown,4.530456729,13,2,UberXL,Sedan,Cloudy,Medium,4.3,1,10.84
2797,17-03-2023 09:00,9,4,3,0,1,Financial District,Downtown,3.967310987,10,1,LyftPlus,Van,,High,4.9,1,17.1
2798,12-05-2023 23:00,23,4,5,0,0,Chinatown,East Village,4.409460635,24,1,UberXL,Van,Clear,Medium,4.2,1,8.69
2799,22-09-2023 16:00,16,4,9,0,0,Midtown,Midtown,14.16628641,46,1,UberXL,Van,Clear,Low,4.3,2,32.72
2800,10-09-2023 08:00,8,6,9,1,1,Financial District,Upper West,20.74574816,64,1,LyftPlus,Hatchback,Clear,Low,3.8,1,36.99
2801,12-04-2023 13:00,13,2,4,0,0,Soho,Upper West,22.75725088,69,1,UberX,Sedan,Rainy,High,4.9,1,41.62
2802,27-09-2023 12:00,12,2,9,0,0,Chinatown,Upper East,6.781969327,24,3,UberX,Sedan,Clear,Medium,3.8,1.5,19.26
2803,05-09-2023 23:00,23,1,9,0,0,Midtown,East Village,15.11232133,48,1,UberX,Van,Cloudy,High,3.8,1,33.31
2804,08-08-2023 20:00,20,1,8,0,1,Financial District,Brooklyn,21.7911688,72,2,Lyft,Sedan,Clear,Medium,3.7,1,37.79
2805,22-11-2023 18:00,18,2,11,0,1,Queens,Tribeca,9.817053917,30,1,UberX,Sedan,Rainy,Very Heavy,4.2,1,24.02
2806,17-07-2023 00:00,0,0,7,0,0,Chinatown,Queens,11.96948855,40,1,UberX,Sedan,Snowy,Medium,3.9,1,26.49
2807,20-04-2023 08:00,8,3,4,0,1,Midtown,Financial District,15.92114802,52,3,Standard,SUV,Rainy,Medium,4.6,1.5,38.5
2808,28-08-2023 02:00,2,0,8,0,0,Financial District,Financial District,4.322149367,19,1,UberX,SUV,Clear,Very Heavy,4,1,12.29
2809,26-06-2023 08:00,8,0,6,0,1,Upper East,Lower East Side,3.156861145,13,2,UberX,Van,Clear,Very Heavy,4.6,1,18.2
2810,30-08-2023 09:00,9,2,8,0,1,Downtown,East Village,8.636716219,32,2,Lyft,Hatchback,Clear,High,3.8,1,22.21
2811,08-07-2023 11:00,11,5,7,1,0,Upper East,Midtown,16.74081088,55,1,LyftPlus,SUV,Clear,Very Heavy,3.8,1,32.36
2812,21-08-2023 03:00,3,0,8,0,0,Lower East Side,Chinatown,4.562715604,20,2,UberX,SUV,Clear,Medium,4.7,1,11.99
2813,03-04-2023 16:00,16,0,4,0,0,Lower East Side,Lower East Side,8.352465743,31,3,Lyft,Sedan,Clear,Medium,4.1,1,16.12
2814,16-12-2023 13:00,13,5,12,1,0,Brooklyn,Midtown,11.68144124,38,1,UberX,Sedan,Rainy,Medium,3.7,2.5,41.3
2815,11-09-2023 19:00,19,0,9,0,1,Financial District,Queens,3.411595032,19,1,UberXL,Hatchback,Clear,Medium,4.9,1.5,17.06
2816,27-12-2023 22:00,22,2,12,0,0,Upper West,Tribeca,7.645350639,25,1,UberX,SUV,Rainy,Medium,3.8,1.5,23.2
2817,23-09-2023 01:00,1,5,9,1,0,East Village,Soho,24.8037259,83,1,UberX,Sedan,Clear,Medium,3.7,1.5,47.35
2818,23-03-2023 04:00,4,3,3,0,0,Upper East,Tribeca,2.781496777,16,1,UberXL,Sedan,Clear,High,4,2,19.34
2819,23-10-2023 14:00,14,0,10,0,0,Midtown,Lower East Side,17.00307148,57,1,Standard,SUV,Clear,Medium,3.6,1.5,37.41
2820,21-09-2023 06:00,6,3,9,0,0,Soho,Soho,11.48581519,38,1,Lyft,Sedan,Clear,Medium,3.7,1,21.4
2821,08-06-2023 04:00,4,3,6,0,0,Chinatown,Queens,18.49261716,58,1,Standard,Sedan,Clear,Low,4.8,1,30
2822,10-01-2023 18:00,18,1,1,0,1,East Village,Soho,14.52355284,48,1,Lyft,Hatchback,Rainy,Very Heavy,3.8,1,34.18
2823,31-05-2023 07:00,7,2,5,0,1,Upper West,Brooklyn,4.804445156,19,1,UberX,Sedan,Snowy,High,3.7,1,15.85
2824,02-12-2023 03:00,3,5,12,1,0,Tribeca,Lower East Side,21.85410219,70,1,UberX,SUV,Clear,Medium,4.8,2,48.21
2825,22-01-2023 18:00,18,6,1,1,1,Financial District,Upper East,14.98856623,51,2,Standard,Hatchback,Clear,High,4.2,1,31.34
2826,04-09-2023 00:00,0,0,9,0,0,Soho,Tribeca,20.7838331,69,1,Lyft,Hatchback,Clear,High,3.7,1,38.62
2827,23-07-2023 16:00,16,6,7,1,0,Financial District,Soho,11.32187596,36,1,Standard,Hatchback,Cloudy,,4.4,1,24.92
2828,01-09-2023 00:00,0,4,9,0,0,Brooklyn,Upper West,24.49611576,76,1,UberX,Hatchback,Rainy,Medium,3.6,1,42.68
2829,24-10-2023 18:00,18,1,10,0,1,Upper West,Brooklyn,21.54831206,65,1,UberX,Sedan,Rainy,Medium,4.1,2,51.44
2830,01-09-2023 10:00,10,4,9,0,1,Chinatown,Tribeca,23.58634311,76,1,UberX,Van,Clear,Low,4.4,1,42.17
2831,24-02-2023 20:00,20,4,2,0,1,Chinatown,Soho,14.88546484,54,2,UberX,Sedan,Clear,Very Heavy,4.9,1.5,36.55
2832,16-02-2023 20:00,20,3,2,0,1,Financial District,Upper West,12.26763391,37,1,UberX,Sedan,Clear,Very Heavy,4,1,29.65
2833,23-08-2023 05:00,5,2,8,0,0,Midtown,Queens,10.89429452,35,4,UberXL,Sedan,Cloudy,High,4.6,2.5,39.09
2834,14-08-2023 23:00,23,0,8,0,0,Brooklyn,Queens,20.46502687,62,1,Lyft,Van,Clear,Medium,3.7,1,35.16
2835,18-04-2023 19:00,19,1,4,0,1,Queens,East Village,24.00077708,75,1,UberX,Sedan,Rainy,Medium,4.2,2,56.23
2836,25-08-2023 08:00,8,4,8,0,1,Tribeca,Financial District,25.10020962,73,2,UberX,Sedan,Clear,Medium,3.8,1,45.77
2837,27-02-2023 10:00,10,0,2,0,1,Upper West,Downtown,8.086312493,32,2,Lyft,Sedan,Clear,Medium,4.2,1,17.48
2838,21-05-2023 14:00,14,6,5,1,0,Downtown,Upper West,20.15155638,67,1,UberXL,Sedan,Clear,Medium,4.1,1,34.88
2839,05-03-2023 07:00,7,6,3,1,1,Soho,East Village,7.873120015,29,4,Lyft,SUV,Rainy,Low,5,1,18.57
2840,29-08-2023 17:00,17,1,8,0,1,Upper East,Brooklyn,15.06220974,52,1,UberXL,Sedan,Clear,Very Heavy,4.9,1,32.93
2841,27-11-2023 15:00,15,0,11,0,0,Lower East Side,Soho,5.036983765,22,2,LyftPlus,SUV,Snowy,Medium,4.4,1,14.49
2842,11-09-2023 21:00,21,0,9,0,0,Financial District,Tribeca,9.345546383,32,1,Lyft,Hatchback,Clear,Very Heavy,3.8,1,22.36
2843,17-12-2023 18:00,18,6,12,1,1,Soho,Midtown,22.68812363,69,2,Standard,SUV,Clear,High,4.3,1,43.66
2844,12-08-2023 03:00,3,5,8,1,0,Soho,Upper West,6.146391271,21,1,UberXL,Hatchback,Clear,Medium,4.7,1,14.66
2845,27-07-2023 00:00,0,3,7,0,0,Downtown,Lower East Side,14.97877577,49,1,UberX,Sedan,Cloudy,Low,3.6,1,25.85
2846,21-08-2023 06:00,6,0,8,0,0,Downtown,Downtown,16.64521905,52,1,UberX,Sedan,Clear,Very Heavy,4.2,2,42.94
2847,19-06-2023 16:00,16,0,6,0,0,Brooklyn,Lower East Side,5.563261352,26,1,UberXL,Hatchback,Clear,High,3.6,1,14
2848,05-04-2023 01:00,1,2,4,0,0,Upper West,Chinatown,9.128335562,32,1,UberXL,Hatchback,Clear,Low,3.9,1,16.61
2849,24-12-2023 20:00,20,6,12,1,1,Midtown,Midtown,15.57918009,52,1,Lyft,SUV,Clear,Low,3.6,1,27.65
2850,04-07-2023 08:00,8,1,7,0,1,Tribeca,Upper East,5.67790684,24,1,UberX,Hatchback,Rainy,High,4.9,1,18.65
2851,15-05-2023 21:00,21,0,5,0,0,Lower East Side,Downtown,20.56163468,67,3,Lyft,SUV,Clear,Medium,3.8,1,37.66
2852,12-06-2023 05:00,5,0,6,0,0,Chinatown,East Village,22.58672572,71,1,Lyft,Sedan,Rainy,Low,3.7,1,38.26
2853,25-03-2023 13:00,13,5,3,1,0,Downtown,Downtown,6.069921847,27,2,Lyft,SUV,Rainy,High,5,2,26.35
2854,26-03-2023 00:00,0,6,3,1,0,Downtown,Soho,6.658016827,26,1,UberXL,Sedan,Cloudy,High,4.3,2.5,34.23
2855,15-03-2023 20:00,20,2,3,0,1,Upper East,Tribeca,12.29230464,40,1,Standard,SUV,Clear,Medium,4.6,1,23.88
2856,15-12-2023 01:00,1,4,12,0,0,Queens,Chinatown,19.83512478,65,1,UberXL,Sedan,Clear,Very Heavy,4,1,38.83
2857,15-06-2023 16:00,16,3,6,0,0,Downtown,Brooklyn,7.981343206,27,1,UberX,Sedan,Cloudy,High,4.3,1,20.33
2858,14-03-2023 23:00,23,1,3,0,0,Queens,Lower East Side,11.29560904,36,1,LyftPlus,Hatchback,Rainy,High,3.5,1,26.12
2859,06-11-2023 14:00,14,0,11,0,0,Brooklyn,Midtown,3.172196219,16,1,UberX,Sedan,Clear,Low,4.1,1,8.76
2860,26-10-2023 18:00,18,3,10,0,1,Midtown,Downtown,1.700589554,8,1,Lyft,Sedan,Clear,Medium,4.3,1.5,14.51
2861,27-09-2023 13:00,13,2,9,0,0,Soho,Soho,12.87251478,41,1,UberX,Van,Cloudy,Low,4.3,1,21.11
2862,15-05-2023 04:00,4,0,5,0,0,Chinatown,Queens,22.84908583,74,1,UberX,SUV,Clear,Medium,4.1,1,40.83
2863,23-01-2023 11:00,11,0,1,0,0,Downtown,Lower East Side,14.99262968,53,2,UberX,SUV,Cloudy,Very Heavy,4.7,1,30.47
2864,02-03-2023 21:00,21,3,3,0,0,Financial District,Downtown,12.20623705,35,2,UberX,Hatchback,Clear,Very Heavy,4.3,2,37.91
2865,05-08-2023 00:00,0,5,8,1,0,Queens,Downtown,25.42436935,79,2,UberX,SUV,Clear,High,4.5,1,44.85
2866,23-12-2023 03:00,3,5,12,1,0,Upper East,Financial District,19.28857656,56,5,UberX,Sedan,Clear,Medium,3.8,1.5,41.75
2867,10-01-2023 18:00,18,1,1,0,1,Tribeca,Midtown,17.55487484,47,1,Lyft,Sedan,Clear,High,4.8,1,34.84
2868,06-03-2023 12:00,12,0,3,0,0,Upper East,Financial District,13.58631933,45,1,Lyft,Hatchback,Clear,Medium,4,1,24.68
2869,08-11-2023 16:00,16,2,11,0,0,Downtown,Lower East Side,25.083716,76,3,LyftPlus,Hatchback,Cloudy,Low,4.2,1,43.71
2870,25-06-2023 13:00,13,6,6,1,0,Upper West,Financial District,15.93460891,55,1,LyftPlus,Sedan,Rainy,Medium,4,1,28.9
2871,11-03-2023 17:00,17,5,3,1,1,Soho,Tribeca,23.66837967,72,2,UberXL,Sedan,Rainy,Medium,4.8,1,46.45
2872,07-10-2023 12:00,12,5,10,1,0,Midtown,Soho,18.26927972,61,1,LyftPlus,Sedan,Rainy,Medium,4.9,1.5,40.61
2873,29-11-2023 14:00,14,2,11,0,0,Financial District,Financial District,19.78860238,65,1,UberXL,SUV,Clear,Low,3.8,1,32.89
2874,29-03-2023 12:00,12,2,3,0,0,Upper West,Downtown,9.692482537,31,1,UberXL,Sedan,Clear,Medium,4.6,1,19.62
2875,06-06-2023 04:00,4,1,6,0,0,Upper East,Lower East Side,10.03335985,33,5,Lyft,Hatchback,Cloudy,Medium,3.7,1,22.32
2876,13-05-2023 05:00,5,5,5,1,0,Queens,East Village,20.33014883,66,2,UberX,Van,Clear,Low,3.5,1,33.5
2877,17-03-2023 15:00,15,4,3,0,0,Queens,East Village,9.809140116,36,3,Lyft,SUV,Clear,High,4.8,1.5,26.69
2878,10-06-2023 01:00,1,5,6,1,0,Upper West,Queens,15.42702657,55,1,UberXL,Van,Snowy,Medium,3.7,1,31.7
2879,01-12-2023 00:00,0,4,12,0,0,Queens,East Village,7.109277399,26,1,UberX,Sedan,Clear,Medium,3.7,1,17.81
2880,20-10-2023 03:00,3,4,10,0,0,Upper East,Queens,20.57977581,66,1,UberX,Hatchback,Cloudy,High,4.4,1,37.37
2881,07-07-2023 05:00,5,4,7,0,0,Upper West,East Village,7.600800476,27,3,UberX,SUV,Cloudy,Medium,4.7,1.5,22.57
2882,29-01-2023 02:00,2,6,1,1,0,Upper East,Upper East,21.56194192,68,1,LyftPlus,Sedan,Clear,Medium,3.8,1,39.4
2883,04-12-2023 00:00,0,0,12,0,0,Financial District,Queens,17.40250517,55,1,Standard,Sedan,Clear,High,3.7,1,33.52
2884,24-12-2023 10:00,10,6,12,1,1,Soho,Upper West,6.12886664,20,1,UberX,SUV,Snowy,Medium,3.6,1,17.3
2885,31-03-2023 22:00,22,4,3,0,0,Tribeca,Midtown,13.92422585,47,1,UberX,Hatchback,Clear,High,3.5,1,27.59
2886,21-04-2023 21:00,21,4,4,0,0,Financial District,Lower East Side,8.011521986,26,1,UberX,Hatchback,Clear,Medium,3.7,1.5,23.42
2887,28-03-2023 00:00,0,1,3,0,0,Financial District,Midtown,8.784512374,31,1,LyftPlus,SUV,Clear,Low,4.9,1,19.91
2888,16-05-2023 13:00,13,1,5,0,0,Queens,Midtown,10.3776015,36,1,UberX,Hatchback,Rainy,Medium,3.6,1,23.04
2889,27-07-2023 11:00,11,3,7,0,0,Downtown,Soho,10.96683148,39,3,Standard,Sedan,Rainy,Medium,4.4,1,21.13
2890,17-11-2023 23:00,23,4,11,0,0,East Village,Tribeca,4.037204598,17,1,Lyft,Hatchback,Cloudy,Low,4.9,1,6.87
2891,28-02-2023 09:00,9,1,2,0,1,Queens,Brooklyn,25.56665194,79,1,LyftPlus,SUV,Cloudy,Low,4.4,1,43.12
2892,16-05-2023 19:00,19,1,5,0,1,Downtown,Tribeca,3.383365334,11,1,Lyft,Sedan,Cloudy,Low,3.5,1.5,14.9
2893,13-06-2023 11:00,11,1,6,0,0,Upper East,Queens,15.17169142,53,4,Lyft,Van,Clear,High,4.4,1,31.8
2894,25-06-2023 14:00,14,6,6,1,0,East Village,Tribeca,11.61062505,38,1,Lyft,SUV,Rainy,High,4.9,1,28.27
2895,15-05-2023 11:00,11,0,5,0,0,Queens,Lower East Side,15.18181283,54,1,LyftPlus,Hatchback,Clear,High,4,1,30.44
2896,25-04-2023 09:00,9,1,4,0,1,Lower East Side,East Village,11.05185592,30,1,LyftPlus,SUV,Clear,Medium,4,2.5,39.94
2897,11-09-2023 19:00,19,0,9,0,1,East Village,Queens,17.05115668,56,1,Lyft,Van,Cloudy,High,3.9,1,35.62
2898,11-06-2023 02:00,2,6,6,1,0,East Village,Chinatown,19.27569124,65,4,Lyft,Sedan,Clear,Low,4.3,1,34.31
2899,31-08-2023 10:00,10,3,8,0,1,Brooklyn,Tribeca,16.74853953,55,3,Standard,SUV,Cloudy,Medium,3.9,2,42.53
2900,03-04-2023 14:00,14,0,4,0,0,Soho,Tribeca,6.285489114,24,1,Standard,Sedan,Clear,High,4.6,1,16.81
2901,27-04-2023 08:00,8,3,4,0,1,Brooklyn,Financial District,17.48926061,59,1,Lyft,Sedan,Cloudy,Low,4.5,1,31.44
2902,19-06-2023 07:00,7,0,6,0,1,Downtown,Upper East,9.655796921,36,1,UberX,Sedan,Clear,Very Heavy,4.1,1,25.68
2903,05-03-2023 12:00,12,6,3,1,0,Midtown,Soho,7.464975563,29,1,UberX,SUV,Clear,High,4.6,1,18.05
2904,09-12-2023 16:00,16,5,12,1,0,Upper West,Queens,5.444164994,25,2,LyftPlus,Hatchback,Clear,High,3.6,1,15.37
2905,16-09-2023 06:00,6,5,9,1,0,Lower East Side,Brooklyn,11.21948207,37,1,UberX,SUV,Clear,High,4.6,1.5,26.91
2906,17-06-2023 17:00,17,5,6,1,1,Tribeca,Midtown,12.80088904,48,1,UberX,SUV,Clear,High,4.4,1,27.39
2907,17-04-2023 22:00,22,0,4,0,0,Midtown,Downtown,4.051121055,14,3,UberX,Van,Cloudy,Very Heavy,4.4,1,14.5
2908,27-04-2023 19:00,19,3,4,0,1,Upper West,Chinatown,17.05532091,59,1,Lyft,Hatchback,Rainy,High,3.6,1,33.7
2909,04-06-2023 13:00,13,6,6,1,0,Downtown,Upper West,18.65555301,62,1,Lyft,Sedan,Clear,Medium,4.4,1,31.12
2910,14-09-2023 11:00,11,3,9,0,0,Chinatown,Tribeca,9.179876009,39,1,UberX,Sedan,Clear,Medium,4.2,2,29.11
2911,30-01-2023 23:00,23,0,1,0,0,Downtown,Midtown,5.605758798,22,1,UberX,Sedan,Clear,Medium,4.2,1,9.4
2912,29-09-2023 12:00,12,4,9,0,0,Upper East,East Village,10.68623309,39,2,Lyft,Sedan,Clear,Very Heavy,4,2,38.09
2913,10-07-2023 19:00,19,0,7,0,1,Tribeca,Upper West,4.726748573,14,1,Standard,Sedan,Rainy,Very Heavy,3.5,1.5,23.58
2914,10-02-2023 12:00,12,4,2,0,0,Chinatown,Lower East Side,17.78654931,60,1,UberX,Hatchback,Clear,Medium,4.1,1.5,37.92
2915,04-06-2023 22:00,22,6,6,1,0,Soho,Lower East Side,15.93268118,53,1,UberX,Sedan,Rainy,High,4.1,1,29.11
2916,05-11-2023 03:00,3,6,11,1,0,East Village,Upper East,10.53201093,38,1,Lyft,Sedan,Clear,Very Heavy,4.1,1,22.28
2917,03-07-2023 10:00,10,0,7,0,1,Brooklyn,Midtown,18.48886434,57,3,LyftPlus,Sedan,Clear,Low,4.4,1,35.62
2918,09-07-2023 16:00,16,6,7,1,0,Brooklyn,Financial District,14.03645849,45,1,Lyft,SUV,Rainy,Medium,3.9,1,28.73
2919,02-04-2023 23:00,23,6,4,1,0,Downtown,Midtown,3.536563844,16,3,Lyft,Hatchback,Clear,Medium,3.9,1,10.76
2920,04-07-2023 10:00,10,1,7,0,1,Brooklyn,Upper East,13.88663581,46,3,LyftPlus,Van,Cloudy,,4.2,1,33.71
2921,16-10-2023 07:00,7,0,10,0,1,Lower East Side,Midtown,14.85544014,50,4,UberX,SUV,Rainy,Medium,4.4,2.5,45.46
2922,16-12-2023 10:00,10,5,12,1,1,Lower East Side,Chinatown,18.29629753,60,3,UberX,SUV,Rainy,High,4.4,1,40.39
2923,28-12-2023 16:00,16,3,12,0,0,Lower East Side,Tribeca,17.56857196,56,1,Lyft,SUV,Clear,Medium,4.8,1,30.31
2924,02-04-2023 20:00,20,6,4,1,1,Chinatown,Chinatown,9.141338313,31,4,LyftPlus,SUV,Cloudy,Low,4.7,1,19.59
2925,11-08-2023 17:00,17,4,8,0,1,Downtown,Chinatown,4.686541092,16,1,Lyft,SUV,Rainy,Low,3.6,1,11.78
2926,17-05-2023 12:00,12,2,5,0,0,East Village,Midtown,6.40642814,32,1,Standard,Hatchback,Clear,Low,4.3,1,10.22
2927,15-02-2023 22:00,22,2,2,0,0,Downtown,Financial District,17.42679763,58,1,Lyft,SUV,Clear,Low,4.1,1,29.8
2928,07-08-2023 11:00,11,0,8,0,0,Upper East,Soho,20.38347365,71,1,Lyft,Van,Clear,Medium,4,1,35.69
2929,03-10-2023 14:00,14,1,10,0,0,Soho,Upper East,13.07794041,41,1,UberX,Sedan,Clear,High,4.9,1,24.53
2930,29-12-2023 19:00,19,4,12,0,1,Financial District,Financial District,6.017406041,22,1,UberX,Sedan,Snowy,Low,4.2,1,17.12
2931,06-08-2023 15:00,15,6,8,1,0,Queens,Queens,19.44915468,62,1,Lyft,Sedan,Clear,Medium,4.6,1,33.65
2932,24-12-2023 16:00,16,6,12,1,0,Chinatown,Midtown,21.91253909,71,1,UberX,Hatchback,Cloudy,Medium,5,1,37.16
2933,27-01-2023 06:00,6,4,1,0,0,Soho,Brooklyn,22.36550057,72,1,UberX,Sedan,Clear,Low,3.7,1,35.7
2934,06-10-2023 11:00,11,4,10,0,0,Soho,Midtown,17.75365259,54,2,Standard,Sedan,Clear,Medium,3.6,1,33.12
2935,12-01-2023 13:00,13,3,1,0,0,Midtown,Upper East,22.56483446,74,1,LyftPlus,SUV,Snowy,High,4,1,45.22
2936,10-01-2023 16:00,16,1,1,0,0,Tribeca,Upper West,3.19079698,15,1,UberX,SUV,Clear,Low,3.6,1,9.05
2937,26-08-2023 02:00,2,5,8,1,0,Tribeca,Financial District,2.238938092,12,1,Lyft,SUV,Clear,Low,3.7,2,17.66
2938,16-11-2023 03:00,3,3,11,0,0,Chinatown,Brooklyn,6.032860146,26,1,UberX,Sedan,Cloudy,Very Heavy,5,1,18.18
2939,02-01-2023 01:00,1,0,1,0,0,Lower East Side,Queens,17.49774603,60,1,UberX,Hatchback,Cloudy,High,4.9,1,32.45
2940,08-11-2023 04:00,4,2,11,0,0,Upper West,East Village,5.382664164,26,1,Lyft,SUV,Cloudy,Medium,4.5,2.5,27.36
2941,25-09-2023 02:00,2,0,9,0,0,Queens,Queens,14.41020547,49,1,Lyft,Hatchback,Cloudy,Medium,4.6,1,23.83
2942,27-12-2023 12:00,12,2,12,0,0,East Village,Financial District,13.20076579,47,1,UberX,Hatchback,Rainy,High,3.7,1,27.62
2943,06-06-2023 20:00,20,1,6,0,1,Lower East Side,Lower East Side,10.78876877,36,1,UberX,Sedan,Clear,High,4.4,2.5,38.54
2944,02-10-2023 23:00,23,0,10,0,0,Chinatown,Upper West,22.6699535,73,5,UberX,SUV,Rainy,Medium,3.7,1,41.58
2945,01-08-2023 14:00,14,1,8,0,0,Financial District,Financial District,7.077892837,27,1,Standard,Sedan,Snowy,Medium,4.1,2.5,33.92
2946,19-10-2023 22:00,22,3,10,0,0,Financial District,Downtown,9.037854147,30,2,Lyft,Sedan,Clear,Medium,4,1,18.77
2947,26-05-2023 03:00,3,4,5,0,0,Chinatown,Brooklyn,20.07162124,65,2,UberXL,Sedan,Clear,Low,4.4,1,34.55
2948,25-03-2023 02:00,2,5,3,1,0,Tribeca,Upper West,2.426464858,8,1,UberX,Hatchback,Clear,Very Heavy,3.6,1,10.15
2949,28-12-2023 18:00,18,3,12,0,1,Soho,Brooklyn,16.70897103,58,6,Lyft,Sedan,Rainy,Medium,3.7,1,34.43
2950,14-02-2023 16:00,16,1,2,0,0,Upper East,Financial District,20.59960755,70,2,Lyft,SUV,Clear,Medium,4.4,1,37.2
2951,07-10-2023 11:00,11,5,10,1,0,Upper West,Soho,24.9733099,76,1,LyftPlus,Sedan,Rainy,Very Heavy,4.5,1.5,53.45
2952,09-01-2023 23:00,23,0,1,0,0,Downtown,Brooklyn,8.365390784,33,1,UberX,Van,Clear,Low,4,1,14.79
2953,13-11-2023 21:00,21,0,11,0,0,Upper West,Downtown,22.70979453,76,1,Standard,SUV,Rainy,Low,3.7,2,49.18
2954,19-04-2023 14:00,14,2,4,0,0,Midtown,Tribeca,10.79687734,38,1,UberXL,Hatchback,Clear,High,4.8,1,22.71
2955,14-12-2023 22:00,22,3,12,0,0,Upper West,Upper West,15.02533081,51,1,UberX,SUV,Clear,Medium,3.6,2,38.61
2956,19-07-2023 05:00,5,2,7,0,0,Soho,Lower East Side,3.124047042,16,2,UberX,Sedan,Rainy,High,4.6,1,10.75
2957,19-05-2023 01:00,1,4,5,0,0,East Village,Downtown,6.919157257,21,3,UberXL,Van,Clear,Low,3.7,1,16.51
2958,20-11-2023 11:00,11,0,11,0,0,Soho,Downtown,5.303963407,27,1,Standard,SUV,Clear,Medium,4.5,1,10.71
2959,05-09-2023 11:00,11,1,9,0,0,Tribeca,East Village,10.9208116,31,2,Lyft,SUV,Clear,Low,4.5,1,18.03
2960,06-04-2023 15:00,15,3,4,0,0,East Village,Soho,23.16686848,70,2,Lyft,SUV,Clear,High,4.7,1,40.78
2961,25-08-2023 21:00,21,4,8,0,0,Brooklyn,Midtown,9.806622625,37,1,UberX,Hatchback,Clear,Low,4.1,1,17.51
2962,12-03-2023 16:00,16,6,3,1,0,East Village,Soho,16.7172538,57,1,UberX,Sedan,Snowy,Medium,3.5,1,33.37
2963,23-03-2023 02:00,2,3,3,0,0,Upper West,Upper East,14.5774209,53,1,UberXL,Sedan,Rainy,High,4.7,1,30.25
2964,26-04-2023 23:00,23,2,4,0,0,Upper West,East Village,13.70379529,46,2,Lyft,Hatchback,Cloudy,Very Heavy,4.2,1,32
2965,01-06-2023 20:00,20,3,6,0,1,Upper West,Financial District,25.81786477,79,2,Lyft,Sedan,Clear,High,4.8,1.5,50.96
2966,07-08-2023 09:00,9,0,8,0,1,Brooklyn,Financial District,10.38855391,36,1,UberX,SUV,Clear,Medium,4.7,1,23.83
2967,25-09-2023 12:00,12,0,9,0,0,Tribeca,Queens,16.57142274,57,1,UberX,Sedan,Clear,Medium,4.2,1,27.54
2968,11-11-2023 21:00,21,5,11,1,0,Downtown,Midtown,4.335418184,15,2,UberX,Sedan,Rainy,High,5,2,23.15
2969,21-04-2023 05:00,5,4,4,0,0,Lower East Side,Upper East,10.62830058,33,2,Standard,SUV,Clear,High,4.2,1,21.43
2970,02-10-2023 13:00,13,0,10,0,0,Queens,Chinatown,3.900453402,16,1,UberXL,Hatchback,Rainy,High,4.5,2,21.21
2971,22-09-2023 17:00,17,4,9,0,1,Tribeca,Chinatown,13.52844684,43,1,UberX,SUV,Clear,Very Heavy,4.5,2,40.71
2972,22-03-2023 12:00,12,2,3,0,0,Lower East Side,Brooklyn,20.67882585,66,3,UberX,Sedan,Clear,High,4.3,1,40.2
2973,15-03-2023 05:00,5,2,3,0,0,Upper West,Soho,5.059983846,18,1,UberX,Sedan,Clear,Low,4.4,2.5,27.25
2974,31-07-2023 21:00,21,0,7,0,0,Chinatown,Upper West,2.237323392,13,1,UberXL,Van,Cloudy,High,4.7,1,7.69
2975,23-08-2023 21:00,21,2,8,0,0,Lower East Side,Downtown,7.158922987,25,2,Lyft,Sedan,Clear,High,4.4,2,30.96
2976,16-02-2023 12:00,12,3,2,0,0,Tribeca,Brooklyn,20.71188929,65,1,Standard,Sedan,Clear,High,4.2,1,37.64
2977,21-01-2023 12:00,12,5,1,1,0,Midtown,Lower East Side,19.29892967,65,3,UberXL,Van,Cloudy,Very Heavy,4.5,1,40.52
2978,25-11-2023 16:00,16,5,11,1,0,Financial District,Queens,14.26104545,44,1,UberX,Hatchback,Rainy,Medium,3.6,1.5,33.38
2979,27-09-2023 18:00,18,2,9,0,1,Financial District,Soho,13.66796665,43,1,Lyft,Hatchback,Clear,High,3.7,2,38.96
2980,26-07-2023 14:00,14,2,7,0,0,Chinatown,Chinatown,22.56577795,73,1,Lyft,Sedan,Clear,Low,3.7,1,36.93
2981,25-04-2023 07:00,7,1,4,0,1,Queens,Upper West,20.34183482,63,1,UberX,Sedan,Clear,Medium,4.1,1,40.56
2982,24-11-2023 18:00,18,4,11,0,1,Queens,Queens,22.41385212,76,1,LyftPlus,Sedan,Clear,Medium,4.8,1,42.3
2983,26-10-2023 08:00,8,3,10,0,1,Downtown,Downtown,20.71330164,63,1,LyftPlus,SUV,Rainy,Very Heavy,4.5,1.5,47.73
2984,16-08-2023 03:00,3,2,8,0,0,Midtown,East Village,17.3213029,56,1,UberXL,Sedan,Clear,Very Heavy,5,1,33
2985,08-08-2023 02:00,2,1,8,0,0,Soho,Chinatown,12.21196023,39,4,Lyft,Sedan,Cloudy,High,3.6,1.5,33.14
2986,23-12-2023 04:00,4,5,12,1,0,Tribeca,Midtown,22.94458688,78,1,Lyft,Sedan,,Low,4.6,1,34.82
2987,27-10-2023 10:00,10,4,10,0,1,East Village,Chinatown,24.07489986,74,1,Lyft,Hatchback,Clear,Medium,4,1,39.85
2988,12-09-2023 06:00,6,1,9,0,0,East Village,Chinatown,3.740293499,21,1,UberX,Hatchback,Snowy,High,3.5,1,13.81
2989,26-01-2023 19:00,19,3,1,0,1,Soho,East Village,3.081076329,14,1,UberX,SUV,Clear,Low,4.7,1.5,15.34
2990,06-02-2023 18:00,18,0,2,0,1,Financial District,Upper West,23.4090492,74,1,UberX,Sedan,Cloudy,Low,3.7,2,52.86
2991,01-06-2023 18:00,18,3,6,0,1,Soho,East Village,7.266274867,20,1,Lyft,Hatchback,Rainy,High,3.8,1,19.63
2992,24-02-2023 00:00,0,4,2,0,0,Tribeca,Upper West,21.51902501,74,3,UberXL,SUV,Clear,Low,4,2,49.09
2993,18-12-2023 12:00,12,0,12,0,0,Lower East Side,Upper East,12.26286001,43,1,UberXL,SUV,Clear,Low,4.7,2.5,35.74
2994,01-05-2023 15:00,15,0,5,0,0,Midtown,Upper East,6.015963072,19,1,Lyft,Van,Clear,Medium,4.4,1.5,19.46
2995,02-10-2023 17:00,17,0,10,0,1,Upper West,Tribeca,4.929438366,18,1,UberX,Sedan,Cloudy,Very Heavy,3.9,2,27.13
2996,08-02-2023 17:00,17,2,2,0,1,Brooklyn,Tribeca,7.927472871,23,1,Lyft,SUV,Clear,High,3.8,1,20.32
2997,12-08-2023 14:00,14,5,8,1,0,Chinatown,Chinatown,8.802180036,29,1,UberXL,Hatchback,Clear,Very Heavy,3.7,1,24.06
2998,29-12-2023 23:00,23,4,12,0,0,Upper West,East Village,13.17024895,44,2,UberX,Sedan,Clear,High,3.7,1,26.1
2999,14-05-2023 20:00,20,6,5,1,1,Brooklyn,Financial District,17.7330186,63,1,UberX,Sedan,Rainy,Medium,4.8,1.5,38.79
3000,11-04-2023 09:00,9,1,4,0,1,East Village,East Village,24.46905372,85,1,Standard,Van,Clear,Very Heavy,4.9,2,57.25
3001,08-12-2023 15:00,15,4,12,0,0,Chinatown,Lower East Side,12.26295335,43,1,Lyft,Sedan,Clear,Medium,5,1,24.36
3002,23-05-2023 15:00,15,1,5,0,0,Queens,East Village,15.35305023,46,4,UberX,SUV,Snowy,Medium,4.8,1.5,34.87
3003,18-10-2023 16:00,16,2,10,0,0,Lower East Side,Financial District,14.90139261,56,1,Standard,Hatchback,Clear,Medium,4.8,1.5,32.5
3004,13-11-2023 10:00,10,0,11,0,1,Tribeca,Midtown,14.54788271,43,1,Lyft,Sedan,Clear,High,4.7,1,30.78
3005,03-08-2023 22:00,22,3,8,0,0,Upper West,Chinatown,14.10869065,49,1,UberX,Sedan,Rainy,Very Heavy,4.9,1,33.33
3006,02-06-2023 19:00,19,4,6,0,1,Soho,Soho,3.89628634,16,2,UberX,Sedan,Cloudy,Medium,4.8,1.5,17.84
3007,06-09-2023 21:00,21,2,9,0,0,Midtown,Financial District,4.048888194,20,1,UberX,Sedan,Clear,Medium,4.2,1,12.99
3008,17-09-2023 20:00,20,6,9,1,1,Midtown,Lower East Side,3.305257347,12,1,Lyft,Hatchback,Clear,High,4,1,13.7
3009,11-12-2023 21:00,21,0,12,0,0,Financial District,Chinatown,5.063032772,23,2,Lyft,Hatchback,Clear,Low,4.4,1,10.95
3010,13-04-2023 20:00,20,3,4,0,1,Midtown,Upper West,18.59922342,65,1,UberX,Sedan,Clear,High,4.4,1.5,40.09
3011,17-09-2023 01:00,1,6,9,1,0,Midtown,Soho,8.056291096,30,1,UberXL,Sedan,Rainy,Medium,4.4,1,19.63
3012,31-05-2023 19:00,19,2,5,0,1,Queens,Downtown,22.79670274,73,1,UberX,Sedan,Clear,Medium,4.6,2,49.14
3013,10-03-2023 04:00,4,4,3,0,0,Soho,Chinatown,23.83653917,79,2,UberX,Sedan,Rainy,Medium,4.5,1,41.37
3014,06-12-2023 19:00,19,2,12,0,1,East Village,Midtown,24.23269429,81,1,UberXL,SUV,Clear,Medium,3.6,1,44.46
3015,30-05-2023 07:00,7,1,5,0,1,Midtown,Downtown,4.194139045,16,1,UberX,Sedan,Cloudy,High,3.9,1,18.11
3016,17-06-2023 01:00,1,5,6,1,0,East Village,Tribeca,24.44398381,76,4,UberXL,Hatchback,Clear,Very Heavy,4.8,1.5,48.64
3017,19-05-2023 14:00,14,4,5,0,0,Queens,Lower East Side,9.797449071,32,1,Standard,Sedan,Cloudy,Medium,4.4,1,18.9
3018,06-12-2023 12:00,12,2,12,0,0,Midtown,Brooklyn,14.86692432,42,1,UberX,Hatchback,Clear,High,4,1,29.24
3019,03-04-2023 09:00,9,0,4,0,1,Chinatown,Chinatown,7.689800158,30,2,UberX,SUV,Rainy,High,4.8,1,21.31
3020,26-07-2023 23:00,23,2,7,0,0,Tribeca,Upper East,19.76488485,64,1,UberX,Hatchback,Clear,Medium,3.9,1.5,36.88
3021,09-04-2023 17:00,17,6,4,1,1,Financial District,Downtown,22.0380624,70,1,UberXL,Hatchback,Clear,Medium,4.1,1,38.72
3022,01-06-2023 14:00,14,3,6,0,0,Upper West,Queens,22.84822109,72,1,Lyft,Sedan,Cloudy,High,3.9,1,42.06
3023,27-08-2023 10:00,10,6,8,1,1,Tribeca,East Village,12.89030599,44,1,Lyft,SUV,Clear,Low,4.8,1,24.02
3024,05-07-2023 04:00,4,2,7,0,0,Upper East,Upper West,19.74699272,62,3,UberXL,SUV,Clear,Medium,4.6,1,35.87
3025,14-11-2023 10:00,10,1,11,0,1,Chinatown,Downtown,4.89484898,22,1,UberX,SUV,Rainy,Very Heavy,4.2,1,17.2
3026,14-06-2023 11:00,11,2,6,0,0,Downtown,Lower East Side,5.153283749,19,1,UberX,SUV,Rainy,Medium,4.9,1,14.78
3027,11-03-2023 20:00,20,5,3,1,1,Midtown,Downtown,3.229566097,11,3,UberX,Sedan,Clear,Medium,4.9,1,9.25
3028,19-02-2023 20:00,20,6,2,1,1,East Village,Brooklyn,19.86527408,66,1,Lyft,Sedan,Clear,Medium,4.6,1,37.67
3029,27-04-2023 03:00,3,3,4,0,0,Downtown,Tribeca,12.29120468,39,1,UberX,SUV,Clear,Low,4.8,1,23.59
3030,06-11-2023 16:00,16,0,11,0,0,Brooklyn,East Village,23.64956763,75,1,Lyft,Sedan,Cloudy,Medium,4.6,1,38.58
3031,27-11-2023 07:00,7,0,11,0,1,Midtown,Chinatown,6.756233928,28,1,Lyft,Van,Clear,Low,4.4,1.5,19.58
3032,19-05-2023 06:00,6,4,5,0,0,Upper East,Chinatown,19.13320261,62,1,UberX,SUV,Rainy,Low,4.1,1,31.93
3033,06-10-2023 17:00,17,4,10,0,1,Queens,East Village,13.68088219,46,1,UberXL,Sedan,Clear,Medium,3.9,1,27.71
3034,01-04-2023 16:00,16,5,4,1,0,Financial District,Brooklyn,21.72576619,68,1,Standard,Sedan,Clear,Medium,3.6,1.5,43.02
3035,05-06-2023 23:00,23,0,6,0,0,Upper East,Financial District,20.00173948,65,1,UberX,SUV,Clear,Low,4.7,1,31.15
3036,04-07-2023 06:00,6,1,7,0,0,East Village,Lower East Side,23.42908432,73,1,UberX,Sedan,Rainy,Low,3.7,1,39.93
3037,09-06-2023 08:00,8,4,6,0,1,Queens,Brooklyn,9.328218094,34,1,UberXL,SUV,Clear,Low,4.1,1,21.06
3038,13-04-2023 03:00,3,3,4,0,0,Lower East Side,Queens,24.88363509,78,1,Lyft,Sedan,Clear,Medium,3.9,1,43.21
3039,27-01-2023 04:00,4,4,1,0,0,Upper West,Soho,9.850349441,33,1,UberX,SUV,Clear,Low,4.2,1,18.47
3040,21-11-2023 02:00,2,1,11,0,0,Queens,Queens,5.141906857,17,1,Standard,Sedan,Clear,Medium,4,1.5,19.36
3041,04-06-2023 00:00,0,6,6,1,0,Midtown,Brooklyn,13.09958904,45,1,Lyft,SUV,Clear,Medium,4.7,1,27.01
3042,03-06-2023 02:00,2,5,6,1,0,Downtown,Upper East,9.024844054,30,1,LyftPlus,Sedan,Clear,Medium,5,1,18.24
3043,13-06-2023 17:00,17,1,6,0,1,Downtown,Financial District,21.43790433,66,1,UberX,Sedan,Rainy,High,4.9,2,52.67
3044,26-04-2023 05:00,5,2,4,0,0,East Village,Upper East,13.04225322,42,1,LyftPlus,Sedan,Clear,Medium,4.4,1,23.94
3045,02-07-2023 01:00,1,6,7,1,0,Queens,Queens,22.02311767,73,1,UberX,Sedan,Clear,Low,5,1,36.29
3046,13-12-2023 03:00,3,2,12,0,0,Upper East,East Village,17.6270704,59,1,UberX,Sedan,Snowy,Medium,4.1,1,33.33
3047,26-07-2023 12:00,12,2,7,0,0,Chinatown,Queens,6.533913448,17,3,Standard,Sedan,Clear,Very Heavy,4.3,2.5,31.12
3048,29-01-2023 20:00,20,6,1,1,1,East Village,Midtown,25.05541506,78,2,UberX,Sedan,Cloudy,Very Heavy,3.9,1,49.83
3049,12-05-2023 18:00,18,4,5,0,1,Lower East Side,Tribeca,4.547173904,22,1,Standard,Hatchback,Clear,Medium,4.8,1,14.47
3050,16-02-2023 01:00,1,3,2,0,0,Financial District,Upper West,24.08597818,81,1,UberXL,SUV,Clear,Low,3.8,1,39.83
3051,06-05-2023 08:00,8,5,5,1,1,East Village,Midtown,10.06150052,31,1,Standard,Van,Clear,Medium,4.4,1,22.08
3052,01-04-2023 01:00,1,5,4,1,0,East Village,Brooklyn,14.51303696,51,3,UberXL,Sedan,Clear,Medium,4.7,1,26.38
3053,14-12-2023 17:00,17,3,12,0,1,Upper West,Downtown,11.98223782,36,3,Lyft,Sedan,Clear,,4.4,1,27.58
3054,04-06-2023 03:00,3,6,6,1,0,Tribeca,Upper East,6.586732893,22,1,UberX,SUV,Clear,Medium,3.6,1,13.26
3055,07-06-2023 18:00,18,2,6,0,1,Midtown,Soho,11.84364852,37,2,UberXL,Sedan,Rainy,Low,4.4,2.5,42.68
3056,25-06-2023 00:00,0,6,6,1,0,Upper West,Midtown,7.101322057,28,1,Lyft,SUV,Clear,Low,4.7,1.5,19.68
3057,21-03-2023 17:00,17,1,3,0,1,Downtown,Lower East Side,8.669037905,31,1,Lyft,Van,Clear,Medium,3.8,1.5,25.54
3058,19-08-2023 00:00,0,5,8,1,0,Downtown,Financial District,7.005396755,27,2,UberX,SUV,Clear,Very Heavy,4.6,1,19.23
3059,15-03-2023 20:00,20,2,3,0,1,Chinatown,Upper East,12.57874293,36,1,UberXL,SUV,Rainy,Low,4.8,1,27.49
3060,26-04-2023 20:00,20,2,4,0,1,Brooklyn,Midtown,19.28373363,65,2,UberXL,Hatchback,Clear,High,5,1,36.58
3061,06-11-2023 07:00,7,0,11,0,1,Brooklyn,East Village,15.34560473,55,1,UberX,Hatchback,Clear,Medium,4.1,1,31.15
3062,30-04-2023 15:00,15,6,4,1,0,Chinatown,Chinatown,23.56628477,76,1,UberXL,SUV,Cloudy,Medium,3.5,1,40.5
3063,28-01-2023 12:00,12,5,1,1,0,Upper East,Upper West,16.3388868,59,1,LyftPlus,Sedan,Snowy,High,4.1,1,34.66
3064,18-09-2023 02:00,2,0,9,0,0,Downtown,Queens,18.89726903,64,1,UberX,Van,Clear,Medium,4.5,1,30.74
3065,17-02-2023 04:00,4,4,2,0,0,Tribeca,Queens,17.7880943,63,1,UberXL,Sedan,,Medium,4.8,1,30.77
3066,30-01-2023 03:00,3,0,1,0,0,Upper West,Midtown,13.49431203,44,1,Standard,Sedan,Clear,Medium,4.9,1,27.42
3067,08-11-2023 06:00,6,2,11,0,0,Financial District,Brooklyn,17.87576692,59,1,UberX,Van,Cloudy,Low,4.9,1,32.36
3068,20-09-2023 09:00,9,2,9,0,1,Tribeca,Financial District,4.716580373,17,1,Lyft,Hatchback,Rainy,Medium,4.5,2,28.3
3069,22-11-2023 12:00,12,2,11,0,0,Lower East Side,Brooklyn,22.85547556,69,2,Lyft,Sedan,Cloudy,,4.5,1,41.74
3070,09-07-2023 21:00,21,6,7,1,0,Chinatown,Upper East,20.09469572,62,1,Lyft,Sedan,Rainy,Low,3.5,2,44.94
3071,01-04-2023 19:00,19,5,4,1,1,Brooklyn,Tribeca,7.870204301,29,1,Lyft,Hatchback,Clear,Medium,4,2,28.04
3072,11-12-2023 19:00,19,0,12,0,1,Queens,Upper West,18.07896861,55,1,Lyft,Sedan,Clear,Low,4.9,1.5,38.65
3073,01-03-2023 06:00,6,2,3,0,0,Tribeca,Upper West,3.819669727,16,1,UberX,Sedan,Clear,Low,4.5,2.5,25.6
3074,13-05-2023 12:00,12,5,5,1,0,Chinatown,Queens,7.007770001,19,1,UberXL,Van,Clear,High,4.2,1,18.99
3075,29-06-2023 20:00,20,3,6,0,1,Tribeca,Upper West,3.912470134,15,1,Lyft,SUV,Clear,Low,3.7,1,11.81
3076,07-10-2023 00:00,0,5,10,1,0,Lower East Side,Brooklyn,19.09413487,63,1,UberX,Hatchback,Snowy,Medium,3.9,1.5,41.59
3077,26-01-2023 14:00,14,3,1,0,0,Tribeca,Financial District,19.39914656,61,1,UberX,Hatchback,,Very Heavy,4.3,1,38.74
3078,10-07-2023 10:00,10,0,7,0,1,Tribeca,Financial District,22.99753644,73,1,LyftPlus,Hatchback,Clear,Low,4.8,1,37.3
3079,12-01-2023 06:00,6,3,1,0,0,Tribeca,Queens,3.450636363,15,6,Lyft,Van,Clear,Medium,3.6,1,12.62
3080,13-04-2023 20:00,20,3,4,0,1,Brooklyn,Midtown,13.38298183,43,1,UberXL,SUV,Rainy,Medium,3.7,1,28.84
3081,31-05-2023 07:00,7,2,5,0,1,Downtown,Chinatown,18.05009295,60,2,Standard,Hatchback,Clear,Medium,4.5,2,43.96
3082,09-05-2023 03:00,3,1,5,0,0,East Village,Financial District,4.980095082,14,1,Lyft,Hatchback,Clear,Medium,3.9,1,14.51
3083,13-01-2023 01:00,1,4,1,0,0,Tribeca,Brooklyn,16.16478408,49,1,Standard,Van,Cloudy,Medium,3.8,1,30.78
3084,05-12-2023 08:00,8,1,12,0,1,Tribeca,Downtown,3.560905466,12,1,Standard,Hatchback,Cloudy,Low,3.8,2,21.63
3085,03-10-2023 14:00,14,1,10,0,0,Midtown,Midtown,7.259500917,26,3,UberXL,Hatchback,Rainy,Low,4.2,1,15
3086,16-05-2023 12:00,12,1,5,0,0,Downtown,Tribeca,13.91424183,52,1,Lyft,Sedan,Rainy,High,4.4,2,37.47
3087,05-11-2023 23:00,23,6,11,1,0,East Village,Soho,17.45603183,59,1,Lyft,Sedan,Clear,Low,4.9,2.5,45.45
3088,10-10-2023 03:00,3,1,10,0,0,Financial District,Lower East Side,6.578961484,19,1,LyftPlus,Sedan,Rainy,High,4.3,2,28.6
3089,12-01-2023 14:00,14,3,1,0,0,Financial District,East Village,6.308710188,24,1,Lyft,Sedan,Clear,High,4.5,1,17.56
3090,25-01-2023 04:00,4,2,1,0,0,Queens,Upper West,6.349543241,22,3,UberX,Sedan,Clear,Low,3.8,1.5,18.06
3091,26-07-2023 14:00,14,2,7,0,0,Chinatown,Upper West,7.096800879,24,2,UberX,Sedan,Clear,Low,4.6,1,14.41
3092,18-12-2023 21:00,21,0,12,0,0,Soho,Downtown,6.785258596,23,2,UberX,Van,Clear,Medium,4.5,1,15.18
3093,28-06-2023 04:00,4,2,6,0,0,Upper West,Midtown,12.05195509,40,1,LyftPlus,Sedan,Clear,Medium,3.8,1,24.51
3094,30-11-2023 05:00,5,3,11,0,0,Midtown,Queens,14.01369835,41,3,LyftPlus,SUV,Clear,High,4.5,1,31.36
3095,19-07-2023 00:00,0,2,7,0,0,Downtown,Brooklyn,6.95272596,25,1,UberXL,Hatchback,Clear,Low,3.8,1.5,18.19
3096,04-02-2023 08:00,8,5,2,1,1,Downtown,Downtown,17.04142651,57,1,Lyft,Sedan,Clear,Low,4.4,1,27.81
3097,09-06-2023 16:00,16,4,6,0,0,Soho,East Village,12.83959261,41,2,LyftPlus,Sedan,Rainy,Medium,4.5,1,27.24
3098,15-08-2023 21:00,21,1,8,0,0,Queens,Financial District,19.79241797,62,1,UberX,Sedan,Clear,Low,4.5,1,33.56
3099,27-02-2023 12:00,12,0,2,0,0,Upper East,Queens,19.15685733,58,1,UberX,Sedan,Cloudy,Medium,4.9,1.5,36.06
3100,30-09-2023 06:00,6,5,9,1,0,Brooklyn,Lower East Side,5.20820123,19,1,UberXL,Van,Clear,Medium,4.9,1.5,15.88
3101,12-05-2023 12:00,12,4,5,0,0,Queens,Lower East Side,3.394181202,15,1,Standard,Hatchback,Rainy,Medium,4.7,1,11.08
3102,29-06-2023 11:00,11,3,6,0,0,Lower East Side,Soho,22.13237404,70,1,Lyft,Hatchback,Rainy,Medium,4.8,1,41.51
3103,23-08-2023 18:00,18,2,8,0,1,East Village,Chinatown,5.082844895,22,1,UberX,Hatchback,Snowy,Medium,3.5,1,16.33
3104,24-12-2023 07:00,7,6,12,1,1,Queens,Queens,7.545954013,30,2,UberX,Sedan,Clear,Medium,4,1,18.42
3105,31-08-2023 02:00,2,3,8,0,0,Soho,Downtown,3.863567438,14,2,Lyft,Hatchback,Clear,Medium,3.6,1,8.54
3106,22-12-2023 13:00,13,4,12,0,0,Soho,Tribeca,16.57124319,54,3,LyftPlus,Hatchback,Clear,Medium,3.8,1.5,36.69
3107,05-09-2023 06:00,6,1,9,0,0,Upper West,Downtown,16.64294631,51,1,Lyft,Van,Clear,Medium,4.1,1,28.05
3108,10-05-2023 13:00,13,2,5,0,0,Midtown,Downtown,6.000100897,21,2,UberXL,Sedan,Clear,Low,4.8,1,15.86
3109,20-06-2023 02:00,2,1,6,0,0,Lower East Side,Downtown,24.40853374,78,2,UberX,Sedan,Cloudy,Low,4.3,1.5,44.69
3110,16-05-2023 00:00,0,1,5,0,0,Tribeca,Queens,22.36655972,74,1,Standard,Sedan,Clear,Low,4.5,1,38.22
3111,09-09-2023 04:00,4,5,9,1,0,Chinatown,Downtown,11.61144689,39,1,UberX,Sedan,Clear,Low,4,1,21.72
3112,19-03-2023 01:00,1,6,3,1,0,Financial District,Midtown,11.99579181,41,1,UberX,SUV,Clear,Medium,4.4,2,31.49
3113,21-12-2023 01:00,1,3,12,0,0,Soho,Queens,9.604935325,29,1,LyftPlus,Sedan,Clear,Low,4.7,1,19.22
3114,25-04-2023 13:00,13,1,4,0,0,Upper West,Financial District,4.94743331,20,1,Standard,SUV,Cloudy,Medium,4,1.5,14.89
3115,06-10-2023 08:00,8,4,10,0,1,Brooklyn,Midtown,6.443999275,21,1,Lyft,SUV,Cloudy,Medium,4.9,1.5,21.68
3116,09-01-2023 13:00,13,0,1,0,0,Financial District,East Village,7.39987686,31,1,Lyft,Sedan,Clear,Medium,3.8,1,17.26
3117,03-11-2023 08:00,8,4,11,0,1,Upper East,Financial District,7.079126765,31,1,UberX,Sedan,Clear,High,4.9,1,18.31
3118,11-07-2023 07:00,7,1,7,0,1,Downtown,Soho,7.812157837,33,1,UberX,Van,Cloudy,Medium,3.5,1,17.75
3119,24-05-2023 18:00,18,2,5,0,1,Brooklyn,Upper West,9.050100183,29,2,UberX,Hatchback,Clear,Low,4.3,1,21.79
3120,28-10-2023 14:00,14,5,10,1,0,Upper East,Queens,26.05260544,85,2,Lyft,SUV,Rainy,Low,5,1,44.39
3121,08-06-2023 19:00,19,3,6,0,1,Financial District,Upper West,17.29311524,49,1,UberX,Hatchback,Cloudy,Low,4.4,1,30.91
3122,03-08-2023 05:00,5,3,8,0,0,Brooklyn,Queens,25.19440974,83,1,LyftPlus,Sedan,Clear,Medium,4.3,1.5,45.98
3123,21-12-2023 05:00,5,3,12,0,0,Upper West,Financial District,9.482080492,33,1,UberX,Sedan,Clear,Low,4.5,2,27.62
3124,23-04-2023 20:00,20,6,4,1,1,Upper East,Soho,12.46146533,36,1,UberXL,Sedan,Clear,Medium,3.9,1,25.42
3125,24-03-2023 23:00,23,4,3,0,0,Downtown,Brooklyn,6.906441314,27,1,UberXL,SUV,Cloudy,High,3.6,1,17.13
3126,19-12-2023 15:00,15,1,12,0,0,Tribeca,Brooklyn,11.95308679,39,2,Lyft,SUV,Clear,Low,3.9,1,24.46
3127,17-05-2023 09:00,9,2,5,0,1,Upper West,Midtown,5.497948395,20,1,UberX,Sedan,Clear,Very Heavy,3.8,1.5,25.8
3128,09-07-2023 02:00,2,6,7,1,0,East Village,Downtown,7.953272167,30,2,LyftPlus,Sedan,Rainy,High,4.9,1,20.86
3129,30-12-2023 00:00,0,5,12,1,0,Downtown,Downtown,23.68621752,79,2,UberXL,Hatchback,Cloudy,High,4.8,1,43.66
3130,05-06-2023 02:00,2,0,6,0,0,Midtown,Brooklyn,23.51213565,76,1,Lyft,SUV,Clear,High,4,1,39.53
3131,28-05-2023 23:00,23,6,5,1,0,Queens,Financial District,4.974807358,13,1,Lyft,Van,Clear,Low,4.8,1,10.7
3132,29-04-2023 00:00,0,5,4,1,0,Lower East Side,Chinatown,6.9371034,26,1,UberX,Sedan,Clear,Low,3.8,1.5,19.41
3133,25-08-2023 15:00,15,4,8,0,0,Midtown,Soho,11.05130737,35,1,Lyft,SUV,Clear,Low,3.8,1,19.85
3134,02-10-2023 03:00,3,0,10,0,0,Chinatown,Midtown,7.074093421,27,1,Lyft,Hatchback,Clear,Low,4.7,1,13.11
3135,07-01-2023 08:00,8,5,1,1,1,Soho,Financial District,12.38093705,43,5,LyftPlus,Hatchback,Cloudy,Medium,4,1,26.89
3136,28-08-2023 18:00,18,0,8,0,1,Tribeca,Downtown,5.430216174,20,2,LyftPlus,Sedan,Clear,High,3.6,2,27.4
3137,27-04-2023 16:00,16,3,4,0,0,East Village,Midtown,14.72298712,48,3,UberX,Sedan,Clear,Medium,4.6,1,29.5
3138,10-08-2023 06:00,6,3,8,0,0,East Village,Upper West,8.232498706,24,1,UberX,Sedan,Clear,Low,5,1,17.32
3139,19-04-2023 18:00,18,2,4,0,1,Queens,Chinatown,9.119884848,36,1,UberX,SUV,Clear,High,4.3,1.5,27.03
3140,16-02-2023 00:00,0,3,2,0,0,Upper East,Upper East,5.120094049,21,1,Standard,SUV,Rainy,Low,3.9,1,14.83
3141,03-11-2023 17:00,17,4,11,0,1,Queens,East Village,10.95817442,38,1,UberX,SUV,Rainy,Medium,4.1,1,23.99
3142,24-06-2023 23:00,23,5,6,1,0,Soho,Lower East Side,24.75655473,79,1,Lyft,Sedan,Rainy,Medium,4.5,1,44.73
3143,10-06-2023 14:00,14,5,6,1,0,Midtown,Chinatown,10.23947017,30,1,Lyft,Sedan,Rainy,High,4.6,2.5,38.39
3144,30-10-2023 15:00,15,0,10,0,0,Chinatown,Midtown,21.52251751,72,1,Lyft,Sedan,Rainy,Medium,4.8,1,37.86
3145,21-03-2023 18:00,18,1,3,0,1,East Village,Downtown,23.4290636,73,3,UberX,Hatchback,Clear,Medium,4.9,1,45.93
3146,03-11-2023 21:00,21,4,11,0,0,Midtown,Financial District,23.94130953,76,4,UberX,Hatchback,Clear,Low,4.8,1,39.8
3147,09-05-2023 00:00,0,1,5,0,0,Downtown,Upper West,21.24677462,66,1,UberXL,Sedan,Rainy,Very Heavy,4.5,1,41.07
3148,17-01-2023 22:00,22,1,1,0,0,Tribeca,East Village,18.43984803,56,3,UberX,SUV,Clear,Medium,4.2,1,32.87
3149,07-01-2023 22:00,22,5,1,1,0,Brooklyn,Chinatown,23.605869,73,1,UberX,Sedan,Clear,High,4.5,1.5,47.18
3150,22-01-2023 04:00,4,6,1,1,0,Soho,East Village,3.454764307,14,1,UberX,SUV,Clear,Very Heavy,4.5,1,14.95
3151,11-03-2023 05:00,5,5,3,1,0,Lower East Side,Midtown,11.42480184,38,2,Lyft,Sedan,Clear,Medium,3.8,2,31.01
3152,02-06-2023 16:00,16,4,6,0,0,Brooklyn,East Village,26.48765797,82,1,UberX,Hatchback,Clear,Medium,4.3,1,45.3
3153,26-05-2023 09:00,9,4,5,0,1,Soho,Upper West,20.51232427,65,3,UberX,SUV,Rainy,Low,3.8,1.5,44.89
3154,29-01-2023 08:00,8,6,1,1,1,Financial District,Soho,24.29196933,76,1,UberX,Sedan,Clear,Medium,4.8,1.5,45.62
3155,16-04-2023 04:00,4,6,4,1,0,Tribeca,Lower East Side,20.01865827,60,3,UberX,Sedan,Cloudy,High,4,1,40.05
3156,30-03-2023 08:00,8,3,3,0,1,Downtown,Financial District,21.9367564,70,6,UberXL,Sedan,Clear,Low,4.7,1.5,45.96
3157,08-08-2023 04:00,4,1,8,0,0,Tribeca,Midtown,19.40481815,62,1,UberX,Sedan,Clear,Very Heavy,4.1,1,38.14
3158,01-07-2023 13:00,13,5,7,1,0,Upper East,East Village,18.28727404,57,1,Lyft,Van,Clear,High,4.6,1,30.52
3159,26-02-2023 19:00,19,6,2,1,1,Soho,Soho,14.98724767,52,1,UberX,SUV,Clear,Medium,3.8,1,31.78
3160,06-04-2023 12:00,12,3,4,0,0,Lower East Side,Financial District,24.36454548,77,1,Standard,SUV,Cloudy,Medium,4.6,1,44.84
3161,06-03-2023 02:00,2,0,3,0,0,Brooklyn,Queens,21.89410814,71,1,UberX,SUV,Clear,Low,3.8,1.5,41.22
3162,23-05-2023 00:00,0,1,5,0,0,Soho,Soho,21.49407861,66,2,Standard,SUV,Clear,Low,4.2,1,35.06
3163,19-11-2023 14:00,14,6,11,1,0,Upper East,Queens,17.80353803,56,1,LyftPlus,Sedan,Clear,Medium,3.7,1,28.18
3164,31-12-2023 16:00,16,6,12,1,0,Soho,Lower East Side,10.98645211,36,5,Lyft,Sedan,Clear,Medium,4.3,1,21.38
3165,21-03-2023 07:00,7,1,3,0,1,Tribeca,Queens,4.365775688,14,2,Standard,SUV,Clear,Very Heavy,4.7,1,17.95
3166,08-01-2023 06:00,6,6,1,1,0,Upper West,Soho,25.33959385,75,1,UberX,Hatchback,Clear,Medium,4.6,2.5,57.66
3167,03-04-2023 22:00,22,0,4,0,0,Soho,East Village,14.15195097,51,1,UberX,Van,Clear,Medium,3.6,1.5,29.15
3168,28-06-2023 15:00,15,2,6,0,0,Financial District,Queens,10.46586105,34,1,UberX,Sedan,Rainy,Low,4.2,1,23.39
3169,23-06-2023 08:00,8,4,6,0,1,Financial District,East Village,5.469703639,20,1,UberX,Sedan,Rainy,High,4.8,1,17.3
3170,24-10-2023 02:00,2,1,10,0,0,East Village,East Village,21.17659867,69,1,UberX,Hatchback,Clear,Medium,4.5,1,34.3
3171,13-05-2023 03:00,3,5,5,1,0,Financial District,Financial District,22.77945076,72,1,Lyft,SUV,Clear,Medium,3.6,1,39.44
3172,07-03-2023 07:00,7,1,3,0,1,Lower East Side,Tribeca,19.91682319,61,1,UberX,Van,Rainy,Very Heavy,4,1,42.64
3173,17-02-2023 23:00,23,4,2,0,0,Soho,Upper West,19.30743241,65,1,UberX,Sedan,Rainy,High,4.3,1,35.3
3174,14-11-2023 11:00,11,1,11,0,0,Chinatown,East Village,12.15799925,39,2,UberX,Sedan,Clear,High,3.8,2,34.89
3175,09-09-2023 09:00,9,5,9,1,1,Soho,Financial District,10.26875921,37,2,Lyft,Sedan,Clear,Very Heavy,4.5,1,27.96
3176,23-12-2023 16:00,16,5,12,1,0,Upper West,Upper East,2.256168077,15,1,Standard,Sedan,Clear,Medium,4.5,1,6.1
3177,26-07-2023 02:00,2,2,7,0,0,Financial District,Lower East Side,21.15963993,64,1,UberXL,Sedan,Clear,High,3.8,2,48.87
3178,10-12-2023 02:00,2,6,12,1,0,Midtown,Queens,11.6416219,42,2,UberXL,Sedan,Clear,Medium,4.3,1,22.34
3179,21-03-2023 11:00,11,1,3,0,0,Soho,Lower East Side,3.691206819,16,5,UberX,SUV,Clear,Low,4.7,1,11.49
3180,26-05-2023 10:00,10,4,5,0,1,Lower East Side,Midtown,17.9703756,56,1,Lyft,Hatchback,Cloudy,Very Heavy,4.1,1,35.83
3181,16-04-2023 15:00,15,6,4,1,0,Downtown,Chinatown,13.6852835,47,1,UberX,Sedan,Clear,Low,3.9,1,24.43
3182,23-06-2023 21:00,21,4,6,0,0,Downtown,East Village,14.41161798,48,1,Standard,Sedan,Clear,Medium,4.6,1.5,29.89
3183,23-02-2023 21:00,21,3,2,0,0,Brooklyn,Soho,23.26264531,72,1,UberXL,Van,Rainy,Low,3.6,1,37.59
3184,18-07-2023 17:00,17,1,7,0,1,Lower East Side,Queens,3.481354145,21,1,UberX,Sedan,Rainy,Medium,4.7,1.5,16.76
3185,19-07-2023 20:00,20,2,7,0,1,Upper West,Queens,20.54508773,67,1,Standard,SUV,Clear,Medium,4.9,2,47.04
3186,14-10-2023 07:00,7,5,10,1,1,Upper East,Upper East,3.522479787,12,1,Standard,Hatchback,Clear,Medium,4.9,1,12.18
3187,04-05-2023 20:00,20,3,5,0,1,Midtown,Midtown,4.857697925,20,1,Lyft,Sedan,Clear,Very Heavy,4.1,1,19.05
3188,13-06-2023 10:00,10,1,6,0,1,Soho,Financial District,11.86004265,40,1,UberX,Hatchback,Clear,Low,4.4,1,23.63
3189,28-07-2023 05:00,5,4,7,0,0,Tribeca,Upper East,4.359127377,14,1,Lyft,SUV,Clear,High,4.8,1,14.98
3190,21-10-2023 00:00,0,5,10,1,0,Queens,Upper West,19.05457332,61,3,UberX,Sedan,Clear,Low,3.8,1,32.88
3191,11-02-2023 08:00,8,5,2,1,1,Queens,Queens,15.72205204,53,1,UberX,Hatchback,Clear,Low,3.5,1,30.16
3192,05-12-2023 00:00,0,1,12,0,0,Upper East,East Village,4.964673935,17,4,UberX,SUV,Rainy,Medium,4.1,1,14.42
3193,09-08-2023 07:00,7,2,8,0,1,East Village,East Village,4.606886605,14,1,UberXL,SUV,Clear,High,4.8,2,25.48
3194,04-04-2023 08:00,8,1,4,0,1,Tribeca,Lower East Side,16.64912192,50,1,Lyft,SUV,Clear,Low,4.3,1,29.76
3195,03-03-2023 12:00,12,4,3,0,0,Queens,Upper East,20.69831639,63,1,UberX,Sedan,Clear,Medium,4.3,1,35.17
3196,25-09-2023 18:00,18,0,9,0,1,Upper East,Lower East Side,11.06935483,39,1,Standard,Sedan,Rainy,,4.5,2,33.96
3197,17-01-2023 05:00,5,1,1,0,0,Lower East Side,Upper West,13.84603311,47,1,UberX,Sedan,Cloudy,Very Heavy,4.4,1,26.94
3198,11-02-2023 15:00,15,5,2,1,0,Queens,Brooklyn,21.34674402,66,1,UberX,Sedan,Rainy,Medium,3.6,1,39.72
3199,19-03-2023 07:00,7,6,3,1,1,Upper West,Downtown,16.25036074,53,2,Lyft,Sedan,Snowy,Medium,4.3,2,45.78
3200,05-12-2023 13:00,13,1,12,0,0,Lower East Side,Soho,6.585500451,20,2,LyftPlus,Sedan,Clear,High,4.5,1,15.57
3201,26-04-2023 03:00,3,2,4,0,0,Brooklyn,Soho,15.08180412,48,1,Standard,Sedan,Clear,Medium,4.5,1,27.65
3202,02-06-2023 15:00,15,4,6,0,0,East Village,Brooklyn,17.45706102,55,2,Lyft,Sedan,Clear,Very Heavy,4.6,1,36.26
3203,27-07-2023 18:00,18,3,7,0,1,Upper West,Queens,20.02432806,65,1,UberX,SUV,Clear,Very Heavy,4.3,1,41.02
3204,03-03-2023 17:00,17,4,3,0,1,Tribeca,Financial District,15.12531277,53,1,Standard,Sedan,Clear,Medium,4.9,1,29.04
3205,30-10-2023 08:00,8,0,10,0,1,Upper East,Midtown,24.47538953,75,1,Standard,SUV,Clear,Medium,4.2,1,44.21
3206,05-06-2023 11:00,11,0,6,0,0,Midtown,Lower East Side,7.728230509,25,1,UberX,SUV,Clear,Low,4.3,1,17.18
3207,30-10-2023 14:00,14,0,10,0,0,Tribeca,Brooklyn,23.34033449,75,1,Lyft,Hatchback,Clear,Very Heavy,4.7,1,43.04
3208,19-01-2023 19:00,19,3,1,0,1,Tribeca,Upper West,16.0832021,48,1,Lyft,SUV,Snowy,Medium,4.7,2,45.2
3209,09-05-2023 21:00,21,1,5,0,0,Financial District,Chinatown,17.43828307,54,1,UberXL,Van,Clear,High,4.5,1,33.6
3210,06-02-2023 18:00,18,0,2,0,1,Midtown,East Village,3.471297621,17,1,Standard,SUV,Clear,Medium,3.7,1,12.5
3211,03-07-2023 16:00,16,0,7,0,0,Downtown,Downtown,11.17802935,42,1,UberX,Sedan,Clear,Medium,4,2,33.7
3212,19-06-2023 12:00,12,0,6,0,0,Financial District,Queens,21.29431062,66,1,Lyft,Sedan,Cloudy,Low,3.5,1,34.67
3213,17-05-2023 13:00,13,2,5,0,0,Upper East,Downtown,9.654545252,31,1,UberX,SUV,Rainy,Medium,3.9,1,22.17
3214,23-12-2023 22:00,22,5,12,1,0,Downtown,Midtown,3.953121497,18,1,UberXL,SUV,Clear,Low,4.4,1,8.4
3215,28-11-2023 07:00,7,1,11,0,1,Queens,East Village,19.18025034,65,3,Lyft,Sedan,Clear,Low,4.7,2.5,51.26
3216,15-07-2023 10:00,10,5,7,1,1,Lower East Side,Upper West,4.141468255,16,1,UberX,SUV,,Low,4.4,1.5,18.49
3217,11-07-2023 11:00,11,1,7,0,0,Queens,Soho,15.02214258,47,1,UberX,Sedan,Clear,Medium,3.6,2,39.17
3218,09-07-2023 23:00,23,6,7,1,0,Tribeca,Midtown,5.419244615,22,1,Standard,Van,Snowy,Medium,3.9,1,17.33
3219,31-10-2023 19:00,19,1,10,0,1,Financial District,Brooklyn,24.21715178,78,2,Lyft,Sedan,Clear,Medium,4.4,1,43
3220,07-12-2023 00:00,0,3,12,0,0,Soho,Soho,22.14050537,71,1,Lyft,SUV,Clear,Low,4.6,1,37.22
3221,05-01-2023 16:00,16,3,1,0,0,Midtown,Soho,4.191294723,22,1,UberX,Van,Cloudy,Medium,4.8,2,22.07
3222,02-08-2023 19:00,19,2,8,0,1,Lower East Side,Upper West,20.92390248,68,1,UberXL,Hatchback,Clear,High,5,1,39.08
3223,14-05-2023 05:00,5,6,5,1,0,Downtown,Brooklyn,9.614905926,30,6,Lyft,SUV,Clear,Medium,4.8,1,22.82
3224,06-01-2023 19:00,19,4,1,0,1,Midtown,Upper East,24.4568204,79,1,LyftPlus,Hatchback,Clear,Very Heavy,4.2,1,46.42
3225,01-03-2023 08:00,8,2,3,0,1,Financial District,Midtown,9.633944708,31,1,UberX,SUV,Rainy,Low,4.6,1,20.48
3226,03-05-2023 21:00,21,2,5,0,0,Tribeca,Financial District,20.30484606,65,1,Lyft,Sedan,Clear,High,3.9,1,37.44
3227,13-05-2023 00:00,0,5,5,1,0,Upper West,Tribeca,12.8784762,45,1,UberX,Hatchback,Clear,Medium,3.6,1,25.2
3228,29-12-2023 20:00,20,4,12,0,1,Queens,Chinatown,18.79990217,63,1,UberX,Sedan,Clear,Medium,3.6,1,30.93
3229,09-09-2023 19:00,19,5,9,1,1,Downtown,East Village,10.62040981,27,2,UberXL,Sedan,Cloudy,Medium,3.9,1,27.58
3230,19-10-2023 05:00,5,3,10,0,0,Downtown,Upper West,9.919118331,32,1,UberX,Sedan,Clear,Medium,3.6,1,24.32
3231,29-10-2023 12:00,12,6,10,1,0,Upper East,East Village,12.05608238,39,1,UberX,Hatchback,Clear,Medium,4.8,1,21.43
3232,18-09-2023 21:00,21,0,9,0,0,Downtown,Midtown,2.550407962,12,1,Lyft,Sedan,Clear,Medium,4.2,1,9.65
3233,06-02-2023 23:00,23,0,2,0,0,Lower East Side,Brooklyn,7.129593656,23,1,UberXL,SUV,Rainy,Low,4.7,1,14.24
3234,10-05-2023 08:00,8,2,5,0,1,Financial District,Financial District,20.57795663,65,1,Lyft,Sedan,Cloudy,Medium,4.9,2.5,50.42
3235,03-01-2023 01:00,1,1,1,0,0,Chinatown,Tribeca,11.63117765,39,1,Lyft,Sedan,Clear,High,5,1,22.76
3236,14-06-2023 15:00,15,2,6,0,0,Downtown,Lower East Side,13.4772483,40,1,Lyft,Van,Cloudy,Medium,4.9,1,23.19
3237,29-05-2023 08:00,8,0,5,0,1,Downtown,Downtown,22.09164445,70,1,UberX,Sedan,Clear,Low,4.6,1,39.14
3238,01-01-2023 18:00,18,6,1,1,1,Midtown,Financial District,13.28910629,47,1,UberX,Sedan,Clear,Low,4.2,1,26.65
3239,20-07-2023 21:00,21,3,7,0,0,Chinatown,Upper West,15.98137958,49,3,Lyft,Sedan,Cloudy,Low,4.4,1,31.41
3240,22-09-2023 04:00,4,4,9,0,0,Lower East Side,East Village,23.5754122,76,1,UberX,SUV,Clear,Low,4.7,2,48.58
3241,02-12-2023 18:00,18,5,12,1,1,Tribeca,Financial District,23.82522637,76,3,LyftPlus,Hatchback,Rainy,Low,4.8,1,45.13
3242,19-04-2023 14:00,14,2,4,0,0,Brooklyn,Queens,6.037070969,17,1,UberXL,Hatchback,Cloudy,Low,4.9,1.5,18.19
3243,23-11-2023 22:00,22,3,11,0,0,Chinatown,Brooklyn,14.84894143,48,1,UberX,Sedan,Clear,Medium,4.6,2,37.41
3244,27-12-2023 03:00,3,2,12,0,0,Downtown,Brooklyn,7.694263068,27,1,Lyft,SUV,Clear,Medium,4.3,1,14.89
3245,26-09-2023 00:00,0,1,9,0,0,Soho,Queens,24.69876509,82,1,Standard,SUV,Cloudy,Very Heavy,5,1,44.69
3246,06-06-2023 21:00,21,1,6,0,0,Tribeca,Soho,12.17431608,40,1,UberX,SUV,Clear,Very Heavy,4.9,1,25.26
3247,12-04-2023 14:00,14,2,4,0,0,East Village,Soho,11.68611139,41,2,UberX,Hatchback,Clear,Low,4.2,1,22.31
3248,22-09-2023 22:00,22,4,9,0,0,Upper East,Midtown,8.361325128,27,5,LyftPlus,Hatchback,Clear,Low,4.5,1.5,19.63
3249,13-12-2023 15:00,15,2,12,0,0,Chinatown,Upper East,4.059122966,18,1,UberX,Sedan,Clear,Medium,4.7,1.5,17.32
3250,05-09-2023 13:00,13,1,9,0,0,Midtown,Downtown,4.592798038,21,3,UberX,Sedan,Rainy,Low,4.1,1,12.94
3251,15-11-2023 12:00,12,2,11,0,0,Upper East,Queens,19.34994305,58,1,UberX,Hatchback,Clear,Medium,4.7,1,32.68
3252,22-07-2023 07:00,7,5,7,1,1,Upper West,Midtown,19.17515181,62,4,UberXL,SUV,Rainy,Medium,3.7,1,39.93
3253,30-09-2023 19:00,19,5,9,1,1,Downtown,East Village,25.28906975,82,1,Lyft,Sedan,Cloudy,Medium,4.2,1,45.3
3254,27-10-2023 20:00,20,4,10,0,1,Chinatown,Queens,19.50295179,63,2,UberXL,SUV,Clear,High,4.2,1,38.39
3255,04-09-2023 07:00,7,0,9,0,1,Queens,Upper East,7.590281746,28,1,Standard,Sedan,Clear,High,4.5,1.5,26.6
3256,28-09-2023 01:00,1,3,9,0,0,Soho,Chinatown,4.823021301,21,3,Lyft,SUV,Rainy,Very Heavy,3.7,1,15.7
3257,26-04-2023 01:00,1,2,4,0,0,Midtown,Queens,10.95454549,33,1,Standard,Sedan,Rainy,Low,3.7,1,20
3258,05-07-2023 16:00,16,2,7,0,0,Upper East,Upper East,23.68290405,77,1,UberXL,SUV,Clear,High,4.9,1,40.74
3259,23-09-2023 01:00,1,5,9,1,0,Downtown,Upper East,10.50827643,40,1,UberX,Sedan,Clear,Medium,4,1.5,27.86
3260,26-08-2023 05:00,5,5,8,1,0,Queens,Upper East,11.83373673,39,2,Standard,Hatchback,Clear,Medium,4,2,34.44
3261,30-08-2023 04:00,4,2,8,0,0,Queens,Chinatown,10.02505284,33,1,UberX,Hatchback,Clear,High,4.7,1.5,26
3262,09-01-2023 09:00,9,0,1,0,1,Upper West,Brooklyn,21.31517048,67,1,Lyft,SUV,Clear,Very Heavy,4.1,1,42.83
3263,14-09-2023 16:00,16,3,9,0,0,Tribeca,Financial District,16.55713271,55,1,UberX,Sedan,Rainy,High,4.7,1,34.25
3264,22-01-2023 13:00,13,6,1,1,0,Soho,Brooklyn,7.134567541,30,2,Lyft,Sedan,Clear,Medium,4.1,1,16.93
3265,19-11-2023 09:00,9,6,11,1,1,Brooklyn,Midtown,23.68087597,82,1,Standard,Sedan,Snowy,Medium,4.6,1,46.85
3266,24-03-2023 20:00,20,4,3,0,1,Soho,Brooklyn,24.47428522,83,1,UberX,Sedan,Rainy,Medium,4.3,2.5,60.82
3267,08-06-2023 10:00,10,3,6,0,1,Upper West,Chinatown,6.050873916,22,3,UberX,Sedan,Clear,High,4.9,1,18.86
3268,31-08-2023 00:00,0,3,8,0,0,Financial District,Brooklyn,21.5517266,67,1,UberX,Hatchback,Clear,High,4,1,39.57
3269,26-10-2023 10:00,10,3,10,0,1,Lower East Side,East Village,10.90261303,33,1,UberXL,Van,Rainy,Medium,4,1.5,29.74
3270,18-09-2023 01:00,1,0,9,0,0,Tribeca,Queens,12.6120292,44,1,UberX,Sedan,Rainy,Medium,5,1,25.22
3271,16-12-2023 23:00,23,5,12,1,0,Midtown,Brooklyn,22.46635996,81,3,Lyft,Sedan,Snowy,Low,4.6,1,41.66
3272,23-08-2023 17:00,17,2,8,0,1,Chinatown,Tribeca,24.59161246,79,1,UberX,Hatchback,Clear,Very Heavy,4.7,1,45.07
3273,28-08-2023 19:00,19,0,8,0,1,Tribeca,Upper East,8.868050526,32,1,UberX,SUV,Clear,Low,3.9,1,17.77
3274,20-09-2023 21:00,21,2,9,0,0,Upper West,Queens,8.294352747,29,3,UberXL,Sedan,Cloudy,Medium,4.3,1.5,23.4
3275,21-06-2023 13:00,13,2,6,0,0,Upper West,Soho,6.015511693,24,1,UberXL,Van,Clear,High,4,1.5,20.6
3276,14-12-2023 17:00,17,3,12,0,1,Midtown,East Village,15.3882193,49,2,UberX,SUV,Rainy,Medium,3.9,1,32.6
3277,05-03-2023 06:00,6,6,3,1,0,Midtown,Chinatown,3.367027094,16,1,Lyft,SUV,Clear,High,4.3,1,11.37
3278,14-09-2023 19:00,19,3,9,0,1,Midtown,Financial District,13.1746468,43,1,LyftPlus,SUV,Rainy,,5,1,29.96
3279,19-04-2023 08:00,8,2,4,0,1,Tribeca,East Village,4.845463781,20,1,UberX,Sedan,Clear,Low,3.8,1,12.52
3280,02-04-2023 11:00,11,6,4,1,0,Lower East Side,Upper East,10.99180948,37,1,UberX,SUV,Rainy,Medium,3.9,1,22.51
3281,29-05-2023 02:00,2,0,5,0,0,Downtown,Queens,3.356376744,16,1,Lyft,Sedan,Clear,High,3.9,1.5,16.64
3282,29-04-2023 17:00,17,5,4,1,1,Upper East,Financial District,19.24488028,59,1,UberX,SUV,Snowy,Medium,4.7,1,39.48
3283,14-03-2023 14:00,14,1,3,0,0,East Village,Downtown,6.677520511,28,4,UberX,Sedan,Clear,Medium,4.3,1,17.66
3284,24-02-2023 10:00,10,4,2,0,1,Midtown,Upper West,8.532472602,33,1,Lyft,Sedan,Clear,Medium,4.1,1,16.76
3285,10-06-2023 09:00,9,5,6,1,1,Upper East,East Village,22.49205708,71,2,UberX,Sedan,Clear,Low,4.8,1,37.85
3286,10-11-2023 07:00,7,4,11,0,1,Lower East Side,Financial District,20.62938356,65,1,UberX,Sedan,Cloudy,Medium,3.9,1,39.91
3287,24-06-2023 19:00,19,5,6,1,1,East Village,Midtown,6.877995084,21,1,Standard,Sedan,Clear,Low,4.1,1,15.35
3288,04-08-2023 18:00,18,4,8,0,1,Tribeca,Financial District,3.678152847,12,2,UberX,Hatchback,Clear,Low,3.6,1,8.96
3289,17-04-2023 11:00,11,0,4,0,0,Upper East,Upper West,19.68796535,62,1,Standard,Sedan,Clear,Medium,3.7,1,36.51
3290,07-04-2023 01:00,1,4,4,0,0,Midtown,Upper East,11.144569,38,3,UberX,Hatchback,Clear,Medium,3.7,1,24.38
3291,14-11-2023 11:00,11,1,11,0,0,Brooklyn,Queens,20.11050724,65,1,LyftPlus,Hatchback,Clear,Low,4,2,41.89
3292,21-04-2023 02:00,2,4,4,0,0,Upper West,Downtown,13.53961826,50,1,UberXL,Sedan,Clear,High,4.3,1,24.9
3293,25-09-2023 01:00,1,0,9,0,0,Chinatown,Midtown,9.903976012,33,1,UberX,Sedan,Rainy,Medium,3.5,1,26.58
3294,18-07-2023 05:00,5,1,7,0,0,Chinatown,Financial District,12.23786011,39,1,Lyft,Hatchback,Clear,Very Heavy,3.8,1,25.08
3295,05-05-2023 18:00,18,4,5,0,1,Upper East,Tribeca,18.96191207,61,1,LyftPlus,SUV,Rainy,Medium,3.8,1,39.37
3296,31-12-2023 15:00,15,6,12,1,0,Chinatown,Brooklyn,21.29528908,66,2,UberX,Hatchback,Cloudy,Low,3.9,1,38.81
3297,22-02-2023 23:00,23,2,2,0,0,Queens,Upper East,4.581555011,23,1,Lyft,SUV,Cloudy,High,3.7,1.5,16.84
3298,17-03-2023 13:00,13,4,3,0,0,Queens,East Village,15.13132282,55,1,UberXL,SUV,Rainy,Medium,3.8,1.5,33.43
3299,13-04-2023 13:00,13,3,4,0,0,Upper East,East Village,3.802068221,18,2,Lyft,Hatchback,Clear,Medium,5,1,12.25
3300,21-06-2023 16:00,16,2,6,0,0,Midtown,Upper West,14.66468673,51,2,Lyft,Sedan,Rainy,Medium,4.4,1,27.25
3301,13-09-2023 04:00,4,2,9,0,0,Soho,Upper East,22.21503692,71,1,UberX,SUV,Clear,Low,4.6,1,34.92
3302,20-12-2023 03:00,3,2,12,0,0,Midtown,Midtown,11.57257577,41,1,UberX,Sedan,Clear,Medium,4.7,1,21.72
3303,03-07-2023 04:00,4,0,7,0,0,Tribeca,Soho,23.99974369,80,1,UberXL,Sedan,Rainy,Low,4.5,1,41.06
3304,04-02-2023 00:00,0,5,2,1,0,Midtown,Downtown,4.200888075,16,1,Standard,Sedan,Cloudy,Medium,4.6,2,23.14
3305,01-11-2023 08:00,8,2,11,0,1,Tribeca,Chinatown,18.02825292,63,1,UberX,SUV,Clear,High,4.4,1,36.19
3306,02-11-2023 11:00,11,3,11,0,0,Soho,Midtown,23.67959275,75,6,Lyft,Hatchback,Clear,High,4.5,1,44.58
3307,04-01-2023 10:00,10,2,1,0,1,Brooklyn,Downtown,8.974609111,31,1,UberX,Sedan,Clear,Low,4.9,1,18.29
3308,22-03-2023 00:00,0,2,3,0,0,Tribeca,Lower East Side,18.35673233,57,1,Lyft,Hatchback,Clear,High,3.8,1,32.56
3309,22-11-2023 17:00,17,2,11,0,1,Financial District,Queens,5.385327068,21,3,Lyft,Sedan,Rainy,Medium,3.9,1,19.95
3310,29-03-2023 05:00,5,2,3,0,0,Queens,Queens,7.624736616,31,1,Lyft,Sedan,Clear,Low,3.6,1.5,20.35
3311,22-10-2023 15:00,15,6,10,1,0,Upper West,Upper East,10.82029842,30,3,Standard,Van,Clear,High,4.8,1,24.31
3312,28-11-2023 23:00,23,1,11,0,0,Queens,Upper East,8.151849502,30,1,UberX,Sedan,Clear,Medium,4.2,1,17.46
3313,15-12-2023 15:00,15,4,12,0,0,Tribeca,East Village,14.08335196,49,1,UberX,Sedan,Cloudy,Medium,4.9,2,36.34
3314,09-08-2023 05:00,5,2,8,0,0,Financial District,Chinatown,11.89313056,41,3,Standard,Sedan,Rainy,Low,4.1,2,34.45
3315,25-07-2023 17:00,17,1,7,0,1,Downtown,Chinatown,23.54039514,69,1,UberX,Sedan,Cloudy,Medium,4.2,2,52.72
3316,16-01-2023 09:00,9,0,1,0,1,Brooklyn,Brooklyn,13.48106535,41,2,Lyft,Sedan,Clear,Low,4.2,1,25.91
3317,17-03-2023 18:00,18,4,3,0,1,Brooklyn,Upper West,19.43091148,63,1,Lyft,Sedan,Cloudy,High,4.4,2,47.05
3318,29-03-2023 13:00,13,2,3,0,0,Downtown,Lower East Side,22.76704663,68,2,Lyft,SUV,Clear,Medium,4.6,1.5,45.15
3319,26-05-2023 10:00,10,4,5,0,1,Upper West,Lower East Side,22.14670972,79,1,UberX,Sedan,Cloudy,Medium,4,2,52.41
3320,16-03-2023 03:00,3,3,3,0,0,Chinatown,Brooklyn,8.059995532,33,1,UberX,SUV,Clear,Low,4.4,2,25.75
3321,16-11-2023 18:00,18,3,11,0,1,Soho,Midtown,13.18438535,41,1,Lyft,Hatchback,,High,3.8,2,40.78
3322,26-02-2023 20:00,20,6,2,1,1,East Village,East Village,11.04099659,40,1,UberX,Sedan,Clear,Medium,4.3,1,22.72
3323,31-10-2023 22:00,22,1,10,0,0,Chinatown,Downtown,11.83175347,42,1,Lyft,SUV,Clear,Medium,4.3,1,25.82
3324,03-06-2023 04:00,4,5,6,1,0,Financial District,Soho,11.09418604,37,1,UberXL,Sedan,Clear,High,4.8,1,23.41
3325,12-04-2023 02:00,2,2,4,0,0,Tribeca,Chinatown,18.77515883,64,1,UberX,Sedan,Cloudy,Low,4.8,1,27.6
3326,11-12-2023 08:00,8,0,12,0,1,East Village,Financial District,12.96297418,37,1,UberX,Hatchback,Clear,Medium,4.2,1,29.21
3327,04-12-2023 01:00,1,0,12,0,0,Upper West,Lower East Side,14.27058465,46,2,Standard,SUV,Clear,Medium,3.5,1,25.73
3328,04-05-2023 10:00,10,3,5,0,1,Soho,Tribeca,25.0041906,78,1,UberXL,Sedan,Clear,Medium,4.8,1,44.42
3329,05-02-2023 19:00,19,6,2,1,1,Brooklyn,Lower East Side,3.665740628,21,1,Lyft,Sedan,Clear,Low,3.5,1,12.02
3330,22-06-2023 10:00,10,3,6,0,1,Tribeca,Chinatown,13.36412257,42,1,Standard,Sedan,Rainy,Medium,4.2,1,29.05
3331,12-04-2023 00:00,0,2,4,0,0,Tribeca,Queens,20.56246116,68,1,Lyft,Hatchback,Clear,Medium,3.5,1,35.92
3332,17-06-2023 09:00,9,5,6,1,1,Soho,Brooklyn,7.771281192,26,3,Standard,Hatchback,Cloudy,Very Heavy,4,1.5,27.2
3333,23-12-2023 16:00,16,5,12,1,0,Queens,Upper West,15.12912201,53,1,UberX,Sedan,Clear,Medium,4.5,2,36.67
3334,14-12-2023 14:00,14,3,12,0,0,Financial District,Soho,8.781372354,30,1,LyftPlus,Sedan,Cloudy,Low,4.1,1,18.9
3335,17-02-2023 06:00,6,4,2,0,0,Soho,Soho,23.30282347,71,1,UberX,Sedan,Clear,High,4.9,1,39.48
3336,04-08-2023 06:00,6,4,8,0,0,Midtown,Queens,12.69470497,42,2,LyftPlus,Hatchback,Cloudy,Medium,4.5,1,24.87
3337,02-08-2023 07:00,7,2,8,0,1,Midtown,Tribeca,11.34872965,41,1,LyftPlus,SUV,Clear,Medium,4.5,1,24.84
3338,26-08-2023 06:00,6,5,8,1,0,Soho,Upper East,9.695860219,35,2,UberX,Sedan,Rainy,Medium,4.1,1.5,25.41
3339,13-09-2023 16:00,16,2,9,0,0,Lower East Side,Chinatown,17.39703722,52,1,UberXL,Sedan,Clear,Medium,3.6,1,32
3340,17-08-2023 13:00,13,3,8,0,0,Brooklyn,Soho,6.31392181,19,2,Lyft,Sedan,Clear,Medium,4.6,1,16.24
3341,23-06-2023 12:00,12,4,6,0,0,Soho,Midtown,9.322678261,31,1,UberX,Sedan,Clear,Low,4.6,1.5,22.71
3342,08-04-2023 18:00,18,5,4,1,1,Upper East,Midtown,11.66350995,37,4,Lyft,Hatchback,Rainy,High,4.3,2.5,46.03
3343,29-07-2023 23:00,23,5,7,1,0,Upper West,Upper East,10.31783781,33,1,UberX,Sedan,Clear,Low,4.1,1,18.86
3344,24-07-2023 01:00,1,0,7,0,0,Midtown,Downtown,3.278646033,13,1,Standard,Hatchback,Clear,Medium,4.3,1,8.5
3345,10-12-2023 20:00,20,6,12,1,1,East Village,East Village,12.57548363,44,2,UberX,SUV,Rainy,Low,4.6,1,26.33
3346,30-07-2023 01:00,1,6,7,1,0,Chinatown,Upper East,17.36886655,56,1,Lyft,Sedan,Rainy,High,4.6,1,32.21
3347,12-06-2023 13:00,13,0,6,0,0,Soho,Lower East Side,13.66768314,42,1,UberX,SUV,Snowy,Medium,4.5,2,41.82
3348,25-02-2023 17:00,17,5,2,1,1,Midtown,Tribeca,17.64214546,55,5,UberX,Sedan,Clear,High,4.9,2,46.5
3349,19-02-2023 08:00,8,6,2,1,1,Upper West,Midtown,8.471453729,31,1,UberXL,Sedan,Clear,High,4.4,1,18.18
3350,04-07-2023 10:00,10,1,7,0,1,Upper West,Lower East Side,4.932822738,19,1,UberXL,Van,Clear,Low,3.5,1.5,17.17
3351,06-03-2023 15:00,15,0,3,0,0,East Village,Soho,20.4220685,64,1,UberX,SUV,Rainy,Medium,4.4,1,37.13
3352,09-03-2023 21:00,21,3,3,0,0,Tribeca,Midtown,21.87920241,72,1,LyftPlus,Sedan,Cloudy,Medium,4.4,1,36.2
3353,05-03-2023 14:00,14,6,3,1,0,Lower East Side,Financial District,8.526996694,33,2,UberX,Sedan,Snowy,Medium,3.6,1,19.55
3354,26-02-2023 17:00,17,6,2,1,1,Upper East,East Village,13.10067725,46,1,Lyft,Sedan,Cloudy,Low,4.1,1.5,30.08
3355,02-07-2023 02:00,2,6,7,1,0,Soho,Upper West,13.67884832,45,1,UberXL,Sedan,Cloudy,High,4.5,1.5,33.08
3356,09-08-2023 03:00,3,2,8,0,0,Downtown,Chinatown,15.963168,50,1,UberXL,Sedan,Snowy,High,4.6,1,34.57
3357,14-11-2023 02:00,2,1,11,0,0,Soho,Financial District,16.43933978,53,1,UberX,Sedan,Clear,Medium,4.8,1,30.93
3358,25-03-2023 01:00,1,5,3,1,0,Tribeca,Chinatown,2.725480488,11,3,Lyft,SUV,Cloudy,High,4.8,1,10.8
3359,06-02-2023 05:00,5,0,2,0,0,Financial District,Downtown,18.73432767,53,3,UberXL,Hatchback,Rainy,Medium,3.7,1.5,37.24
3360,12-02-2023 06:00,6,6,2,1,0,Queens,Queens,4.366638061,17,1,UberX,Sedan,Clear,Low,4.4,1,12.52
3361,26-01-2023 02:00,2,3,1,0,0,Brooklyn,Financial District,12.44396037,35,1,UberX,SUV,Clear,Medium,4.4,1,23.14
3362,29-01-2023 18:00,18,6,1,1,1,Tribeca,Downtown,20.93265953,65,3,UberX,Sedan,Clear,Medium,4,1.5,43.74
3363,28-12-2023 21:00,21,3,12,0,0,Chinatown,Downtown,14.29150165,46,1,UberX,Sedan,Rainy,Low,3.8,1,28.9
3364,21-01-2023 09:00,9,5,1,1,1,Upper West,Chinatown,5.885582846,27,1,UberX,SUV,Rainy,Medium,3.8,1,17.46
3365,14-10-2023 00:00,0,5,10,1,0,Lower East Side,Upper West,22.73437532,69,1,UberX,Hatchback,Clear,Very Heavy,3.8,2,52.94
3366,29-10-2023 16:00,16,6,10,1,0,Downtown,Queens,20.82094876,68,1,Lyft,Sedan,Rainy,Medium,4.7,1,38.25
3367,21-11-2023 10:00,10,1,11,0,1,Brooklyn,Brooklyn,22.05552555,70,2,UberX,Sedan,Clear,High,3.7,1,40.38
3368,01-12-2023 08:00,8,4,12,0,1,Midtown,Lower East Side,13.50383096,46,1,UberX,Van,Cloudy,Low,3.9,1,24.67
3369,13-01-2023 06:00,6,4,1,0,0,Chinatown,Upper East,6.608604021,22,4,UberX,Hatchback,Rainy,Low,3.8,1,16.68
3370,17-08-2023 16:00,16,3,8,0,0,Soho,Soho,24.52163979,73,1,Lyft,Sedan,Snowy,High,4.6,1,45.96
3371,17-06-2023 19:00,19,5,6,1,1,Brooklyn,Tribeca,14.97214339,50,1,UberX,Sedan,Clear,Medium,3.7,1,28.68
3372,02-05-2023 08:00,8,1,5,0,1,Midtown,Tribeca,23.02232551,74,5,Lyft,Van,Cloudy,High,3.5,1,44.84
3373,17-07-2023 16:00,16,0,7,0,0,Queens,Lower East Side,9.45486784,33,2,Lyft,Sedan,Clear,Low,4.1,1,18.02
3374,20-03-2023 01:00,1,0,3,0,0,Midtown,Lower East Side,9.333373942,32,2,Lyft,Sedan,Clear,Very Heavy,4,1,21.44
3375,16-05-2023 18:00,18,1,5,0,1,Downtown,Chinatown,26.00125935,81,1,UberX,Sedan,Clear,Medium,4.1,1,47.29
3376,28-04-2023 09:00,9,4,4,0,1,Upper West,Tribeca,12.98708408,46,2,UberXL,SUV,Rainy,Low,4.6,1,27.63
3377,26-12-2023 20:00,20,1,12,0,1,Tribeca,Brooklyn,6.165102121,25,1,UberX,Sedan,Snowy,High,3.5,1,20.21
3378,01-06-2023 17:00,17,3,6,0,1,East Village,Upper East,7.7881401,25,1,Standard,SUV,Clear,High,3.6,1,21.27
3379,05-07-2023 18:00,18,2,7,0,1,Tribeca,Tribeca,14.38703572,47,1,Lyft,Sedan,Cloudy,Low,3.9,1,29.63
3380,10-08-2023 03:00,3,3,8,0,0,Tribeca,Upper East,4.074238255,13,1,UberXL,SUV,Clear,Very Heavy,4.8,1,13.98
3381,27-03-2023 01:00,1,0,3,0,0,Midtown,Soho,13.04370799,45,2,Standard,Sedan,Clear,High,3.8,1,24.5
3382,29-01-2023 07:00,7,6,1,1,1,Soho,Chinatown,11.8361588,41,1,UberXL,Sedan,Clear,Medium,5,1.5,31.61
3383,28-08-2023 02:00,2,0,8,0,0,Brooklyn,Lower East Side,19.15059174,66,1,UberX,SUV,Clear,Low,4.7,1,34.38
3384,25-08-2023 04:00,4,4,8,0,0,East Village,Tribeca,10.64262546,39,1,UberX,Van,Snowy,Medium,4.2,1,25.72
3385,17-11-2023 17:00,17,4,11,0,1,Lower East Side,Chinatown,25.78117217,82,1,UberXL,Hatchback,Rainy,Low,4.6,1,46.82
3386,01-12-2023 17:00,17,4,12,0,1,East Village,Queens,6.69100508,32,1,LyftPlus,Sedan,Clear,Medium,4.3,1,17.65
3387,03-01-2023 14:00,14,1,1,0,0,Brooklyn,Downtown,9.406260179,34,1,LyftPlus,SUV,Rainy,High,4.3,1,22.67
3388,23-11-2023 05:00,5,3,11,0,0,Brooklyn,Tribeca,16.73271131,56,1,Lyft,SUV,Clear,High,4.4,1,31.54
3389,03-11-2023 08:00,8,4,11,0,1,Lower East Side,Upper East,5.449963931,15,1,UberX,SUV,Clear,Medium,4.5,1.5,18.18
3390,16-10-2023 03:00,3,0,10,0,0,Upper West,Downtown,18.98318442,64,5,Lyft,Hatchback,Clear,Low,3.6,1,32.46
3391,13-12-2023 22:00,22,2,12,0,0,Downtown,Upper West,24.25617207,85,1,Lyft,Van,Rainy,Very Heavy,4.4,1,44.86
3392,01-06-2023 20:00,20,3,6,0,1,Queens,Lower East Side,22.70263841,73,1,UberXL,Sedan,Snowy,Medium,4.6,1,40.74
3393,27-07-2023 02:00,2,3,7,0,0,Downtown,Tribeca,16.01906201,55,2,UberXL,Hatchback,Clear,Medium,4,1,27.66
3394,30-11-2023 11:00,11,3,11,0,0,Brooklyn,Tribeca,13.52492947,48,1,Lyft,Sedan,Clear,Medium,5,1.5,29.78
3395,17-05-2023 14:00,14,2,5,0,0,Soho,Financial District,23.06977417,79,3,LyftPlus,Hatchback,Clear,High,3.7,1,38.9
3396,01-11-2023 00:00,0,2,11,0,0,Upper East,Downtown,10.62903798,38,1,Lyft,Hatchback,Clear,Very Heavy,4.9,1,22.07
3397,09-05-2023 02:00,2,1,5,0,0,Lower East Side,Tribeca,22.17093258,66,3,UberX,SUV,Rainy,Very Heavy,4.5,1,43.66
3398,13-12-2023 08:00,8,2,12,0,1,Upper East,Queens,24.33602112,78,1,UberX,Hatchback,Clear,Very Heavy,4.5,2,55.11
3399,11-11-2023 16:00,16,5,11,1,0,Chinatown,Soho,12.45097038,44,1,LyftPlus,SUV,Rainy,Medium,4.8,1,24.77
3400,10-03-2023 05:00,5,4,3,0,0,Queens,Downtown,26.3077519,86,1,LyftPlus,SUV,Clear,Low,4.7,1,43.04
3401,01-08-2023 15:00,15,1,8,0,0,Brooklyn,Soho,8.791678571,30,1,UberX,Van,Clear,Medium,4,1,19.63
3402,27-01-2023 20:00,20,4,1,0,1,Upper East,East Village,8.603662889,29,2,Lyft,Sedan,Clear,Low,4.6,1,17.5
3403,26-03-2023 16:00,16,6,3,1,0,Chinatown,Upper East,5.574598554,20,1,Standard,Van,Clear,Low,3.6,1,11.6
3404,26-04-2023 01:00,1,2,4,0,0,Queens,Upper West,8.366666792,29,1,Standard,Sedan,Cloudy,Low,4.2,1,13.13
3405,28-03-2023 04:00,4,1,3,0,0,East Village,Financial District,19.00722743,62,1,Lyft,SUV,Clear,Low,4.9,2,42.45
3406,11-01-2023 01:00,1,2,1,0,0,Queens,Queens,20.07851224,66,2,UberX,Sedan,Clear,Medium,3.9,1,34.37
3407,22-04-2023 04:00,4,5,4,1,0,Chinatown,Upper West,20.52563658,67,2,Lyft,Sedan,Rainy,Medium,3.6,1,39
3408,03-02-2023 10:00,10,4,2,0,1,Lower East Side,Financial District,18.1479554,58,1,UberX,SUV,Snowy,Medium,4.4,1.5,41.55
3409,30-07-2023 19:00,19,6,7,1,1,East Village,Chinatown,15.08314437,46,1,LyftPlus,Sedan,Cloudy,High,4,2,44.97
3410,09-01-2023 03:00,3,0,1,0,0,Upper West,Upper West,18.67863045,62,1,UberX,Van,Clear,High,4.1,1,37.21
3411,02-04-2023 03:00,3,6,4,1,0,Lower East Side,Chinatown,12.82194882,42,1,Lyft,Sedan,Clear,Very Heavy,4.4,1,27.98
3412,08-04-2023 02:00,2,5,4,1,0,Chinatown,Lower East Side,24.45954848,83,1,Lyft,Sedan,Rainy,Medium,4.4,2,54.13
3413,21-07-2023 17:00,17,4,7,0,1,Upper East,Upper West,17.06648978,58,1,Lyft,Hatchback,Cloudy,Medium,4.2,1,33.38
3414,31-05-2023 06:00,6,2,5,0,0,Queens,Midtown,9.576417187,34,6,Lyft,Hatchback,Clear,Low,4.3,1,19.52
3415,19-12-2023 20:00,20,1,12,0,1,Queens,Upper East,18.69410272,58,3,UberX,SUV,Clear,High,5,1,35.88
3416,03-01-2023 12:00,12,1,1,0,0,Lower East Side,Brooklyn,15.87310224,48,1,Lyft,Sedan,Clear,High,4.9,1,28.45
3417,13-06-2023 15:00,15,1,6,0,0,Queens,Financial District,20.92770197,67,1,UberX,Hatchback,Clear,Low,4.6,1.5,38.64
3418,20-09-2023 08:00,8,2,9,0,1,Chinatown,Queens,9.37707303,33,6,UberX,Sedan,Clear,High,3.7,1,25.85
3419,18-04-2023 23:00,23,1,4,0,0,Soho,Downtown,11.0481414,32,1,Standard,Van,Clear,Medium,4,1,21.21
3420,31-12-2023 22:00,22,6,12,1,0,Queens,Lower East Side,20.44497956,67,1,Lyft,SUV,Clear,Low,4.8,1,30.7
3421,13-09-2023 01:00,1,2,9,0,0,Lower East Side,Lower East Side,12.92145592,43,3,Lyft,Hatchback,Clear,Medium,4.1,1,29.18
3422,20-02-2023 00:00,0,0,2,0,0,Soho,Upper West,21.58216197,61,1,UberXL,Hatchback,Clear,Medium,4.9,1.5,41.68
3423,29-04-2023 22:00,22,5,4,1,0,Tribeca,Upper West,9.516154042,30,1,Lyft,SUV,Clear,Low,4.2,1,20.9
3424,20-10-2023 16:00,16,4,10,0,0,Upper West,Financial District,11.79277264,38,1,Lyft,Hatchback,Clear,Medium,4.8,1,21.69
3425,18-10-2023 12:00,12,2,10,0,0,Tribeca,Chinatown,21.92786539,67,1,Lyft,SUV,Cloudy,High,3.6,1,39.72
3426,06-01-2023 16:00,16,4,1,0,0,Financial District,East Village,13.48589598,46,1,Standard,Sedan,Clear,Medium,4.2,1,26.52
3427,12-02-2023 21:00,21,6,2,1,0,Lower East Side,Brooklyn,14.38424944,53,1,UberXL,Sedan,Rainy,Medium,4.6,1,27.83
3428,19-04-2023 02:00,2,2,4,0,0,Tribeca,Upper West,9.140660133,33,1,Lyft,Sedan,Cloudy,Very Heavy,4.8,1.5,27.41
3429,28-10-2023 06:00,6,5,10,1,0,Brooklyn,Tribeca,9.162821979,34,6,Lyft,Hatchback,Clear,Low,4.4,1,19.05
3430,28-01-2023 13:00,13,5,1,1,0,East Village,Midtown,17.6678766,55,1,UberX,SUV,Clear,Medium,3.8,1,30.88
3431,14-04-2023 00:00,0,4,4,0,0,Brooklyn,Soho,6.699126228,26,1,UberXL,SUV,Clear,Medium,4.8,1,16.95
3432,04-01-2023 14:00,14,2,1,0,0,Downtown,Midtown,6.494336621,23,1,Standard,Hatchback,Rainy,High,4.4,1,16.23
3433,17-09-2023 03:00,3,6,9,1,0,Tribeca,Brooklyn,21.32452027,68,1,UberX,SUV,Clear,Medium,3.7,1,36.37
3434,06-12-2023 07:00,7,2,12,0,1,Lower East Side,Lower East Side,20.49729584,64,2,UberX,Sedan,Clear,High,4.2,1,42.38
3435,18-10-2023 08:00,8,2,10,0,1,Upper East,Tribeca,4.979152896,15,1,UberXL,Sedan,Cloudy,Very Heavy,4.5,1,17.22
3436,26-04-2023 13:00,13,2,4,0,0,Midtown,Lower East Side,19.11967218,65,1,UberX,Sedan,Rainy,High,4.2,2.5,49.87
3437,12-03-2023 20:00,20,6,3,1,1,Tribeca,Lower East Side,17.35522556,57,1,LyftPlus,Sedan,Clear,Low,4.8,1.5,37.06
3438,23-04-2023 12:00,12,6,4,1,0,Upper West,Midtown,4.388056873,17,1,UberX,Sedan,Rainy,High,4.1,1,14.98
3439,11-10-2023 23:00,23,2,10,0,0,Tribeca,Soho,8.671264014,36,1,UberX,SUV,Clear,High,4.4,1,19.98
3440,10-03-2023 15:00,15,4,3,0,0,Soho,Downtown,11.10060778,35,1,LyftPlus,Sedan,Rainy,Low,3.8,1,22.35
3441,09-09-2023 14:00,14,5,9,1,0,Downtown,Upper East,9.658219625,35,1,UberX,Sedan,Clear,Medium,4.3,1.5,22.68
3442,04-08-2023 04:00,4,4,8,0,0,Queens,Downtown,17.84341061,64,5,Lyft,Van,Rainy,High,3.8,2,47.72
3443,19-08-2023 00:00,0,5,8,1,0,Downtown,Upper East,9.956373529,36,2,LyftPlus,Van,Clear,Low,3.8,1,20.94
3444,03-06-2023 15:00,15,5,6,1,0,Downtown,East Village,18.03923571,55,2,Lyft,SUV,Clear,Low,3.9,2,40.36
3445,25-01-2023 20:00,20,2,1,0,1,East Village,East Village,14.39542481,51,3,Lyft,Sedan,Clear,High,3.6,1,29.96
3446,09-07-2023 09:00,9,6,7,1,1,Chinatown,Chinatown,18.91758801,60,2,UberX,Hatchback,Rainy,High,3.7,1,39.27
3447,28-12-2023 12:00,12,3,12,0,0,Midtown,East Village,19.47699227,61,3,UberX,SUV,Clear,Low,4.1,1,33.35
3448,18-07-2023 05:00,5,1,7,0,0,Downtown,Midtown,4.746754053,16,1,UberX,Sedan,Clear,Medium,3.7,1.5,16.79
3449,02-07-2023 16:00,16,6,7,1,0,Chinatown,East Village,16.50630701,59,1,UberX,SUV,Clear,Medium,3.7,1,31.76
3450,17-07-2023 05:00,5,0,7,0,0,East Village,Lower East Side,19.6858051,62,2,UberXL,Sedan,Clear,High,5,1.5,41.39
3451,23-10-2023 01:00,1,0,10,0,0,Queens,Upper East,10.71642224,34,1,UberX,Van,Rainy,Very Heavy,4.1,1,28.51
3452,29-12-2023 02:00,2,4,12,0,0,Brooklyn,Downtown,9.293426818,36,1,Lyft,Hatchback,Snowy,High,4.1,1,23.73
3453,24-10-2023 13:00,13,1,10,0,0,Lower East Side,Financial District,21.11849656,63,1,UberX,Sedan,Rainy,Medium,3.9,1,39.27
3454,17-07-2023 01:00,1,0,7,0,0,Queens,Upper West,16.97873751,56,1,UberXL,Sedan,Cloudy,Very Heavy,4.3,1,37.09
3455,11-03-2023 17:00,17,5,3,1,1,Chinatown,Upper East,22.05172696,69,1,UberX,Sedan,Clear,Low,4.4,1,38.89
3456,13-12-2023 02:00,2,2,12,0,0,Upper East,Downtown,9.566044503,35,1,UberX,Hatchback,Clear,Low,4.1,1.5,22.42
3457,27-10-2023 02:00,2,4,10,0,0,Downtown,Downtown,16.27034096,52,1,Lyft,Sedan,Clear,Medium,4.1,1,27.94
3458,06-04-2023 14:00,14,3,4,0,0,Chinatown,Upper West,7.745064449,24,3,Lyft,Sedan,Snowy,Medium,4.6,1,19.04
3459,01-06-2023 06:00,6,3,6,0,0,Downtown,Tribeca,13.80704517,46,2,LyftPlus,Sedan,Rainy,Low,4.9,1,25.63
3460,07-01-2023 02:00,2,5,1,1,0,Brooklyn,Lower East Side,9.892897533,33,2,LyftPlus,Sedan,Clear,Medium,4.8,1.5,24.56
3461,24-05-2023 21:00,21,2,5,0,0,Upper West,Financial District,19.1297881,64,3,Lyft,Van,Clear,High,3.7,1,33.25
3462,07-07-2023 19:00,19,4,7,0,1,Downtown,Tribeca,14.16032129,47,1,Lyft,Van,Clear,High,4.5,2,39.47
3463,29-08-2023 23:00,23,1,8,0,0,Chinatown,Tribeca,22.95877197,80,1,UberX,Sedan,Clear,Low,3.5,2,44.1
3464,19-11-2023 23:00,23,6,11,1,0,Lower East Side,Downtown,18.58831359,59,1,UberX,Sedan,Rainy,Medium,4.4,1,36.6
3465,23-08-2023 12:00,12,2,8,0,0,Midtown,Soho,17.96050512,62,4,LyftPlus,SUV,Clear,Medium,4.2,1,30.51
3466,14-12-2023 00:00,0,3,12,0,0,Lower East Side,Queens,8.259725761,28,1,UberX,Hatchback,Cloudy,High,4.2,1,19.57
3467,21-05-2023 00:00,0,6,5,1,0,Financial District,Upper East,24.72558237,78,2,UberX,Sedan,Cloudy,Medium,4.4,1,43.11
3468,06-05-2023 05:00,5,5,5,1,0,Downtown,Midtown,4.667426872,21,1,UberX,Sedan,Cloudy,Very Heavy,4.6,1,17.21
3469,29-05-2023 00:00,0,0,5,0,0,Financial District,Lower East Side,20.96749173,65,4,UberX,Sedan,Cloudy,Low,4.6,1,36.86
3470,01-01-2023 18:00,18,6,1,1,1,Queens,Tribeca,18.63509124,64,1,Lyft,Sedan,Clear,Medium,3.6,2,45
3471,04-04-2023 10:00,10,1,4,0,1,Tribeca,East Village,9.52258853,35,2,UberX,Hatchback,Snowy,Low,4.6,1.5,28.46
3472,21-09-2023 06:00,6,3,9,0,0,Upper West,Midtown,14.76424635,51,1,UberXL,Sedan,Clear,Medium,4.7,1,26.01
3473,01-08-2023 09:00,9,1,8,0,1,East Village,Brooklyn,3.310113138,17,1,UberX,Sedan,Cloudy,High,3.6,1,13.4
3474,27-12-2023 00:00,0,2,12,0,0,Soho,Lower East Side,14.33160558,49,1,Lyft,Hatchback,Clear,,4,1,29.82
3475,23-03-2023 04:00,4,3,3,0,0,Upper West,Soho,7.130137128,28,6,Lyft,Hatchback,Clear,Medium,4.7,1.5,22.41
3476,23-08-2023 02:00,2,2,8,0,0,Lower East Side,Midtown,16.51006147,58,1,UberX,Sedan,Clear,High,4.2,1,32.13
3477,26-06-2023 12:00,12,0,6,0,0,Chinatown,Upper West,16.74443691,55,4,Lyft,Sedan,Clear,Medium,4.5,1,30.04
3478,15-10-2023 13:00,13,6,10,1,0,Soho,Lower East Side,11.01931226,37,2,UberX,Hatchback,Cloudy,Low,4.3,1,22.31
3479,22-03-2023 00:00,0,2,3,0,0,Queens,Queens,13.24800559,46,2,Lyft,SUV,Cloudy,High,5,1,27.58
3480,24-06-2023 12:00,12,5,6,1,0,Upper West,Financial District,21.70598409,70,1,Lyft,SUV,Clear,Low,4.9,1,35.65
3481,10-01-2023 22:00,22,1,1,0,0,East Village,Upper West,6.53103817,27,1,Standard,Sedan,Clear,Low,3.9,1,11.04
3482,09-01-2023 12:00,12,0,1,0,0,Soho,Tribeca,22.04733176,76,1,UberX,Sedan,Rainy,Medium,4.1,1,41.28
3483,20-08-2023 08:00,8,6,8,1,1,Brooklyn,Soho,5.068123289,17,4,UberX,Sedan,Clear,Medium,4.1,1,19
3484,25-07-2023 07:00,7,1,7,0,1,Midtown,Soho,2.996110421,14,4,UberX,Sedan,Rainy,Low,3.7,2.5,27.95
3485,02-07-2023 22:00,22,6,7,1,0,Upper West,Tribeca,5.219168444,17,2,UberX,Sedan,Clear,High,4.1,1,16.07
3486,22-04-2023 23:00,23,5,4,1,0,Queens,Queens,19.80231565,63,1,UberX,Hatchback,Rainy,Medium,4.7,1,36.18
3487,26-07-2023 07:00,7,2,7,0,1,Downtown,Downtown,11.42440653,38,1,UberX,SUV,Snowy,,4.8,2,35.09
3488,14-09-2023 16:00,16,3,9,0,0,East Village,Midtown,22.55437188,71,5,UberXL,SUV,Clear,Medium,4.8,1.5,44.28
3489,13-08-2023 12:00,12,6,8,1,0,Soho,East Village,15.20678433,53,1,Standard,SUV,Clear,Medium,3.5,1,27.9
3490,02-08-2023 14:00,14,2,8,0,0,Soho,Tribeca,4.041769568,18,2,UberX,SUV,Cloudy,High,4.7,1,13.89
3491,04-02-2023 00:00,0,5,2,1,0,Midtown,East Village,17.12176051,54,1,Standard,Hatchback,Cloudy,Very Heavy,4.3,2,41.84
3492,09-01-2023 00:00,0,0,1,0,0,Soho,Midtown,5.399421759,23,1,LyftPlus,Hatchback,Snowy,Very Heavy,3.8,1,18.14
3493,16-03-2023 00:00,0,3,3,0,0,Financial District,Queens,18.67063245,60,2,LyftPlus,Sedan,Clear,Medium,4.2,1.5,38.46
3494,01-06-2023 21:00,21,3,6,0,0,Upper East,Downtown,11.73687277,38,1,Standard,Sedan,Clear,Very Heavy,4.8,1,23.31
3495,21-09-2023 02:00,2,3,9,0,0,Financial District,Financial District,6.343578652,20,1,Lyft,Van,Clear,Medium,4.2,1.5,20
3496,18-12-2023 18:00,18,0,12,0,1,Soho,Queens,9.233357217,28,4,Lyft,SUV,Clear,Low,5,1,22.94
3497,16-03-2023 12:00,12,3,3,0,0,East Village,Chinatown,19.20370595,61,1,UberXL,Hatchback,Rainy,High,4.4,1,36.95
3498,04-11-2023 06:00,6,5,11,1,0,Upper West,East Village,24.20097229,77,2,UberXL,Hatchback,Clear,Low,4.2,1.5,46.3
3499,04-06-2023 04:00,4,6,6,1,0,Queens,Soho,11.90479539,43,2,Standard,SUV,Rainy,Low,3.9,1,21.99
3500,12-06-2023 05:00,5,0,6,0,0,Downtown,Lower East Side,22.54711439,66,1,UberX,SUV,Cloudy,Very Heavy,3.5,1,41.62
3501,11-10-2023 19:00,19,2,10,0,1,Upper West,Soho,7.260339571,32,1,UberX,Van,Snowy,High,4.4,1,23.68
3502,22-04-2023 15:00,15,5,4,1,0,Brooklyn,Brooklyn,20.42412287,63,1,Lyft,Hatchback,Clear,Low,4.4,1,31.89
3503,12-06-2023 16:00,16,0,6,0,0,Upper West,Upper East,18.14993867,58,1,Lyft,Hatchback,Clear,High,4.3,1,32.51
3504,30-10-2023 12:00,12,0,10,0,0,Upper West,Upper West,7.897992823,27,1,LyftPlus,Sedan,Cloudy,High,4.3,1,20.41
3505,22-01-2023 00:00,0,6,1,1,0,Queens,Upper West,9.773865535,32,2,UberX,Van,Clear,Very Heavy,4.8,1,21.85
3506,10-10-2023 05:00,5,1,10,0,0,Midtown,Tribeca,6.708581976,24,1,Lyft,Hatchback,Cloudy,Medium,4,1,12.56
3507,09-06-2023 00:00,0,4,6,0,0,Soho,East Village,10.81502541,36,1,UberX,Hatchback,Cloudy,High,4.3,1.5,27.23
3508,30-01-2023 21:00,21,0,1,0,0,Midtown,Upper West,7.456246977,26,1,Standard,Sedan,Clear,High,4.5,1,20.05
3509,04-07-2023 18:00,18,1,7,0,1,Brooklyn,Upper West,15.13498143,55,1,UberX,SUV,Clear,High,3.8,1,33.46
3510,28-01-2023 10:00,10,5,1,1,1,Tribeca,Queens,26.2689805,81,1,LyftPlus,Sedan,Clear,Medium,4.9,2,55.84
3511,30-07-2023 17:00,17,6,7,1,1,Downtown,Financial District,2.772509979,18,2,UberX,SUV,Rainy,Medium,4.6,1.5,18.01
3512,17-06-2023 00:00,0,5,6,1,0,Financial District,East Village,16.29579976,55,1,UberX,SUV,Clear,Medium,3.6,1,33.18
3513,28-07-2023 02:00,2,4,7,0,0,Downtown,Brooklyn,7.343809263,22,1,UberX,Sedan,Rainy,Very Heavy,4.8,1,19.21
3514,26-06-2023 10:00,10,0,6,0,1,Chinatown,Financial District,15.92288919,50,1,UberX,SUV,Cloudy,Medium,4.9,1,29.97
3515,06-06-2023 20:00,20,1,6,0,1,Soho,Brooklyn,23.16733733,71,1,Lyft,SUV,Clear,Low,4.7,1,41.49
3516,13-07-2023 05:00,5,3,7,0,0,Chinatown,East Village,13.53012322,45,1,UberX,Hatchback,Snowy,High,4.1,1.5,33.45
3517,29-03-2023 16:00,16,2,3,0,0,Chinatown,Downtown,15.44104002,55,3,UberXL,SUV,Rainy,Low,5,1,29.71
3518,11-10-2023 09:00,9,2,10,0,1,Downtown,Downtown,14.65331088,51,1,UberX,SUV,Cloudy,Medium,3.7,2.5,42.78
3519,24-12-2023 07:00,7,6,12,1,1,Upper East,Upper West,10.7056854,34,1,LyftPlus,Hatchback,Clear,,4.3,1,23.64
3520,19-04-2023 15:00,15,2,4,0,0,Financial District,Tribeca,4.975363993,23,1,UberX,SUV,Clear,Medium,3.8,1,11.91
3521,16-12-2023 09:00,9,5,12,1,1,Brooklyn,Soho,10.78043604,34,1,UberX,Van,Clear,Very Heavy,4.2,1,25.1
3522,04-06-2023 23:00,23,6,6,1,0,Soho,Lower East Side,2.751433457,10,1,Lyft,Sedan,Clear,High,4.9,1,8.91
3523,18-04-2023 13:00,13,1,4,0,0,East Village,Queens,16.24977015,56,1,Standard,SUV,Clear,Low,4.7,1,25.8
3524,17-04-2023 21:00,21,0,4,0,0,Brooklyn,Upper West,8.76316864,34,1,LyftPlus,Sedan,Cloudy,Very Heavy,4.7,1,20.77
3525,26-04-2023 03:00,3,2,4,0,0,Upper East,Lower East Side,15.35520792,53,1,LyftPlus,Hatchback,Clear,Medium,4,1,24.5
3526,21-09-2023 16:00,16,3,9,0,0,Financial District,Upper East,6.088473513,23,1,UberX,Hatchback,Snowy,Medium,4.9,1,15.05
3527,07-09-2023 15:00,15,3,9,0,0,Lower East Side,Lower East Side,24.8365606,79,1,LyftPlus,Hatchback,Clear,Medium,4.1,1,42.23
3528,22-05-2023 22:00,22,0,5,0,0,Queens,Downtown,23.18941902,71,1,Lyft,Sedan,Clear,Very Heavy,3.6,1,43.12
3529,19-07-2023 04:00,4,2,7,0,0,Upper East,Upper West,7.14934467,26,3,Standard,Van,Clear,Low,4.5,1,14.87
3530,24-06-2023 01:00,1,5,6,1,0,Brooklyn,Soho,12.6170197,40,1,UberX,Van,Snowy,High,4,1,27.29
3531,27-09-2023 20:00,20,2,9,0,1,Soho,Lower East Side,17.32008848,56,3,Standard,Sedan,Clear,Medium,3.7,2,46.4
3532,19-04-2023 12:00,12,2,4,0,0,Tribeca,Brooklyn,5.659828778,28,1,UberXL,SUV,Clear,Low,4.9,1.5,17.84
3533,07-12-2023 21:00,21,3,12,0,0,Soho,Chinatown,10.11788599,36,1,Lyft,Hatchback,Cloudy,Very Heavy,4.5,2,33.27
3534,10-04-2023 06:00,6,0,4,0,0,Financial District,Brooklyn,7.377827226,23,1,UberXL,SUV,Clear,Medium,4.9,2.5,30.44
3535,23-01-2023 03:00,3,0,1,0,0,Tribeca,Midtown,22.88189993,77,2,UberXL,SUV,Rainy,High,4.4,1,42.41
3536,11-09-2023 07:00,7,0,9,0,1,Midtown,Queens,10.50117522,40,1,UberXL,SUV,Clear,Low,3.6,1,20.49
3537,27-01-2023 10:00,10,4,1,0,1,Financial District,Tribeca,21.43325701,73,1,UberX,SUV,Clear,High,3.5,1,40.66
3538,01-01-2023 02:00,2,6,1,1,0,Financial District,Brooklyn,16.55727388,53,1,Lyft,SUV,Clear,High,4.9,1,32.3
3539,16-12-2023 21:00,21,5,12,1,0,Chinatown,Lower East Side,15.42940925,50,1,Lyft,Sedan,Cloudy,Medium,3.6,1,28.17
3540,05-09-2023 23:00,23,1,9,0,0,Upper East,Midtown,23.13396321,70,1,Lyft,SUV,Cloudy,Medium,4.4,1,41.92
3541,23-08-2023 10:00,10,2,8,0,1,Soho,Downtown,26.4493861,89,1,UberX,Hatchback,Clear,Very Heavy,3.9,1,48.75
3542,19-11-2023 11:00,11,6,11,1,0,Lower East Side,Brooklyn,25.59860331,82,1,Standard,Hatchback,Clear,High,4.5,1,46.88
3543,08-09-2023 03:00,3,4,9,0,0,Chinatown,Tribeca,5.728366026,18,1,Lyft,Hatchback,Clear,Medium,3.9,1,13.2
3544,01-05-2023 10:00,10,0,5,0,1,Brooklyn,Upper West,7.673695261,32,1,UberX,Sedan,Clear,High,3.6,2,31.23
3545,17-09-2023 23:00,23,6,9,1,0,Queens,Soho,17.3087143,54,1,Lyft,Hatchback,Clear,High,4.6,1,35.58
3546,01-12-2023 10:00,10,4,12,0,1,Downtown,Chinatown,15.1654742,49,1,UberX,Sedan,Clear,Low,4,2,41.88
3547,18-05-2023 18:00,18,3,5,0,1,Upper West,Upper East,3.045683176,10,1,UberX,SUV,Clear,Medium,4.3,1,9.41
3548,07-02-2023 09:00,9,1,2,0,1,Queens,Brooklyn,3.151673873,10,1,UberXL,SUV,Clear,Very Heavy,4.7,1,15.93
3549,28-01-2023 22:00,22,5,1,1,0,Downtown,Upper East,10.53263113,37,1,Lyft,Sedan,Rainy,Very Heavy,4.6,1,24.08
3550,31-10-2023 19:00,19,1,10,0,1,Midtown,Upper East,22.53186617,70,1,UberX,SUV,Cloudy,High,4,1,43.36
3551,04-03-2023 17:00,17,5,3,1,1,Brooklyn,Upper East,22.18344078,66,1,UberX,Hatchback,Clear,Low,4.6,2.5,54.21
3552,27-09-2023 04:00,4,2,9,0,0,Soho,Lower East Side,10.83282505,40,1,Standard,Van,Rainy,Very Heavy,4.9,1,27.09
3553,04-08-2023 07:00,7,4,8,0,1,East Village,Lower East Side,21.70501237,71,1,UberX,Sedan,Clear,Medium,4.4,1,37.44
3554,07-08-2023 23:00,23,0,8,0,0,Financial District,Financial District,17.64918959,63,1,UberX,SUV,Clear,Low,4.6,1,27.91
3555,11-01-2023 09:00,9,2,1,0,1,Chinatown,Upper East,20.97866246,66,1,Standard,Sedan,Rainy,High,4.8,1.5,45.33
3556,27-09-2023 01:00,1,2,9,0,0,Lower East Side,Financial District,12.13651762,41,1,UberX,SUV,Rainy,High,4.8,2.5,42.18
3557,20-03-2023 20:00,20,0,3,0,1,Queens,Soho,4.185552849,18,1,Lyft,Van,Clear,Low,4,1.5,17.15
3558,24-05-2023 07:00,7,2,5,0,1,Downtown,Upper East,11.40338053,39,5,UberX,SUV,Clear,Very Heavy,5,1,29.22
3559,29-04-2023 22:00,22,5,4,1,0,East Village,Midtown,13.45931361,46,1,Lyft,Hatchback,Cloudy,Very Heavy,3.5,1,27.17
3560,08-06-2023 00:00,0,3,6,0,0,Queens,Upper East,13.06210496,43,1,UberX,SUV,Rainy,Low,5,1,24.84
3561,11-08-2023 02:00,2,4,8,0,0,Brooklyn,East Village,13.83664273,41,1,Standard,Sedan,Rainy,Very Heavy,3.9,1,29.82
3562,24-11-2023 23:00,23,4,11,0,0,Soho,Lower East Side,6.981750939,26,1,UberXL,SUV,Rainy,Very Heavy,4.2,1,19.45
3563,10-12-2023 03:00,3,6,12,1,0,Tribeca,Queens,24.44605041,80,4,Lyft,SUV,Clear,Low,4.8,1,41.08
3564,31-05-2023 12:00,12,2,5,0,0,Queens,Midtown,11.32848916,37,3,Standard,Hatchback,Clear,Medium,3.9,1,20.77
3565,20-04-2023 02:00,2,3,4,0,0,Queens,Tribeca,8.321887335,37,2,Standard,Sedan,Snowy,Medium,3.8,1,21.88
3566,14-07-2023 22:00,22,4,7,0,0,Soho,Brooklyn,7.74328895,26,4,UberX,Sedan,Clear,Medium,4.5,1,15.72
3567,12-05-2023 19:00,19,4,5,0,1,Lower East Side,Soho,14.42103131,46,1,LyftPlus,Hatchback,Clear,High,4.6,1,29.21
3568,03-05-2023 14:00,14,2,5,0,0,Chinatown,Soho,11.43134536,40,1,UberX,Sedan,Rainy,Medium,3.5,1,25.51
3569,17-12-2023 11:00,11,6,12,1,0,Lower East Side,East Village,12.92568226,44,3,Lyft,Van,Clear,Very Heavy,4.2,1,26.02
3570,22-03-2023 05:00,5,2,3,0,0,Midtown,East Village,20.90420918,62,1,UberX,SUV,Clear,Very Heavy,4.2,1,37.15
3571,04-05-2023 20:00,20,3,5,0,1,Lower East Side,East Village,13.4753463,47,5,UberXL,Sedan,Clear,Medium,3.9,1,30.82
3572,11-02-2023 06:00,6,5,2,1,0,Upper East,East Village,17.97385297,57,1,UberX,SUV,Clear,Medium,4.3,1,30.2
3573,17-03-2023 12:00,12,4,3,0,0,Queens,East Village,19.79729135,68,1,Lyft,SUV,Rainy,Medium,3.7,1,38.3
3574,21-01-2023 09:00,9,5,1,1,1,Soho,Downtown,4.019327441,18,5,UberXL,Sedan,Clear,Medium,4,1.5,20.69
3575,02-09-2023 20:00,20,5,9,1,1,Lower East Side,Upper West,14.54008368,47,1,UberX,Sedan,Clear,Medium,4.6,1,26.5
3576,01-06-2023 21:00,21,3,6,0,0,Upper East,Lower East Side,22.73114679,77,2,UberXL,Sedan,Clear,Low,4.8,1,37.95
3577,23-10-2023 01:00,1,0,10,0,0,Soho,Soho,3.737482268,14,1,Standard,Sedan,Clear,Low,4.4,1,9.59
3578,01-05-2023 11:00,11,0,5,0,0,Chinatown,East Village,11.83208321,36,1,Lyft,SUV,Clear,Low,3.6,1.5,24.36
3579,27-05-2023 12:00,12,5,5,1,0,Soho,Brooklyn,24.26834355,73,4,UberXL,Hatchback,Clear,Very Heavy,4.5,1,45.74
3580,20-05-2023 04:00,4,5,5,1,0,Midtown,Chinatown,10.40866629,36,1,Standard,Sedan,Rainy,Medium,4.8,2,33.47
3581,25-09-2023 02:00,2,0,9,0,0,Soho,Downtown,12.82040615,48,1,Lyft,SUV,Rainy,Low,4.3,2.5,39.46
3582,03-01-2023 05:00,5,1,1,0,0,Brooklyn,Midtown,23.92753924,76,1,UberX,Hatchback,Clear,Medium,4.2,1,41.02
3583,18-04-2023 07:00,7,1,4,0,1,Queens,Chinatown,6.933888151,28,3,UberXL,SUV,Clear,Low,5,1,16.19
3584,26-01-2023 15:00,15,3,1,0,0,Downtown,Midtown,4.850009549,20,2,UberX,Hatchback,Clear,Low,4.5,1,12.56
3585,05-09-2023 16:00,16,1,9,0,0,Downtown,Financial District,4.249504646,16,1,Lyft,Sedan,Clear,Medium,4.7,1,10.88
3586,05-11-2023 12:00,12,6,11,1,0,Downtown,Lower East Side,21.67626006,65,1,Standard,Sedan,Clear,Medium,4.5,1,36.22
3587,09-02-2023 18:00,18,3,2,0,1,Soho,Upper West,23.03033545,74,2,UberX,Sedan,Clear,Low,3.8,1.5,45.31
3588,09-03-2023 21:00,21,3,3,0,0,Chinatown,Chinatown,14.88841023,52,2,UberXL,Hatchback,Clear,Medium,3.9,1,25.54
3589,13-10-2023 19:00,19,4,10,0,1,East Village,Midtown,13.03070568,45,1,UberXL,SUV,Snowy,Medium,4.5,1,24.77
3590,17-05-2023 14:00,14,2,5,0,0,Upper East,East Village,22.86720157,72,1,UberX,Van,Rainy,Medium,4.2,1,39.96
3591,16-08-2023 07:00,7,2,8,0,1,Upper East,Soho,19.92277438,63,2,Lyft,SUV,Cloudy,High,4.1,1,41.62
3592,08-06-2023 09:00,9,3,6,0,1,Soho,Financial District,7.940199448,26,1,Lyft,Sedan,Clear,Medium,3.5,1,20.69
3593,17-04-2023 17:00,17,0,4,0,1,Brooklyn,Queens,3.041769926,12,4,UberX,Hatchback,Clear,Medium,4.8,2,20.2
3594,30-09-2023 11:00,11,5,9,1,0,Brooklyn,Downtown,8.28398782,29,1,LyftPlus,Sedan,Clear,High,4.8,1,16.95
3595,16-01-2023 10:00,10,0,1,0,1,Financial District,Queens,11.89838668,40,1,UberX,Hatchback,Snowy,Very Heavy,4.2,1,29.81
3596,05-02-2023 17:00,17,6,2,1,1,Soho,Queens,21.80932673,71,1,Standard,Sedan,Clear,High,4.6,1,40.63
3597,23-07-2023 14:00,14,6,7,1,0,Upper West,East Village,23.23390857,71,4,UberX,Sedan,Clear,Medium,3.8,2,49.91
3598,08-11-2023 21:00,21,2,11,0,0,Midtown,Queens,11.25562884,38,1,Lyft,Sedan,Clear,Medium,4.3,1.5,25.81
3599,16-01-2023 23:00,23,0,1,0,0,Downtown,Queens,22.55712099,72,1,UberX,Van,Rainy,,4.2,1,42.27
3600,30-06-2023 14:00,14,4,6,0,0,Midtown,Midtown,22.54903478,71,1,UberX,SUV,Clear,High,4.5,1,38.57
3601,28-06-2023 18:00,18,2,6,0,1,Downtown,Lower East Side,17.96920865,59,3,LyftPlus,Sedan,Clear,High,4.2,1,37.2
3602,24-04-2023 13:00,13,0,4,0,0,Tribeca,Tribeca,12.06809117,38,1,UberXL,Sedan,Snowy,Medium,4.2,2.5,42.15
3603,16-09-2023 12:00,12,5,9,1,0,Tribeca,Financial District,19.35965156,66,1,Standard,Sedan,Clear,Low,3.9,1,36.19
3604,12-09-2023 15:00,15,1,9,0,0,Soho,Queens,19.07558219,63,1,Lyft,Sedan,Clear,Medium,3.6,1,32.78
3605,27-06-2023 03:00,3,1,6,0,0,Tribeca,Chinatown,16.408883,55,1,Standard,Sedan,Clear,Medium,4.9,1,27.49
3606,08-02-2023 10:00,10,2,2,0,1,Lower East Side,Upper West,3.268797611,14,1,Standard,Hatchback,Cloudy,Very Heavy,3.5,1,13.07
3607,02-05-2023 11:00,11,1,5,0,0,East Village,Brooklyn,24.14361376,76,1,UberXL,Hatchback,Clear,Medium,3.9,1,42.26
3608,28-11-2023 13:00,13,1,11,0,0,Financial District,Financial District,12.55232263,40,1,Lyft,Van,Clear,Low,4.2,1,22.87
3609,07-05-2023 22:00,22,6,5,1,0,Brooklyn,Upper West,10.60864319,34,2,LyftPlus,Sedan,Rainy,High,4,1,24.76
3610,21-02-2023 06:00,6,1,2,0,0,East Village,Brooklyn,15.84031597,47,2,UberX,Hatchback,Clear,Low,4.3,1,28.1
3611,15-11-2023 15:00,15,2,11,0,0,Midtown,Queens,11.75102884,40,3,LyftPlus,Sedan,Cloudy,Medium,4.2,1,24.15
3612,25-07-2023 13:00,13,1,7,0,0,Midtown,Tribeca,16.84313638,57,1,Lyft,Sedan,Rainy,Medium,3.9,1,31.7
3613,14-06-2023 04:00,4,2,6,0,0,Chinatown,Upper East,7.092815089,22,2,Lyft,Sedan,Clear,Medium,3.6,1.5,20.84
3614,28-09-2023 03:00,3,3,9,0,0,Tribeca,Soho,18.94716059,65,1,UberX,Van,Clear,Medium,3.7,1,33.43
3615,09-01-2023 11:00,11,0,1,0,0,Brooklyn,Upper West,7.644703664,23,1,Lyft,Van,Rainy,Medium,4.2,1,22.04
3616,07-01-2023 16:00,16,5,1,1,0,Financial District,Queens,7.443769352,29,1,UberX,Hatchback,Rainy,Low,4.8,1.5,22.63
3617,06-06-2023 04:00,4,1,6,0,0,Downtown,Chinatown,13.20302352,42,1,LyftPlus,Sedan,Rainy,Medium,3.7,2,35.21
3618,07-10-2023 22:00,22,5,10,1,0,East Village,Chinatown,22.30215091,75,1,UberXL,Hatchback,Clear,Medium,4.5,1,38.8
3619,18-04-2023 13:00,13,1,4,0,0,Lower East Side,Financial District,25.16463358,82,1,UberX,SUV,Cloudy,High,4.7,1,44.39
3620,15-02-2023 13:00,13,2,2,0,0,Financial District,Midtown,20.2894904,73,1,Standard,Sedan,Clear,Medium,3.9,1.5,43.19
3621,07-07-2023 12:00,12,4,7,0,0,Queens,Queens,21.70403284,68,1,Lyft,Sedan,Clear,Medium,4.5,1,39.19
3622,26-08-2023 22:00,22,5,8,1,0,Upper East,Upper East,6.63309412,18,1,Standard,SUV,Snowy,,4.5,2,27.55
3623,30-04-2023 19:00,19,6,4,1,1,Tribeca,Queens,3.113364129,8,1,UberX,Hatchback,Rainy,Low,4.6,2,21.83
3624,13-05-2023 23:00,23,5,5,1,0,Downtown,Queens,14.46232731,47,1,Lyft,Hatchback,Clear,Low,4.8,1,23.09
3625,18-03-2023 13:00,13,5,3,1,0,Queens,Chinatown,10.27257201,36,1,Lyft,SUV,Cloudy,High,4.1,1,23.34
3626,29-01-2023 17:00,17,6,1,1,1,Downtown,Soho,21.51141443,67,1,Lyft,SUV,Clear,Medium,3.9,1,41.04
3627,06-06-2023 15:00,15,1,6,0,0,Downtown,Chinatown,16.85466823,56,1,UberX,SUV,Clear,High,4.3,2.5,46.81
3628,29-03-2023 15:00,15,2,3,0,0,Tribeca,Midtown,22.6496202,75,1,UberX,Hatchback,Rainy,Low,3.6,1.5,45.07
3629,16-01-2023 05:00,5,0,1,0,0,Downtown,Upper West,8.817675314,33,2,Standard,Sedan,Clear,High,4,1,19.74
3630,04-12-2023 04:00,4,0,12,0,0,Financial District,East Village,14.0229471,46,1,UberXL,Hatchback,Cloudy,Very Heavy,4.8,1,30.46
3631,23-06-2023 20:00,20,4,6,0,1,Financial District,East Village,15.53115219,49,1,Standard,Sedan,Cloudy,Medium,4.3,1,28.63
3632,09-09-2023 09:00,9,5,9,1,1,Queens,Chinatown,5.769768785,24,2,UberX,Sedan,Clear,Medium,4.2,2.5,29.38
3633,10-04-2023 02:00,2,0,4,0,0,Lower East Side,Financial District,16.10027266,57,1,Standard,Sedan,Cloudy,Medium,3.9,1.5,36.09
3634,20-02-2023 05:00,5,0,2,0,0,Midtown,Tribeca,13.66905996,44,1,Lyft,SUV,Clear,High,3.9,1,24.94
3635,27-07-2023 20:00,20,3,7,0,1,Lower East Side,Chinatown,12.40762831,38,1,Lyft,Sedan,Clear,Low,3.9,1,23.21
3636,25-08-2023 05:00,5,4,8,0,0,Brooklyn,Queens,9.383546454,36,1,UberX,Van,Cloudy,High,4.7,1,20.31
3637,24-04-2023 23:00,23,0,4,0,0,East Village,Financial District,2.447656403,13,1,Standard,SUV,Cloudy,High,5,2,20.88
3638,20-12-2023 18:00,18,2,12,0,1,East Village,Tribeca,14.52351052,49,2,UberXL,Van,Clear,Medium,4.3,1,29.37
3639,09-02-2023 20:00,20,3,2,0,1,Chinatown,Upper West,9.88845183,39,1,Lyft,Sedan,Clear,Low,3.6,1.5,20.92
3640,03-10-2023 23:00,23,1,10,0,0,Chinatown,Chinatown,3.332924877,9,1,UberX,SUV,Clear,Low,4.6,1,9.07
3641,03-03-2023 10:00,10,4,3,0,1,Upper West,Upper West,11.05411424,37,1,Lyft,Van,Clear,High,4.8,1,24.35
3642,05-07-2023 20:00,20,2,7,0,1,Tribeca,Midtown,8.730496945,32,2,LyftPlus,Sedan,Clear,Low,4.9,1,20.25
3643,19-10-2023 18:00,18,3,10,0,1,Soho,East Village,12.87558524,49,3,UberX,Sedan,Clear,Medium,4.4,1.5,30.66
3644,24-09-2023 12:00,12,6,9,1,0,Chinatown,East Village,5.785090339,22,1,Lyft,SUV,Clear,Medium,4.3,1,15.89
3645,28-04-2023 20:00,20,4,4,0,1,Lower East Side,Chinatown,14.50797353,47,1,UberX,Sedan,Cloudy,Medium,4.4,1,27.3
3646,29-04-2023 18:00,18,5,4,1,1,Soho,Financial District,18.1165837,59,1,Standard,Sedan,Clear,Medium,3.5,1,33.73
3647,04-05-2023 12:00,12,3,5,0,0,Queens,Chinatown,17.22891131,58,1,Standard,Van,Clear,High,4.5,1.5,38.98
3648,11-07-2023 10:00,10,1,7,0,1,Lower East Side,Soho,21.22134977,72,1,UberX,Hatchback,Snowy,Medium,4.6,1,44.91
3649,04-10-2023 20:00,20,2,10,0,1,Downtown,East Village,13.58599309,50,1,UberX,SUV,Clear,High,4.6,1,26.82
3650,29-04-2023 18:00,18,5,4,1,1,Downtown,Soho,14.42326241,42,5,Lyft,Sedan,Rainy,Medium,4.3,1,36.22
3651,07-01-2023 21:00,21,5,1,1,0,Lower East Side,Soho,17.49805668,55,1,UberX,Sedan,Clear,High,4.6,2,38.88
3652,08-02-2023 07:00,7,2,2,0,1,Tribeca,Upper West,13.00496408,46,1,UberXL,Sedan,Clear,Medium,4.5,2,37.39
3653,13-12-2023 01:00,1,2,12,0,0,Upper East,Midtown,16.46489708,55,1,UberX,SUV,Clear,Very Heavy,3.7,1,35.49
3654,27-05-2023 00:00,0,5,5,1,0,Midtown,Lower East Side,11.95436685,42,1,UberXL,SUV,Clear,Medium,4.8,2.5,35.98
3655,11-02-2023 07:00,7,5,2,1,1,Upper West,Financial District,9.798954411,32,1,UberX,Sedan,Clear,Medium,4.4,1,23.34
3656,09-09-2023 23:00,23,5,9,1,0,Financial District,Brooklyn,21.42307695,69,2,UberX,Van,Clear,Medium,4.6,1,36.57
3657,09-06-2023 23:00,23,4,6,0,0,Downtown,Financial District,7.263715602,26,1,UberX,SUV,Clear,Medium,4,1.5,19.77
3658,22-02-2023 10:00,10,2,2,0,1,Upper West,Soho,10.1230796,36,6,Lyft,Sedan,Clear,Low,4.9,1,20.7
3659,14-11-2023 01:00,1,1,11,0,0,East Village,Tribeca,9.350694158,34,1,Lyft,Hatchback,Clear,Low,4.3,2.5,32.26
3660,29-12-2023 18:00,18,4,12,0,1,Lower East Side,Tribeca,11.43244758,40,1,UberX,Sedan,Snowy,High,4.5,1,28.61
3661,20-07-2023 04:00,4,3,7,0,0,Upper East,Midtown,8.19283685,30,1,Lyft,Hatchback,Cloudy,Medium,4.9,1,15.55
3662,03-01-2023 19:00,19,1,1,0,1,Lower East Side,Upper West,16.14206822,52,1,LyftPlus,Hatchback,Cloudy,Medium,4.9,1,33.4
3663,24-08-2023 20:00,20,3,8,0,1,Financial District,Upper West,20.17769617,70,1,UberX,Van,Rainy,Very Heavy,4.5,1,41.1
3664,06-07-2023 14:00,14,3,7,0,0,Tribeca,Soho,19.06580291,65,1,LyftPlus,Sedan,Clear,Medium,3.7,1,33.69
3665,09-12-2023 02:00,2,5,12,1,0,Upper West,Soho,11.9799129,41,1,Lyft,Sedan,Clear,Low,4.9,1,21.37
3666,27-05-2023 17:00,17,5,5,1,1,Queens,Upper East,24.68175946,81,3,UberX,Sedan,Cloudy,High,5,1,51.02
3667,24-01-2023 20:00,20,1,1,0,1,Financial District,Upper East,14.30567383,54,1,UberX,Sedan,Clear,Medium,3.7,1.5,35.53
3668,23-10-2023 02:00,2,0,10,0,0,Tribeca,Soho,12.29418352,39,1,UberXL,Hatchback,Clear,Medium,4.2,1,24.56
3669,23-11-2023 08:00,8,3,11,0,1,Soho,East Village,21.42272086,67,1,Lyft,Hatchback,Clear,Medium,4.3,1.5,43.32
3670,13-08-2023 19:00,19,6,8,1,1,Tribeca,Financial District,20.75704792,67,1,UberX,Van,Clear,Low,3.6,1,37.4
3671,05-04-2023 02:00,2,2,4,0,0,Tribeca,East Village,19.75258973,65,1,Standard,Sedan,Clear,Low,3.8,1,33.94
3672,09-09-2023 15:00,15,5,9,1,0,Financial District,Upper West,6.134009419,21,1,Lyft,Hatchback,Snowy,Low,4.3,1,15.5
3673,28-01-2023 02:00,2,5,1,1,0,Lower East Side,Brooklyn,11.5129824,41,1,UberX,Sedan,Rainy,Low,4.9,1,23.76
3674,28-08-2023 05:00,5,0,8,0,0,Upper East,Financial District,23.22451347,74,1,UberX,Van,Clear,Medium,3.5,1.5,49.78
3675,12-10-2023 22:00,22,3,10,0,0,Financial District,East Village,14.0252121,50,2,UberX,Sedan,Rainy,Very Heavy,4.9,2.5,44.42
3676,18-04-2023 19:00,19,1,4,0,1,Brooklyn,East Village,17.17015609,54,2,UberXL,Hatchback,Clear,Medium,4.8,1,33.48
3677,25-11-2023 04:00,4,5,11,1,0,Midtown,Downtown,4.280334831,15,1,UberXL,Sedan,Rainy,High,4.8,1,15.11
3678,16-05-2023 22:00,22,1,5,0,0,Chinatown,Financial District,17.23288622,56,1,Lyft,Sedan,Cloudy,Medium,4.1,1,30.94
3679,25-02-2023 18:00,18,5,2,1,1,Upper East,Brooklyn,22.00365843,70,2,Lyft,Hatchback,Clear,High,4.2,2.5,55.9
3680,28-07-2023 04:00,4,4,7,0,0,Queens,Midtown,13.09717755,41,1,UberX,Hatchback,Rainy,Low,4.1,1.5,29.01
3681,29-08-2023 20:00,20,1,8,0,1,Upper East,Midtown,9.505553179,33,1,Lyft,Hatchback,Clear,Medium,4.9,1,24.17
3682,28-04-2023 19:00,19,4,4,0,1,East Village,East Village,14.82383376,47,2,UberX,Sedan,Clear,Medium,4.3,1,29.82
3683,07-08-2023 00:00,0,0,8,0,0,Lower East Side,Soho,7.49773982,33,1,UberX,Sedan,Rainy,High,3.6,1,21.47
3684,03-04-2023 09:00,9,0,4,0,1,Queens,Brooklyn,17.79358736,58,2,Lyft,Sedan,Cloudy,Low,3.9,1.5,37.82
3685,28-05-2023 11:00,11,6,5,1,0,Soho,Brooklyn,19.90770341,65,1,UberX,Hatchback,Rainy,Medium,4.2,1.5,42.41
3686,23-11-2023 21:00,21,3,11,0,0,Financial District,Upper West,5.02663627,16,1,LyftPlus,Sedan,Snowy,Low,4.9,2.5,29.36
3687,02-07-2023 15:00,15,6,7,1,0,Tribeca,Chinatown,17.87366744,60,1,Standard,Van,,Medium,4.4,1,31.75
3688,04-05-2023 09:00,9,3,5,0,1,Lower East Side,Tribeca,11.00996034,35,2,Lyft,SUV,Rainy,Medium,4.5,1,26.16
3689,15-05-2023 10:00,10,0,5,0,1,Financial District,Downtown,5.051972231,22,1,UberX,SUV,Cloudy,High,3.6,1,18.7
3690,12-10-2023 21:00,21,3,10,0,0,East Village,Upper West,12.91514919,39,1,UberX,Hatchback,Clear,Low,4.8,1,20.8
3691,20-10-2023 23:00,23,4,10,0,0,Lower East Side,Lower East Side,7.806944524,28,2,UberX,SUV,Clear,Low,4.3,1,15.9
3692,04-06-2023 20:00,20,6,6,1,1,Upper West,Brooklyn,13.44297307,48,3,Lyft,Sedan,Clear,Medium,4.9,1.5,33.57
3693,23-05-2023 06:00,6,1,5,0,0,East Village,Chinatown,12.59475284,43,2,LyftPlus,Sedan,Clear,Very Heavy,4.2,1,28.49
3694,02-03-2023 08:00,8,3,3,0,1,Brooklyn,Queens,18.29164499,59,1,Lyft,Sedan,Cloudy,Medium,4.5,1,36.13
3695,24-01-2023 18:00,18,1,1,0,1,Tribeca,Soho,21.47638375,73,3,Lyft,SUV,Clear,Medium,4.2,1.5,46.2
3696,02-05-2023 00:00,0,1,5,0,0,Tribeca,Brooklyn,15.32845409,48,1,Lyft,Sedan,Clear,Medium,3.7,2,39.93
3697,15-04-2023 09:00,9,5,4,1,1,Downtown,Downtown,4.093905235,13,1,LyftPlus,SUV,Cloudy,Low,3.9,1,11.58
3698,08-02-2023 05:00,5,2,2,0,0,Upper West,Brooklyn,25.90395527,79,3,UberX,Sedan,Clear,High,3.6,1.5,53.74
3699,18-10-2023 22:00,22,2,10,0,0,Downtown,Financial District,18.40961716,57,1,LyftPlus,Hatchback,Clear,Medium,4.2,1.5,37.7
3700,06-11-2023 11:00,11,0,11,0,0,Soho,Financial District,1.973518168,12,1,Lyft,Hatchback,Clear,High,4.5,1,10.52
3701,22-09-2023 00:00,0,4,9,0,0,Midtown,Chinatown,20.68842616,66,1,UberX,Hatchback,Rainy,Medium,3.9,1,36.12
3702,11-03-2023 22:00,22,5,3,1,0,Chinatown,Upper East,9.580693111,36,2,Standard,Sedan,Clear,Medium,4.2,2,30.77
3703,26-01-2023 15:00,15,3,1,0,0,Midtown,Downtown,4.792903188,20,1,Standard,Hatchback,Snowy,Low,4.2,2,23.82
3704,23-10-2023 06:00,6,0,10,0,0,Financial District,Chinatown,17.0698602,57,1,Lyft,Hatchback,Clear,High,4.3,1,31.5
3705,17-07-2023 21:00,21,0,7,0,0,Midtown,East Village,12.30933251,36,1,LyftPlus,Sedan,Cloudy,Low,3.8,1,24.51
3706,27-05-2023 01:00,1,5,5,1,0,Tribeca,Tribeca,11.88077586,42,1,UberX,Van,Clear,High,4.3,2,34.51
3707,08-07-2023 17:00,17,5,7,1,1,East Village,East Village,22.35799787,75,2,UberXL,Sedan,Clear,High,4,1.5,47.84
3708,17-02-2023 07:00,7,4,2,0,1,Upper West,Tribeca,14.57286259,49,1,UberX,Sedan,Clear,Medium,3.9,1,26.77
3709,23-12-2023 22:00,22,5,12,1,0,Financial District,Lower East Side,4.351630733,15,1,UberXL,Sedan,Clear,Medium,4.4,1,10.3
3710,29-10-2023 02:00,2,6,10,1,0,Financial District,Tribeca,21.94060983,66,2,UberXL,Sedan,Clear,Very Heavy,3.7,2.5,56.84
3711,04-08-2023 02:00,2,4,8,0,0,Upper West,Tribeca,25.63375746,84,1,UberX,Hatchback,Clear,Medium,4.9,1,41.99
3712,09-01-2023 14:00,14,0,1,0,0,Tribeca,Midtown,18.28498644,60,1,Lyft,Sedan,Clear,Very Heavy,4.9,1,37.16
3713,23-07-2023 03:00,3,6,7,1,0,Chinatown,Tribeca,13.94829958,42,1,UberX,SUV,Cloudy,Low,4.5,1,24.23
3714,24-02-2023 23:00,23,4,2,0,0,Soho,Brooklyn,3.436050458,16,2,UberX,SUV,Clear,Medium,4,1,9.21
3715,17-02-2023 13:00,13,4,2,0,0,Soho,Queens,20.65422316,66,1,UberX,Hatchback,Snowy,Low,4.4,1,35.61
3716,12-07-2023 19:00,19,2,7,0,1,Financial District,Downtown,4.67961083,23,1,UberXL,Sedan,Cloudy,Low,4.4,1,12.62
3717,04-11-2023 21:00,21,5,11,1,0,Soho,Queens,3.54296328,13,1,UberX,Hatchback,Clear,Medium,4.1,1,11.54
3718,23-04-2023 02:00,2,6,4,1,0,Tribeca,Upper East,15.49040058,52,1,UberX,Sedan,Clear,Low,3.9,1.5,30.38
3719,02-11-2023 03:00,3,3,11,0,0,Brooklyn,Brooklyn,4.816446118,23,2,UberX,Hatchback,Rainy,Very Heavy,3.8,1,16.26
3720,16-05-2023 15:00,15,1,5,0,0,Brooklyn,Chinatown,2.19676199,12,2,UberX,Van,Cloudy,High,3.8,1,10.03
3721,12-12-2023 01:00,1,1,12,0,0,Downtown,Tribeca,13.52044953,45,1,UberXL,Sedan,Cloudy,Low,4.5,1,23.93
3722,06-08-2023 05:00,5,6,8,1,0,Upper East,Midtown,5.292944791,19,1,Standard,Sedan,Rainy,Low,4.8,1,11.45
3723,21-06-2023 04:00,4,2,6,0,0,Queens,Upper West,6.037981167,22,2,UberX,SUV,Clear,High,4.1,1,16.19
3724,06-05-2023 20:00,20,5,5,1,1,Midtown,East Village,4.782034335,17,1,Lyft,Sedan,Clear,,3.7,1.5,21.66
3725,19-03-2023 09:00,9,6,3,1,1,Soho,Financial District,7.140115317,24,1,UberX,Sedan,Cloudy,High,3.5,1,19.94
3726,27-04-2023 05:00,5,3,4,0,0,Brooklyn,Chinatown,19.43153908,66,3,UberX,Sedan,Rainy,Medium,4.1,1,36.49
3727,11-06-2023 11:00,11,6,6,1,0,East Village,Downtown,20.97237885,71,1,UberX,SUV,Cloudy,High,3.8,1.5,45.24
3728,13-11-2023 21:00,21,0,11,0,0,Upper West,Queens,11.44909605,41,1,Standard,Sedan,Rainy,Medium,4,1,22.45
3729,05-12-2023 23:00,23,1,12,0,0,Upper East,Brooklyn,13.40930988,45,1,UberXL,SUV,Clear,Medium,3.9,1,25.96
3730,10-09-2023 07:00,7,6,9,1,1,Downtown,Upper West,2.875372235,14,2,Lyft,SUV,Snowy,Low,4.5,2,23.1
3731,11-06-2023 18:00,18,6,6,1,1,Queens,Soho,4.061549416,12,1,Lyft,Hatchback,Cloudy,Medium,4.5,2,25.88
3732,26-10-2023 23:00,23,3,10,0,0,Brooklyn,Soho,8.77846673,33,2,UberX,Van,Clear,Low,4.9,2,28.6
3733,25-10-2023 01:00,1,2,10,0,0,Downtown,Financial District,15.27205291,50,5,Standard,SUV,Clear,Medium,4.5,1,26.72
3734,29-07-2023 05:00,5,5,7,1,0,Lower East Side,Lower East Side,16.90218601,52,4,UberX,Sedan,Clear,Medium,3.7,2.5,47.32
3735,17-07-2023 07:00,7,0,7,0,1,Upper East,Soho,17.33512674,60,3,UberX,Sedan,Rainy,High,4.6,1.5,40.01
3736,10-04-2023 11:00,11,0,4,0,0,Upper West,East Village,11.53594513,39,1,UberX,SUV,Clear,Low,3.8,1,22.61
3737,02-10-2023 06:00,6,0,10,0,0,Midtown,Upper East,4.482731494,20,3,UberX,Van,Clear,Medium,4.3,1,11.14
3738,02-09-2023 10:00,10,5,9,1,1,Brooklyn,Soho,21.12933157,69,1,UberX,Hatchback,Clear,Low,3.6,1,38.57
3739,17-04-2023 22:00,22,0,4,0,0,Chinatown,Financial District,8.897712304,28,3,Lyft,Sedan,Clear,Medium,3.6,1,21.27
3740,10-02-2023 15:00,15,4,2,0,0,Upper West,Upper East,17.61746406,60,1,UberX,Hatchback,Clear,High,4.2,1,30.09
3741,28-10-2023 12:00,12,5,10,1,0,Queens,East Village,16.41469038,52,1,Lyft,Hatchback,Rainy,High,3.7,1,35.48
3742,22-02-2023 14:00,14,2,2,0,0,Soho,Financial District,19.39687115,58,1,UberX,Sedan,Cloudy,Very Heavy,4,1,39.28
3743,30-07-2023 07:00,7,6,7,1,1,Upper East,Soho,22.22312368,73,2,Standard,Hatchback,Clear,Very Heavy,4,1,42.25
3744,04-11-2023 14:00,14,5,11,1,0,Queens,Tribeca,23.37114769,75,1,UberX,Sedan,Rainy,High,4.7,1,44.95
3745,17-09-2023 15:00,15,6,9,1,0,Midtown,Downtown,4.818430546,19,1,Lyft,SUV,Rainy,Medium,4,1,12.43
3746,19-05-2023 15:00,15,4,5,0,0,Upper West,Soho,14.80812465,51,2,Lyft,Sedan,Clear,Low,4.2,1,27.48
3747,23-08-2023 14:00,14,2,8,0,0,Tribeca,Financial District,14.74231851,45,1,UberX,Sedan,Clear,Medium,4.7,1.5,31.63
3748,05-04-2023 03:00,3,2,4,0,0,Midtown,Downtown,4.801975101,16,1,UberX,Hatchback,Clear,Very Heavy,3.8,1,13.17
3749,22-02-2023 09:00,9,2,2,0,1,Lower East Side,Downtown,9.199617227,29,1,UberX,Hatchback,Clear,Medium,4.7,1,22.66
3750,20-01-2023 08:00,8,4,1,0,1,Financial District,Upper East,23.42957181,73,1,UberX,Sedan,Cloudy,Low,4.7,1,43
3751,18-05-2023 06:00,6,3,5,0,0,Brooklyn,East Village,12.25335441,42,1,UberX,Sedan,Cloudy,Very Heavy,5,1.5,31.67
3752,10-10-2023 06:00,6,1,10,0,0,Soho,Soho,4.700938811,25,4,Lyft,Sedan,Clear,Medium,4.2,1,13.49
3753,06-11-2023 15:00,15,0,11,0,0,Chinatown,Lower East Side,13.83858431,45,1,UberXL,Hatchback,Cloudy,High,4.1,2,37.11
3754,21-02-2023 06:00,6,1,2,0,0,Upper East,Upper West,6.442579032,24,1,UberXL,Sedan,Cloudy,High,4.6,1,17.19
3755,08-06-2023 13:00,13,3,6,0,0,East Village,Lower East Side,15.09275934,45,1,UberX,Hatchback,Cloudy,High,3.6,1,30.45
3756,25-09-2023 11:00,11,0,9,0,0,Chinatown,Tribeca,15.35182773,49,5,LyftPlus,Van,Clear,High,3.6,1,34.02
3757,28-08-2023 14:00,14,0,8,0,0,Upper West,Lower East Side,10.65629772,30,1,UberX,SUV,Rainy,High,4,1,24.8
3758,10-06-2023 16:00,16,5,6,1,0,Lower East Side,East Village,4.397949116,25,1,UberX,Sedan,Rainy,High,4.6,1,16.9
3759,11-05-2023 15:00,15,3,5,0,0,Tribeca,Upper West,24.91456852,74,1,UberX,Sedan,Rainy,Medium,3.7,2,51.73
3760,17-10-2023 17:00,17,1,10,0,1,East Village,Chinatown,19.66892246,62,2,UberX,Sedan,Clear,High,4.5,1,39.47
3761,09-09-2023 10:00,10,5,9,1,1,Chinatown,Upper West,20.47135235,65,3,Lyft,Sedan,Rainy,High,3.9,1,42.52
3762,11-07-2023 05:00,5,1,7,0,0,Lower East Side,Queens,11.59238205,45,1,Lyft,Hatchback,Clear,Medium,4.5,1.5,27.68
3763,06-03-2023 10:00,10,0,3,0,1,Brooklyn,Chinatown,19.58614677,64,1,Lyft,Sedan,Cloudy,Medium,4.2,1,39.51
3764,10-09-2023 17:00,17,6,9,1,1,Brooklyn,Upper East,13.92812269,42,1,Lyft,Sedan,Rainy,Medium,3.7,1,31.7
3765,15-02-2023 14:00,14,2,2,0,0,Upper East,Midtown,8.134962505,28,1,Standard,SUV,Clear,Medium,3.9,1,16.73
3766,11-04-2023 11:00,11,1,4,0,0,Chinatown,Brooklyn,5.15819025,20,1,UberXL,Hatchback,Clear,Low,3.8,1,10.06
3767,20-04-2023 01:00,1,3,4,0,0,Tribeca,Brooklyn,10.37219685,34,1,UberXL,Sedan,Rainy,High,3.7,1,21.33
3768,22-06-2023 17:00,17,3,6,0,1,Brooklyn,Lower East Side,5.715735414,19,1,UberX,Hatchback,Clear,Low,4.2,1,14.65
3769,26-04-2023 15:00,15,2,4,0,0,East Village,Chinatown,26.24870848,81,2,UberX,SUV,Clear,Low,4.9,1,44.77
3770,04-10-2023 04:00,4,2,10,0,0,Tribeca,Upper East,4.096477293,14,1,UberXL,SUV,Rainy,Low,4.5,2,23.3
3771,12-05-2023 11:00,11,4,5,0,0,Lower East Side,Upper East,12.86153638,40,1,UberX,Hatchback,Cloudy,Medium,4.8,2.5,38.79
3772,15-06-2023 10:00,10,3,6,0,1,East Village,Upper West,11.78961722,37,1,UberXL,Sedan,,Medium,5,1,26.06
3773,29-11-2023 04:00,4,2,11,0,0,Midtown,Upper East,10.34469702,35,1,UberX,SUV,Clear,Medium,4.3,1,22.27
3774,14-08-2023 15:00,15,0,8,0,0,Lower East Side,Lower East Side,15.99784184,55,1,LyftPlus,Hatchback,Cloudy,Very Heavy,3.9,1,34
3775,30-06-2023 11:00,11,4,6,0,0,Queens,Upper West,5.464256166,17,1,Standard,Hatchback,Cloudy,High,4.9,1,14.83
3776,22-03-2023 22:00,22,2,3,0,0,Tribeca,East Village,22.16906583,69,2,UberX,Sedan,Clear,High,4.5,1.5,44.94
3777,09-09-2023 02:00,2,5,9,1,0,Downtown,Midtown,5.337194423,21,4,LyftPlus,Sedan,Clear,Medium,4.9,1,14.86
3778,12-12-2023 21:00,21,1,12,0,0,Queens,Queens,9.690239411,35,2,LyftPlus,Sedan,Clear,High,4.5,1.5,27.31
3779,08-01-2023 23:00,23,6,1,1,0,Lower East Side,Upper West,16.0066847,57,1,Standard,Hatchback,Cloudy,High,4.7,1,29.95
3780,05-02-2023 21:00,21,6,2,1,0,Chinatown,Lower East Side,18.37549028,62,4,UberX,Hatchback,Clear,Very Heavy,4.8,1,36.12
3781,07-10-2023 15:00,15,5,10,1,0,Queens,Upper East,24.10280375,77,1,Lyft,SUV,Clear,Low,4.6,1,39.76
3782,28-01-2023 01:00,1,5,1,1,0,Tribeca,Downtown,22.32050437,71,1,UberX,Sedan,Clear,Low,4.3,1.5,40.9
3783,22-06-2023 06:00,6,3,6,0,0,Soho,Soho,16.83683371,55,1,Lyft,Sedan,Clear,Low,4.2,2.5,42.89
3784,13-11-2023 03:00,3,0,11,0,0,Brooklyn,Brooklyn,13.2614959,41,1,Lyft,SUV,Rainy,Very Heavy,4.7,1,26.9
3785,13-02-2023 04:00,4,0,2,0,0,Midtown,Midtown,13.03227201,45,3,Lyft,Van,Clear,Medium,4.7,1,23.68
3786,22-06-2023 03:00,3,3,6,0,0,Soho,Soho,20.688063,65,1,UberX,Hatchback,Clear,Medium,4,2.5,52.15
3787,31-03-2023 12:00,12,4,3,0,0,Soho,Financial District,22.85325238,73,1,LyftPlus,Hatchback,Clear,Medium,4.2,1,40.69
3788,16-08-2023 09:00,9,2,8,0,1,Downtown,Upper East,9.769547098,31,1,UberXL,Sedan,Clear,High,4.5,1,22.85
3789,11-09-2023 07:00,7,0,9,0,1,Upper West,Lower East Side,5.05721507,19,2,UberX,Van,Cloudy,Very Heavy,3.5,1,20.02
3790,12-04-2023 06:00,6,2,4,0,0,Tribeca,Upper West,12.39001608,39,2,UberXL,Hatchback,Clear,High,3.9,1,22.29
3791,20-03-2023 07:00,7,0,3,0,1,East Village,Lower East Side,20.92445381,69,1,LyftPlus,Sedan,Cloudy,High,3.9,1,41.08
3792,11-11-2023 06:00,6,5,11,1,0,Brooklyn,Chinatown,11.07407859,37,1,Standard,Hatchback,Clear,Medium,4.8,1,19.02
3793,25-03-2023 19:00,19,5,3,1,1,Chinatown,Queens,12.12543138,41,2,Lyft,Sedan,Clear,Medium,4,1,24.43
3794,21-05-2023 13:00,13,6,5,1,0,Soho,Downtown,13.19185803,43,1,UberX,SUV,Clear,High,4.3,1,27.11
3795,03-11-2023 13:00,13,4,11,0,0,Midtown,Queens,11.71846139,42,1,UberX,Van,Cloudy,High,4.7,1,25.46
3796,23-02-2023 17:00,17,3,2,0,1,Upper West,Soho,15.4713349,52,1,UberX,Sedan,Clear,High,3.9,1,28.9
3797,02-03-2023 07:00,7,3,3,0,1,Downtown,Downtown,26.10615912,80,1,UberX,Hatchback,Rainy,Low,3.7,1.5,49.31
3798,14-05-2023 07:00,7,6,5,1,1,Financial District,Tribeca,14.34223444,45,1,UberX,SUV,Clear,Low,4.9,2,35.56
3799,23-09-2023 21:00,21,5,9,1,0,Brooklyn,Brooklyn,8.30328584,32,1,UberX,Van,Clear,Low,4.6,1,12.97
3800,10-11-2023 10:00,10,4,11,0,1,Financial District,Upper East,7.15347922,19,1,UberX,Sedan,Clear,Medium,3.8,1,17.21
3801,10-09-2023 11:00,11,6,9,1,0,Queens,Financial District,5.146241886,24,3,LyftPlus,Hatchback,Cloudy,Medium,4.7,1,15.17
3802,13-05-2023 15:00,15,5,5,1,0,Soho,Soho,16.14991563,51,1,Lyft,Sedan,Clear,Very Heavy,4.7,1,29.55
3803,16-08-2023 14:00,14,2,8,0,0,Upper East,Upper West,14.4467088,50,1,Lyft,Sedan,Rainy,High,4.8,2,42.79
3804,15-05-2023 00:00,0,0,5,0,0,Brooklyn,Brooklyn,6.922687513,26,1,UberX,Sedan,Snowy,Medium,3.9,1,18.04
3805,11-05-2023 16:00,16,3,5,0,0,East Village,Financial District,18.65319816,59,1,UberXL,Sedan,Clear,,4.2,1,31.94
3806,19-05-2023 06:00,6,4,5,0,0,Upper West,Queens,21.5941013,70,1,UberX,Van,Clear,High,4.5,1,37.1
3807,26-04-2023 22:00,22,2,4,0,0,Midtown,Brooklyn,8.550374301,30,5,UberXL,Sedan,Clear,Medium,4.1,1,21.34
3808,16-11-2023 01:00,1,3,11,0,0,Brooklyn,Financial District,10.93331682,40,1,Lyft,Sedan,Clear,High,3.6,1,23.45
3809,25-07-2023 00:00,0,1,7,0,0,East Village,Chinatown,25.68497166,79,1,UberXL,Sedan,Clear,Medium,3.7,1.5,49.06
3810,21-09-2023 12:00,12,3,9,0,0,Tribeca,Chinatown,10.81460795,39,1,LyftPlus,Sedan,Rainy,Low,4.4,2.5,37.1
3811,21-09-2023 15:00,15,3,9,0,0,Financial District,Financial District,20.53512089,60,1,Standard,Sedan,Rainy,Low,4.1,1,34.31
3812,17-12-2023 17:00,17,6,12,1,1,Tribeca,Queens,12.97393801,45,5,UberXL,Van,Rainy,Medium,3.5,1,31.33
3813,02-02-2023 08:00,8,3,2,0,1,Upper West,Lower East Side,21.70348272,70,1,UberX,SUV,Cloudy,Medium,4.7,1,40.76
3814,06-08-2023 00:00,0,6,8,1,0,Downtown,Financial District,18.97392356,63,2,Standard,Hatchback,Clear,High,4.1,1,33.11
3815,29-01-2023 15:00,15,6,1,1,0,Soho,Chinatown,20.00451983,66,6,Lyft,Hatchback,Clear,Medium,4,1,37.1
3816,23-01-2023 01:00,1,0,1,0,0,Brooklyn,Midtown,21.49263227,73,1,Lyft,SUV,Clear,Very Heavy,4.6,1.5,44.48
3817,31-07-2023 03:00,3,0,7,0,0,Upper East,Downtown,10.52146536,36,1,Lyft,Van,Clear,High,4.2,1,22.25
3818,03-12-2023 16:00,16,6,12,1,0,Financial District,Lower East Side,23.66768813,73,1,UberX,Van,Clear,Medium,4.5,1,41.33
3819,18-08-2023 22:00,22,4,8,0,0,Financial District,Midtown,14.68098106,54,2,UberX,Sedan,Clear,Medium,3.5,1,29
3820,31-03-2023 17:00,17,4,3,0,1,Brooklyn,Queens,9.057571591,33,1,UberX,Van,Cloudy,High,3.5,1,22.69
3821,11-09-2023 22:00,22,0,9,0,0,Queens,East Village,11.50552486,42,1,UberX,SUV,Snowy,Low,4.3,1,25.04
3822,18-10-2023 14:00,14,2,10,0,0,Tribeca,Brooklyn,20.2084455,64,1,UberXL,Sedan,Clear,Very Heavy,5,1,35.75
3823,18-07-2023 22:00,22,1,7,0,0,Financial District,Tribeca,16.51430468,53,1,UberX,SUV,Cloudy,Medium,3.9,1.5,35.71
3824,17-11-2023 12:00,12,4,11,0,0,East Village,Upper West,6.651746915,25,3,LyftPlus,Sedan,Cloudy,Very Heavy,4.5,1,16.21
3825,10-05-2023 07:00,7,2,5,0,1,Midtown,Upper West,3.832820458,18,1,Lyft,SUV,Clear,Very Heavy,3.8,1,15.1
3826,12-04-2023 16:00,16,2,4,0,0,Soho,Soho,18.57577002,61,1,UberX,Hatchback,Clear,Medium,4,1,33.59
3827,22-06-2023 07:00,7,3,6,0,1,Financial District,Soho,8.831582362,28,1,UberX,Sedan,Snowy,Low,3.6,1,23.02
3828,24-10-2023 20:00,20,1,10,0,1,East Village,Queens,13.81615167,51,1,Lyft,Sedan,Rainy,Medium,4.8,1,29.77
3829,05-08-2023 17:00,17,5,8,1,1,Upper West,Soho,19.05848482,58,1,UberX,Van,Snowy,Medium,4,1,40.95
3830,05-02-2023 04:00,4,6,2,1,0,Upper West,Upper West,15.69357931,53,1,Lyft,Sedan,Clear,High,3.8,1,30.3
3831,19-01-2023 14:00,14,3,1,0,0,Soho,Midtown,5.030372203,20,1,LyftPlus,Sedan,Clear,Low,4.6,1,8.19
3832,13-06-2023 03:00,3,1,6,0,0,Queens,Tribeca,7.211688522,34,1,UberXL,Van,Clear,Medium,3.8,1,12.51
3833,10-05-2023 13:00,13,2,5,0,0,Chinatown,Chinatown,9.794560385,33,1,UberX,Van,Snowy,Very Heavy,3.9,1.5,29.25
3834,21-02-2023 10:00,10,1,2,0,1,Chinatown,Upper West,9.22494992,28,1,Lyft,Sedan,Clear,Very Heavy,3.7,2,32.49
3835,02-10-2023 11:00,11,0,10,0,0,Upper East,Midtown,17.36290812,59,2,UberX,Sedan,Clear,Low,4.9,1,29.65
3836,10-01-2023 10:00,10,1,1,0,1,Soho,East Village,14.01774121,45,3,UberX,Van,Clear,High,3.9,2,39.75
3837,22-06-2023 15:00,15,3,6,0,0,Downtown,Queens,7.421107585,30,1,UberXL,Sedan,Clear,Low,5,2,22.7
3838,27-10-2023 09:00,9,4,10,0,1,Queens,Upper East,3.980786521,19,1,Standard,SUV,Clear,High,3.8,1,13.7
3839,20-08-2023 14:00,14,6,8,1,0,Financial District,East Village,7.07341587,28,3,UberX,Sedan,Rainy,Medium,3.5,1,18.35
3840,08-01-2023 18:00,18,6,1,1,1,Chinatown,Chinatown,24.33072566,75,1,Standard,Hatchback,Clear,Very Heavy,4.8,1,44.84
3841,16-04-2023 15:00,15,6,4,1,0,Soho,East Village,12.83987522,46,4,UberX,Sedan,Clear,High,4.4,1,27.12
3842,22-03-2023 12:00,12,2,3,0,0,Chinatown,Lower East Side,20.18130027,72,3,UberX,SUV,Clear,Medium,4,1,37.69
3843,26-03-2023 16:00,16,6,3,1,0,Lower East Side,Lower East Side,23.13839943,73,1,Lyft,Sedan,Clear,Medium,4.3,1,38.58
3844,22-02-2023 04:00,4,2,2,0,0,Tribeca,Upper West,13.87016558,46,1,UberX,Sedan,Clear,Low,3.9,1,24.48
3845,18-08-2023 13:00,13,4,8,0,0,Upper West,Queens,20.02210102,64,1,UberX,Sedan,Clear,High,4.5,1,39.39
3846,31-07-2023 10:00,10,0,7,0,1,Lower East Side,Downtown,7.144296683,25,1,UberX,Sedan,Rainy,High,4.4,1,21.38
3847,20-03-2023 09:00,9,0,3,0,1,East Village,Lower East Side,18.7893124,61,3,UberX,Hatchback,Clear,High,3.6,1.5,44.52
3848,12-01-2023 05:00,5,3,1,0,0,Soho,Financial District,9.066759707,32,4,UberX,Van,Clear,High,4.9,2,30.44
3849,09-03-2023 22:00,22,3,3,0,0,Tribeca,East Village,21.72006664,69,1,Lyft,Hatchback,Clear,High,4.2,1.5,45.73
3850,03-07-2023 13:00,13,0,7,0,0,Queens,Soho,3.832894765,13,1,Lyft,SUV,Clear,Very Heavy,3.8,1,12.64
3851,13-09-2023 19:00,19,2,9,0,1,Downtown,Midtown,6.182350132,27,1,Standard,Sedan,Clear,High,4,1,18.68
3852,07-03-2023 14:00,14,1,3,0,0,East Village,Downtown,19.64221049,65,1,Lyft,Sedan,Rainy,Low,4.8,1,36.18
3853,12-03-2023 15:00,15,6,3,1,0,Midtown,Queens,12.92567664,46,1,Lyft,Sedan,Rainy,High,4.1,2.5,45.15
3854,16-05-2023 18:00,18,1,5,0,1,Chinatown,Upper East,3.737941562,18,4,Lyft,Hatchback,Rainy,Medium,4.3,1.5,21.15
3855,16-05-2023 22:00,22,1,5,0,0,Downtown,Tribeca,21.63165406,61,1,LyftPlus,Sedan,Clear,Very Heavy,4.9,1,39.59
3856,02-03-2023 05:00,5,3,3,0,0,Financial District,Lower East Side,10.0642815,37,1,UberX,Van,Clear,Medium,4.5,1,17.77
3857,18-09-2023 23:00,23,0,9,0,0,Lower East Side,Downtown,17.23302103,59,1,UberX,Hatchback,Rainy,Medium,4.5,1.5,37.49
3858,17-12-2023 11:00,11,6,12,1,0,Tribeca,Upper East,14.18191339,48,1,Lyft,Van,Clear,Low,3.9,1.5,31.03
3859,03-01-2023 04:00,4,1,1,0,0,Soho,Upper West,11.26625281,45,1,UberX,SUV,Clear,High,4.5,2,34.2
3860,21-08-2023 02:00,2,0,8,0,0,Chinatown,Brooklyn,19.0276638,65,1,Standard,SUV,Rainy,Low,4.1,1,33.96
3861,12-11-2023 19:00,19,6,11,1,1,Lower East Side,Lower East Side,24.38585049,81,1,UberXL,Sedan,Clear,Very Heavy,4.9,1,46.68
3862,11-03-2023 10:00,10,5,3,1,1,Lower East Side,Financial District,3.475253944,10,2,UberX,SUV,Rainy,Medium,3.7,1,17.37
3863,15-10-2023 13:00,13,6,10,1,0,Soho,Upper West,22.82152647,77,1,Lyft,Van,Clear,Medium,3.9,2,50.3
3864,27-04-2023 01:00,1,3,4,0,0,Brooklyn,Queens,17.60392415,59,1,UberX,Sedan,Clear,Low,3.6,1,29.75
3865,30-01-2023 23:00,23,0,1,0,0,Upper West,Brooklyn,19.23257303,58,2,Standard,Sedan,Cloudy,Low,4.1,1,33.29
3866,25-12-2023 05:00,5,0,12,0,0,Financial District,Upper East,12.00444397,41,2,Standard,Sedan,Clear,Medium,3.7,1,24.67
3867,13-10-2023 15:00,15,4,10,0,0,Tribeca,Brooklyn,12.26476509,36,1,Lyft,Van,Clear,Medium,4.8,2,33.89
3868,06-04-2023 14:00,14,3,4,0,0,Soho,Tribeca,23.22394408,76,1,UberX,Sedan,Clear,Medium,4.9,1,42.77
3869,11-12-2023 07:00,7,0,12,0,1,Midtown,Soho,11.69442248,40,2,UberX,Hatchback,Clear,Low,4.5,1,25.77
3870,06-07-2023 18:00,18,3,7,0,1,East Village,Soho,15.28874647,49,1,UberXL,Sedan,Clear,Medium,3.7,1.5,33.55
3871,30-01-2023 02:00,2,0,1,0,0,Financial District,Upper West,3.481481586,17,1,LyftPlus,Hatchback,Clear,High,4,1,10.75
3872,29-10-2023 19:00,19,6,10,1,1,Queens,Chinatown,5.102460354,18,1,UberX,SUV,Snowy,Medium,4.9,1,19.12
3873,04-09-2023 14:00,14,0,9,0,0,Midtown,Upper West,17.75742313,58,1,UberX,Sedan,Cloudy,Medium,3.7,1.5,36.12
3874,15-01-2023 12:00,12,6,1,1,0,East Village,Lower East Side,18.05262557,62,1,UberX,Hatchback,Rainy,Medium,4.3,1,34.18
3875,12-08-2023 22:00,22,5,8,1,0,Chinatown,Queens,16.61907109,53,1,UberXL,Hatchback,Cloudy,Medium,4,2,42.87
3876,24-11-2023 21:00,21,4,11,0,0,Upper East,Queens,5.15082098,17,2,LyftPlus,SUV,Clear,Medium,5,2.5,28.19
3877,13-01-2023 19:00,19,4,1,0,1,Upper West,Midtown,13.04098505,47,2,UberX,Hatchback,Clear,Medium,3.9,1,28.59
3878,23-05-2023 08:00,8,1,5,0,1,Chinatown,Tribeca,10.85114937,37,5,UberX,Sedan,Clear,Very Heavy,3.6,2.5,43.81
3879,20-07-2023 20:00,20,3,7,0,1,Financial District,Queens,13.30196576,50,1,Lyft,Van,Rainy,Low,4.6,1,27.05
3880,29-05-2023 06:00,6,0,5,0,0,Tribeca,East Village,23.52698882,77,1,LyftPlus,Sedan,Clear,Low,4,1,36.03
3881,06-07-2023 14:00,14,3,7,0,0,Downtown,Tribeca,20.10249374,67,2,LyftPlus,Sedan,Clear,Low,4.5,1,34.29
3882,30-09-2023 03:00,3,5,9,1,0,East Village,Midtown,4.426114263,19,1,Lyft,Sedan,Cloudy,Medium,3.7,1,11.49
3883,12-07-2023 12:00,12,2,7,0,0,Queens,Soho,22.88555763,75,1,UberX,Sedan,Clear,Low,4.3,2,49.69
3884,05-05-2023 09:00,9,4,5,0,1,Soho,Downtown,11.9231956,42,1,UberX,Sedan,Clear,Medium,4.1,2,31.05
3885,05-12-2023 00:00,0,1,12,0,0,Downtown,Midtown,7.451698676,29,1,Standard,SUV,Clear,Very Heavy,4.3,1,18.27
3886,19-12-2023 19:00,19,1,12,0,1,Chinatown,Midtown,18.27927146,56,1,Standard,SUV,Clear,Low,4.8,1,34.6
3887,17-04-2023 03:00,3,0,4,0,0,Midtown,Chinatown,6.632654207,22,1,Lyft,Sedan,Clear,Medium,5,1,17.38
3888,15-01-2023 00:00,0,6,1,1,0,Upper West,Upper West,17.81694687,60,4,Lyft,Sedan,Clear,High,4.6,2,46.15
3889,05-05-2023 03:00,3,4,5,0,0,Chinatown,Financial District,9.379600745,33,1,Standard,Hatchback,Clear,Low,4.7,1,18.22
3890,15-06-2023 08:00,8,3,6,0,1,Tribeca,Brooklyn,12.82230075,41,5,UberXL,Hatchback,Clear,Low,4.3,1,24
3891,07-02-2023 22:00,22,1,2,0,0,Chinatown,Chinatown,2.732690217,14,2,UberX,Sedan,Clear,Medium,3.6,1.5,13.21
3892,25-03-2023 04:00,4,5,3,1,0,Downtown,Soho,4.47745801,23,1,Lyft,SUV,Snowy,Low,4.5,2,24.36
3893,11-05-2023 09:00,9,3,5,0,1,Queens,Upper East,3.245667612,15,2,Standard,Sedan,Clear,High,3.7,1,12.08
3894,15-08-2023 23:00,23,1,8,0,0,East Village,Upper East,8.036352185,30,1,Lyft,Hatchback,Rainy,Low,3.9,1.5,22.25
3895,13-09-2023 09:00,9,2,9,0,1,Tribeca,Chinatown,6.57074079,26,1,LyftPlus,Van,Rainy,Medium,4.6,1,18.09
3896,01-09-2023 18:00,18,4,9,0,1,Upper East,Lower East Side,16.54987155,52,1,UberXL,Sedan,Clear,High,4.5,1,33.7
3897,25-06-2023 04:00,4,6,6,1,0,Soho,Queens,5.48824664,21,1,UberX,Hatchback,Clear,Low,4,1.5,17.74
3898,07-11-2023 06:00,6,1,11,0,0,Chinatown,Soho,17.67722891,51,1,UberX,Sedan,Clear,Low,4.7,1.5,30.86
3899,21-12-2023 23:00,23,3,12,0,0,Chinatown,East Village,4.746854556,16,1,Standard,Sedan,Rainy,Low,4.9,1,12.6
3900,14-01-2023 02:00,2,5,1,1,0,Upper West,Lower East Side,22.70837301,72,1,UberXL,SUV,Clear,High,4.3,1,39.39
3901,17-02-2023 06:00,6,4,2,0,0,Downtown,Queens,22.54364169,69,1,UberX,Sedan,Clear,High,4.5,1.5,45.9
3902,23-07-2023 04:00,4,6,7,1,0,Upper West,Queens,8.260355403,29,1,Standard,Hatchback,Clear,Low,3.9,1,13.27
3903,04-12-2023 14:00,14,0,12,0,0,Upper West,Midtown,16.46105175,53,1,UberXL,Hatchback,Clear,High,5,1,32.22
3904,14-12-2023 19:00,19,3,12,0,1,Upper West,Soho,3.522489242,19,1,LyftPlus,Van,Clear,High,3.9,1,12.76
3905,22-08-2023 00:00,0,1,8,0,0,East Village,Brooklyn,22.99471596,80,3,UberXL,Sedan,Cloudy,Very Heavy,4.8,1,43.01
3906,13-03-2023 20:00,20,0,3,0,1,Upper West,Queens,14.68391005,48,1,UberX,SUV,Clear,Medium,4.9,1,31.02
3907,20-05-2023 07:00,7,5,5,1,1,Upper East,Financial District,4.788042411,20,2,Lyft,Sedan,Clear,High,4.6,1,15.68
3908,06-02-2023 22:00,22,0,2,0,0,Chinatown,Tribeca,10.40680161,39,1,Standard,Sedan,Rainy,,4.7,1,23.74
3909,31-01-2023 01:00,1,1,1,0,0,Midtown,East Village,4.028014109,17,1,UberX,SUV,Cloudy,High,4.2,1,12.91
3910,16-11-2023 22:00,22,3,11,0,0,Queens,East Village,12.63688509,44,1,LyftPlus,Hatchback,Clear,Low,4.9,1,24.5
3911,20-05-2023 21:00,21,5,5,1,0,Tribeca,Queens,17.51703136,53,1,UberX,Sedan,Clear,Low,4.6,1.5,34.99
3912,06-02-2023 06:00,6,0,2,0,0,Upper East,Financial District,13.88954734,48,6,UberX,Van,Clear,High,4,1,30.61
3913,09-10-2023 07:00,7,0,10,0,1,Tribeca,Tribeca,11.34199026,42,1,UberX,SUV,Clear,High,3.6,1,25.98
3914,21-01-2023 17:00,17,5,1,1,1,Queens,Downtown,6.70649682,21,1,LyftPlus,Hatchback,Clear,Medium,4.3,2.5,31.47
3915,15-03-2023 04:00,4,2,3,0,0,Midtown,Upper West,9.621901988,28,1,UberXL,Van,Clear,Medium,4.8,1.5,25.35
3916,16-02-2023 13:00,13,3,2,0,0,Financial District,Upper West,6.40145277,28,1,UberXL,SUV,Clear,Medium,4.8,1,13.08
3917,28-04-2023 20:00,20,4,4,0,1,Tribeca,Upper West,20.21309605,64,2,LyftPlus,Sedan,Cloudy,Low,4.8,1,37.51
3918,10-03-2023 15:00,15,4,3,0,0,Tribeca,Lower East Side,5.413158624,18,1,UberX,Hatchback,Clear,Low,3.8,1,13.16
3919,19-10-2023 08:00,8,3,10,0,1,Midtown,Midtown,16.97195288,56,2,UberX,Hatchback,Clear,Low,4.1,2.5,47.21
3920,10-10-2023 03:00,3,1,10,0,0,Downtown,East Village,10.47571122,34,1,UberX,Sedan,Snowy,Medium,4.4,1,22.1
3921,06-01-2023 22:00,22,4,1,0,0,Upper East,Upper East,7.937321871,25,1,Lyft,Sedan,Rainy,Medium,4.5,1,19.33
3922,26-04-2023 01:00,1,2,4,0,0,Lower East Side,Upper East,16.37339289,49,1,UberXL,Sedan,Clear,Low,4,1,29.63
3923,24-05-2023 03:00,3,2,5,0,0,Downtown,Midtown,6.40942663,29,1,LyftPlus,Sedan,Clear,Very Heavy,4.5,2,25.46
3924,03-10-2023 22:00,22,1,10,0,0,Downtown,Queens,14.09454344,52,2,UberXL,Van,Snowy,Low,4.4,1,25.65
3925,22-10-2023 13:00,13,6,10,1,0,Downtown,Lower East Side,11.68421909,39,1,UberX,Sedan,Clear,High,4.4,1,25.09
3926,08-07-2023 00:00,0,5,7,1,0,Upper West,Soho,15.39735101,59,1,LyftPlus,Hatchback,Rainy,High,4.5,1.5,35.38
3927,19-03-2023 00:00,0,6,3,1,0,Soho,Soho,13.11822611,48,5,UberX,Hatchback,Cloudy,Low,4.4,1,26.6
3928,23-04-2023 08:00,8,6,4,1,1,Tribeca,Upper West,9.809890875,34,1,Standard,Hatchback,Clear,Low,3.8,1,22.88
3929,13-03-2023 13:00,13,0,3,0,0,Chinatown,Chinatown,15.68611823,58,1,UberX,Sedan,Rainy,Medium,4.8,1,27.92
3930,09-05-2023 00:00,0,1,5,0,0,Lower East Side,Soho,16.86654696,49,1,UberX,SUV,Snowy,Medium,3.9,1,31.01
3931,27-04-2023 02:00,2,3,4,0,0,Downtown,Queens,2.342377937,11,1,UberXL,Van,Rainy,Medium,4.6,1,11.42
3932,07-06-2023 23:00,23,2,6,0,0,Upper East,Chinatown,13.32883226,50,1,UberX,Sedan,Clear,Medium,3.8,1,27.06
3933,11-06-2023 07:00,7,6,6,1,1,Soho,Downtown,5.133695029,19,1,UberX,Sedan,Cloudy,Very Heavy,4.5,1.5,25.52
3934,17-03-2023 06:00,6,4,3,0,0,Soho,Midtown,7.174751689,30,3,UberXL,Hatchback,Clear,Low,4.8,2.5,31.07
3935,04-03-2023 16:00,16,5,3,1,0,Downtown,Downtown,15.08182431,47,1,UberX,SUV,Rainy,High,3.5,1,31.17
3936,18-05-2023 20:00,20,3,5,0,1,East Village,East Village,20.92615576,65,2,UberX,SUV,Clear,Low,5,1,37.03
3937,24-10-2023 13:00,13,1,10,0,0,Downtown,Soho,21.78773699,71,1,UberX,Van,Clear,Medium,3.5,2,48.44
3938,30-07-2023 08:00,8,6,7,1,1,East Village,Tribeca,5.417181203,23,1,UberXL,Hatchback,Clear,Low,3.5,1.5,21.4
3939,11-12-2023 07:00,7,0,12,0,1,Downtown,Lower East Side,10.96710386,38,2,UberX,Sedan,Clear,Medium,4.8,1,23.99
3940,12-03-2023 10:00,10,6,3,1,1,Lower East Side,Upper West,17.59886573,56,3,UberX,Sedan,Clear,High,4.6,1,34.56
3941,18-05-2023 15:00,15,3,5,0,0,Upper East,Midtown,6.320609039,21,1,Lyft,Sedan,Clear,Low,3.7,2,23.47
3942,10-05-2023 17:00,17,2,5,0,1,East Village,Upper West,18.25317369,66,1,Lyft,Sedan,Clear,Medium,4.9,1,31.59
3943,24-11-2023 02:00,2,4,11,0,0,Upper West,Soho,19.87641309,65,2,Lyft,Sedan,Clear,Medium,4.5,1,34.23
3944,25-09-2023 08:00,8,0,9,0,1,Soho,Lower East Side,23.32372393,78,4,UberX,Sedan,Cloudy,Low,3.7,1.5,47.17
3945,04-03-2023 16:00,16,5,3,1,0,Downtown,Brooklyn,7.562381976,30,5,UberX,Van,Rainy,High,4.8,1,20.86
3946,13-06-2023 12:00,12,1,6,0,0,Soho,Soho,4.125995649,15,1,UberXL,Sedan,Clear,High,4.2,1,10.21
3947,25-12-2023 23:00,23,0,12,0,0,Downtown,Midtown,4.380147372,18,1,LyftPlus,SUV,Clear,High,3.9,1,11.34
3948,06-07-2023 21:00,21,3,7,0,0,Tribeca,Chinatown,8.399040501,27,1,UberXL,Hatchback,Clear,Medium,4.7,1.5,22.22
3949,04-12-2023 12:00,12,0,12,0,0,Tribeca,Upper East,21.16332764,70,4,UberX,Hatchback,Clear,Medium,4.6,1.5,44.2
3950,28-12-2023 20:00,20,3,12,0,1,Brooklyn,Chinatown,17.46917396,56,1,UberX,SUV,Rainy,Medium,4.4,1,34.38
3951,08-01-2023 23:00,23,6,1,1,0,Downtown,Midtown,6.342995078,28,1,Standard,Sedan,Rainy,High,4.8,1,17.73
3952,29-12-2023 02:00,2,4,12,0,0,Brooklyn,Financial District,23.66012257,71,4,Lyft,Van,Clear,Medium,4.8,1,42.91
3953,24-07-2023 21:00,21,0,7,0,0,Lower East Side,Chinatown,3.150491619,15,1,UberX,Sedan,Rainy,Very Heavy,3.8,2,28.83
3954,31-08-2023 23:00,23,3,8,0,0,Chinatown,Tribeca,16.51350905,62,2,UberX,Hatchback,Rainy,Very Heavy,4.8,1,34.4
3955,30-06-2023 02:00,2,4,6,0,0,Midtown,Soho,17.41247697,55,1,LyftPlus,Van,Clear,Very Heavy,4.1,1,32.81
3956,19-10-2023 15:00,15,3,10,0,0,Midtown,Financial District,5.153721745,20,1,UberX,Sedan,Clear,Medium,4.1,1,13.87
3957,31-10-2023 10:00,10,1,10,0,1,Soho,Lower East Side,13.38811602,44,1,UberXL,Van,Clear,Medium,5,1,27.86
3958,20-03-2023 02:00,2,0,3,0,0,East Village,Upper East,18.00542658,61,1,Lyft,Hatchback,Clear,High,4.6,2,41.25
3959,18-07-2023 11:00,11,1,7,0,0,Downtown,Queens,8.13848703,23,1,UberX,SUV,Clear,High,4,1,17.03
3960,19-12-2023 16:00,16,1,12,0,0,Lower East Side,Lower East Side,7.96467836,25,1,UberX,Sedan,Clear,High,4.5,1.5,21.14
3961,13-02-2023 19:00,19,0,2,0,1,Queens,Queens,17.2953164,53,1,UberX,Van,Clear,Medium,4.3,1,31.72
3962,11-11-2023 02:00,2,5,11,1,0,Downtown,Tribeca,13.78028299,48,5,Standard,Sedan,Clear,High,3.7,1,30.62
3963,05-11-2023 19:00,19,6,11,1,1,Downtown,East Village,20.79936872,66,1,UberXL,Sedan,Clear,Medium,4.8,2,48.33
3964,21-09-2023 08:00,8,3,9,0,1,Lower East Side,Tribeca,11.23849299,36,1,LyftPlus,Hatchback,Clear,Medium,4.7,1,23.76
3965,29-03-2023 17:00,17,2,3,0,1,Lower East Side,Tribeca,11.29626851,40,1,Lyft,Hatchback,Clear,High,4.7,1,23.62
3966,13-01-2023 19:00,19,4,1,0,1,Queens,Tribeca,26.03227676,83,1,Standard,Sedan,Clear,Medium,4.3,1.5,49.31
3967,19-11-2023 09:00,9,6,11,1,1,Midtown,Tribeca,23.20697529,74,6,Standard,Sedan,Clear,High,3.8,1,46.02
3968,20-05-2023 23:00,23,5,5,1,0,Brooklyn,Tribeca,3.356469854,13,1,UberXL,Hatchback,Rainy,Medium,4.8,1,11.56
3969,13-05-2023 08:00,8,5,5,1,1,Chinatown,Downtown,20.28441808,63,1,UberX,Sedan,Cloudy,Medium,4,1,38.66
3970,22-02-2023 03:00,3,2,2,0,0,Soho,Upper East,4.452147231,22,3,Lyft,Sedan,Clear,Low,3.5,1.5,18.51
3971,12-08-2023 14:00,14,5,8,1,0,Midtown,Midtown,3.127129494,18,1,Lyft,Sedan,Clear,Medium,5,1,7.48
3972,05-03-2023 05:00,5,6,3,1,0,Queens,Chinatown,7.059530536,22,1,UberXL,SUV,Cloudy,Medium,4.8,1,15.47
3973,17-09-2023 10:00,10,6,9,1,1,Downtown,Soho,9.360168886,31,3,LyftPlus,SUV,Rainy,Medium,4.4,2,34.01
3974,10-08-2023 01:00,1,3,8,0,0,Midtown,Financial District,20.68751189,68,2,UberX,Hatchback,Clear,High,3.5,1,38.57
3975,02-09-2023 13:00,13,5,9,1,0,Upper East,Tribeca,19.25273087,60,1,UberX,Sedan,Rainy,Medium,3.8,1,36.09
3976,01-12-2023 23:00,23,4,12,0,0,Tribeca,East Village,24.71517738,81,1,Lyft,Hatchback,Clear,High,4.2,1,43.42
3977,23-07-2023 19:00,19,6,7,1,1,Downtown,Upper West,17.64247824,58,3,UberX,Hatchback,Clear,Medium,4.4,2,44.55
3978,28-07-2023 00:00,0,4,7,0,0,Chinatown,Soho,12.40211118,44,1,UberXL,Sedan,Snowy,High,4.6,2.5,43.58
3979,23-03-2023 17:00,17,3,3,0,1,Financial District,Upper West,17.66293849,64,2,Standard,Sedan,Clear,Low,4.7,1,31.09
3980,30-04-2023 07:00,7,6,4,1,1,Queens,Financial District,26.64353256,79,5,Lyft,Van,Cloudy,Low,4.3,1,48.52
3981,03-10-2023 03:00,3,1,10,0,0,Upper West,Financial District,17.77963592,62,1,Standard,Sedan,Clear,High,4.5,1,33.69
3982,10-07-2023 07:00,7,0,7,0,1,East Village,Soho,19.28691611,61,1,Lyft,SUV,Clear,Low,4.7,1,34.43
3983,29-09-2023 09:00,9,4,9,0,1,Upper West,Chinatown,22.63043278,75,1,Lyft,SUV,Clear,Very Heavy,4.6,1,46.01
3984,16-06-2023 21:00,21,4,6,0,0,Midtown,East Village,4.400103369,19,1,Lyft,Hatchback,Rainy,Low,4.9,1,11.97
3985,08-01-2023 15:00,15,6,1,1,0,Downtown,Downtown,18.53531742,64,1,UberX,SUV,Clear,Very Heavy,4.8,2,45.95
3986,20-11-2023 03:00,3,0,11,0,0,East Village,Queens,20.47224087,66,4,UberXL,SUV,Rainy,Medium,3.8,1,37.84
3987,20-05-2023 22:00,22,5,5,1,0,East Village,Financial District,23.80843498,74,1,UberX,Hatchback,Rainy,Medium,4.9,1.5,48.82
3988,03-10-2023 15:00,15,1,10,0,0,Soho,Chinatown,8.071346448,30,1,Standard,Van,Clear,Low,3.8,1,18.58
3989,11-10-2023 05:00,5,2,10,0,0,Upper West,East Village,13.66279416,51,2,UberX,SUV,Clear,Medium,5,1,25.73
3990,30-12-2023 16:00,16,5,12,1,0,Lower East Side,Financial District,15.76927574,53,1,UberX,SUV,Clear,Low,4.6,1,23.76
3991,16-11-2023 22:00,22,3,11,0,0,Downtown,Lower East Side,9.778251441,32,1,Lyft,Hatchback,Rainy,Medium,4.4,1.5,28.08
3992,26-08-2023 10:00,10,5,8,1,1,Soho,Brooklyn,16.47698633,54,1,UberXL,Hatchback,Cloudy,Medium,4,1.5,39.27
3993,23-02-2023 01:00,1,3,2,0,0,Lower East Side,Queens,8.945307241,32,1,UberX,Sedan,Clear,High,3.7,1,20.39
3994,05-10-2023 05:00,5,3,10,0,0,Brooklyn,Lower East Side,10.10399176,35,3,UberX,SUV,Clear,High,3.7,1,22.03
3995,15-02-2023 16:00,16,2,2,0,0,Chinatown,Financial District,13.52430435,45,1,LyftPlus,Sedan,Clear,Medium,4.8,2,36.8
3996,30-11-2023 10:00,10,3,11,0,1,Upper West,East Village,15.58017752,54,1,UberXL,SUV,Clear,Low,4.1,1.5,35.62
3997,26-06-2023 23:00,23,0,6,0,0,Tribeca,Financial District,13.92402007,52,1,UberX,Hatchback,Clear,Medium,4.3,1.5,31.11
3998,10-08-2023 10:00,10,3,8,0,1,Tribeca,Upper West,14.11902443,50,2,UberXL,Sedan,Rainy,High,4.9,1,33.44
3999,20-05-2023 18:00,18,5,5,1,1,Chinatown,Soho,8.192977453,31,4,UberX,Sedan,Snowy,Low,3.9,1.5,26.25
4000,12-01-2023 06:00,6,3,1,0,0,Lower East Side,Soho,6.902404613,28,1,UberX,Sedan,Cloudy,Medium,4.6,1,17.49
4001,19-02-2023 10:00,10,6,2,1,1,Soho,Chinatown,4.309132536,20,2,Standard,Hatchback,Clear,Low,4.2,1,12.77
4002,20-09-2023 17:00,17,2,9,0,1,Chinatown,Financial District,6.762882333,25,1,UberX,Hatchback,Clear,Low,3.8,1,15.29
4003,10-04-2023 22:00,22,0,4,0,0,Brooklyn,East Village,15.00090402,48,1,UberX,Sedan,Clear,Medium,4.8,1,27.27
4004,19-10-2023 11:00,11,3,10,0,0,Upper East,Upper West,20.83757821,65,2,Standard,Sedan,Clear,Medium,4.5,1,37.72
4005,01-11-2023 03:00,3,2,11,0,0,Upper East,Downtown,9.92416328,34,1,Lyft,SUV,Clear,Medium,3.6,1,20.55
4006,24-06-2023 06:00,6,5,6,1,0,Tribeca,Downtown,6.333326454,25,1,UberX,SUV,Clear,High,4.3,1,18.6
4007,03-04-2023 22:00,22,0,4,0,0,Financial District,Upper West,7.060623903,29,1,UberXL,SUV,Rainy,Low,4.8,1.5,22.51
4008,29-09-2023 07:00,7,4,9,0,1,Queens,Midtown,12.67154193,42,1,LyftPlus,SUV,Clear,Medium,3.6,2.5,39.45
4009,06-01-2023 08:00,8,4,1,0,1,Chinatown,East Village,19.91892427,63,1,UberX,SUV,Cloudy,High,4.1,1,40.21
4010,03-06-2023 00:00,0,5,6,1,0,Queens,Downtown,10.93191555,38,1,Lyft,SUV,Clear,Medium,4.7,1,22.56
4011,18-07-2023 13:00,13,1,7,0,0,Financial District,Midtown,24.26336648,79,1,UberXL,Hatchback,Clear,Low,4.8,1,40.42
4012,15-06-2023 10:00,10,3,6,0,1,Soho,East Village,18.01088961,57,1,UberXL,Hatchback,Clear,High,4.7,1,33.74
4013,11-11-2023 09:00,9,5,11,1,1,Chinatown,Lower East Side,9.799038669,32,1,Lyft,Sedan,Clear,Medium,4,1,23.38
4014,20-08-2023 08:00,8,6,8,1,1,Queens,Upper West,10.10188316,37,1,UberXL,SUV,Snowy,Low,4.3,1,23.89
4015,27-01-2023 03:00,3,4,1,0,0,Queens,Lower East Side,15.1462033,50,2,UberX,Sedan,Clear,High,4.6,1,27.9
4016,02-10-2023 13:00,13,0,10,0,0,Upper West,Tribeca,5.187496134,24,1,LyftPlus,Sedan,Cloudy,Medium,3.7,1.5,18.97
4017,27-03-2023 04:00,4,0,3,0,0,Upper West,Midtown,4.451181276,19,5,UberX,SUV,Clear,Low,4.4,2.5,28.67
4018,08-04-2023 13:00,13,5,4,1,0,Financial District,Midtown,7.682229341,27,3,UberXL,SUV,Clear,Medium,4.6,1.5,20.96
4019,03-09-2023 04:00,4,6,9,1,0,Downtown,Chinatown,19.97890523,61,1,Lyft,Hatchback,Clear,Medium,4.8,1,33.31
4020,08-12-2023 01:00,1,4,12,0,0,Chinatown,Financial District,14.90480351,49,1,Lyft,Sedan,Cloudy,Very Heavy,3.7,1.5,37.1
4021,11-01-2023 09:00,9,2,1,0,1,Brooklyn,Upper East,2.402312579,9,1,UberXL,Sedan,Clear,High,4,1,12.65
4022,02-05-2023 21:00,21,1,5,0,0,Soho,Upper East,19.78339789,60,1,Lyft,Sedan,Snowy,Medium,4.3,1,38.76
4023,30-07-2023 03:00,3,6,7,1,0,Upper West,East Village,12.56867983,47,1,UberX,Hatchback,Clear,Low,4.6,2,32.16
4024,10-02-2023 14:00,14,4,2,0,0,Upper West,Lower East Side,13.82120472,45,1,Lyft,Van,Clear,High,4.6,1.5,35.7
4025,27-10-2023 16:00,16,4,10,0,0,Upper East,Lower East Side,8.356743367,32,1,LyftPlus,SUV,Rainy,High,3.9,1,20.56
4026,22-04-2023 08:00,8,5,4,1,1,Chinatown,Financial District,15.99726725,49,3,LyftPlus,SUV,Clear,Low,3.5,1,31.75
4027,31-10-2023 07:00,7,1,10,0,1,Brooklyn,Lower East Side,25.17544794,78,3,Lyft,Sedan,Clear,Low,4.5,2,53.33
4028,10-11-2023 19:00,19,4,11,0,1,Chinatown,Soho,3.620978961,13,1,UberX,SUV,Cloudy,High,4.9,1.5,16.88
4029,27-12-2023 22:00,22,2,12,0,0,Upper East,Queens,10.38885029,38,1,UberX,SUV,Clear,High,4.7,1,21.55
4030,24-03-2023 19:00,19,4,3,0,1,Downtown,Tribeca,8.00108679,30,1,UberX,Sedan,Clear,Low,4.4,1,16.89
4031,04-01-2023 18:00,18,2,1,0,1,Brooklyn,Queens,8.451990399,26,1,UberXL,Hatchback,Clear,High,5,1,23.36
4032,30-12-2023 09:00,9,5,12,1,1,Queens,Midtown,9.79124661,30,2,UberX,Sedan,Clear,Medium,4.1,1,22.8
4033,19-06-2023 03:00,3,0,6,0,0,Upper East,Brooklyn,10.86748924,39,2,Standard,Hatchback,Clear,Medium,4.3,1,20.5
4034,26-04-2023 13:00,13,2,4,0,0,Tribeca,Downtown,20.52806756,70,1,LyftPlus,Sedan,Clear,Medium,3.5,1,36.14
4035,16-12-2023 07:00,7,5,12,1,1,Soho,Downtown,23.53349901,79,1,UberX,Van,Rainy,Medium,4.9,2,52.51
4036,05-11-2023 17:00,17,6,11,1,1,Queens,Financial District,6.923735597,23,1,Lyft,Sedan,Clear,High,4.4,1.5,23.32
4037,05-07-2023 00:00,0,2,7,0,0,Brooklyn,Upper East,13.32329721,43,4,Lyft,Sedan,Rainy,Medium,4.1,1,30
4038,03-11-2023 03:00,3,4,11,0,0,Tribeca,Brooklyn,17.25562106,58,1,UberX,Van,Clear,Medium,3.6,1,31.8
4039,12-02-2023 00:00,0,6,2,1,0,Downtown,Financial District,14.2297751,49,1,UberXL,Sedan,Clear,High,4,1,25.38
4040,07-06-2023 15:00,15,2,6,0,0,Tribeca,Midtown,11.82113049,41,2,UberXL,SUV,Clear,Low,3.5,1,20.8
4041,04-10-2023 22:00,22,2,10,0,0,Upper West,Brooklyn,7.310987479,25,2,UberX,Sedan,Rainy,High,4,1,18.73
4042,29-06-2023 02:00,2,3,6,0,0,Financial District,Downtown,11.96108539,42,3,Lyft,SUV,Rainy,High,4.9,1,25.96
4043,14-07-2023 12:00,12,4,7,0,0,Tribeca,East Village,12.44718601,42,1,Standard,SUV,Clear,Medium,3.7,2,34.27
4044,28-06-2023 15:00,15,2,6,0,0,East Village,Midtown,20.31959142,66,1,UberX,Hatchback,Clear,Low,4.3,2,45.4
4045,27-03-2023 12:00,12,0,3,0,0,Lower East Side,Financial District,19.53199483,66,1,Lyft,Sedan,Rainy,High,3.8,1.5,42.39
4046,08-09-2023 09:00,9,4,9,0,1,Downtown,Chinatown,6.900771094,29,3,UberX,Hatchback,Cloudy,Medium,4.7,1,17.56
4047,13-03-2023 12:00,12,0,3,0,0,Lower East Side,Soho,4.411598501,19,2,LyftPlus,SUV,Rainy,Low,4.3,2,23.72
4048,13-01-2023 22:00,22,4,1,0,0,Queens,Upper West,23.23804278,75,2,LyftPlus,SUV,Clear,High,3.8,1,42.43
4049,09-07-2023 02:00,2,6,7,1,0,Chinatown,Midtown,14.65166763,48,1,UberX,Sedan,Clear,Medium,4.8,1,25.8
4050,22-02-2023 12:00,12,2,2,0,0,Upper East,Midtown,25.08756786,80,2,LyftPlus,Van,Rainy,Medium,4.7,1,44.2
4051,13-06-2023 20:00,20,1,6,0,1,Midtown,Soho,4.767724215,21,1,UberX,Hatchback,Clear,Medium,4.9,2,23.27
4052,25-01-2023 08:00,8,2,1,0,1,Downtown,Tribeca,13.44188676,46,1,UberX,Sedan,Clear,High,3.5,1,30.58
4053,14-11-2023 08:00,8,1,11,0,1,East Village,East Village,16.61959448,53,1,Lyft,Hatchback,Clear,Medium,4.2,1,32.49
4054,23-12-2023 07:00,7,5,12,1,1,Upper West,Soho,22.97843834,72,1,UberX,Sedan,Clear,Low,5,1,42.22
4055,30-04-2023 10:00,10,6,4,1,1,Upper East,Queens,5.192381723,18,1,UberXL,Hatchback,Snowy,Medium,4.7,1,18.26
4056,03-09-2023 18:00,18,6,9,1,1,Soho,Queens,7.852474716,32,3,Lyft,Sedan,Cloudy,Medium,4.7,1,18.6
4057,25-03-2023 19:00,19,5,3,1,1,Chinatown,Midtown,10.61746626,31,2,UberX,Sedan,Clear,High,4.4,1,22.23
4058,18-09-2023 11:00,11,0,9,0,0,Chinatown,Tribeca,22.47905035,68,1,UberX,Sedan,Clear,Medium,4.6,2,47.49
4059,25-07-2023 19:00,19,1,7,0,1,Midtown,Downtown,4.324843625,16,1,UberXL,Hatchback,Rainy,Medium,4.7,2,22.69
4060,16-06-2023 22:00,22,4,6,0,0,Tribeca,Tribeca,22.77546457,75,1,UberX,Sedan,Clear,Low,3.6,2,46.7
4061,09-03-2023 17:00,17,3,3,0,1,Lower East Side,Queens,25.61535117,81,1,UberX,Sedan,Clear,High,4.5,1,46.7
4062,07-02-2023 02:00,2,1,2,0,0,East Village,Tribeca,25.6471614,79,1,UberX,Hatchback,Clear,Medium,4.7,1,41.17
4063,11-09-2023 06:00,6,0,9,0,0,Chinatown,Tribeca,2.654445606,14,3,LyftPlus,Sedan,Clear,Medium,3.6,1,11.36
4064,21-10-2023 04:00,4,5,10,1,0,Tribeca,Chinatown,4.855476972,20,1,Standard,Sedan,Clear,Very Heavy,3.9,2,24.57
4065,15-06-2023 01:00,1,3,6,0,0,Soho,East Village,6.45956915,26,2,UberX,Hatchback,Clear,High,4,1,17.89
4066,15-04-2023 08:00,8,5,4,1,1,Downtown,Midtown,5.358828533,25,2,UberX,Hatchback,Clear,Medium,4.8,1,13.72
4067,08-06-2023 14:00,14,3,6,0,0,Financial District,Lower East Side,9.856345042,38,1,Lyft,Hatchback,Cloudy,High,4.7,1,22.52
4068,12-09-2023 04:00,4,1,9,0,0,East Village,Chinatown,21.04584777,69,1,Standard,SUV,Cloudy,Very Heavy,4.5,1,39.06
4069,13-03-2023 15:00,15,0,3,0,0,Brooklyn,East Village,21.54179879,69,2,UberX,Sedan,Rainy,High,4.7,1,40.61
4070,06-10-2023 14:00,14,4,10,0,0,Queens,Downtown,5.88775959,23,1,LyftPlus,Hatchback,Clear,Medium,4.2,1.5,17.78
4071,08-03-2023 03:00,3,2,3,0,0,Brooklyn,Downtown,8.518275228,29,3,UberXL,Sedan,Clear,High,4.8,1,19.65
4072,19-10-2023 16:00,16,3,10,0,0,Financial District,Queens,16.10832242,55,2,Standard,Sedan,Rainy,Low,3.9,1,31.08
4073,07-02-2023 08:00,8,1,2,0,1,Soho,Financial District,22.26688068,70,1,UberX,Sedan,Cloudy,Medium,4.6,1,38.53
4074,20-08-2023 14:00,14,6,8,1,0,Brooklyn,Soho,11.99258935,38,5,Standard,Hatchback,Clear,Medium,3.9,1,28.37
4075,19-12-2023 21:00,21,1,12,0,0,Upper West,Upper East,3.764221001,19,1,UberXL,SUV,Clear,Medium,3.6,1,14.2
4076,13-07-2023 15:00,15,3,7,0,0,East Village,Midtown,11.11549285,34,3,Standard,Van,Clear,High,3.9,2,33.47
4077,12-04-2023 08:00,8,2,4,0,1,Upper West,Lower East Side,11.37843265,37,1,UberXL,Sedan,Clear,Low,4.2,1,23.96
4078,12-06-2023 16:00,16,0,6,0,0,Midtown,Financial District,13.0810511,46,2,UberXL,Hatchback,Clear,Low,4.8,1,21.43
4079,12-10-2023 21:00,21,3,10,0,0,Financial District,Chinatown,13.12181023,44,1,LyftPlus,SUV,Snowy,Medium,4.3,1,25.07
4080,02-03-2023 09:00,9,3,3,0,1,Midtown,Midtown,3.845885038,16,2,Lyft,Sedan,Clear,Medium,3.8,1,16.27
4081,07-07-2023 12:00,12,4,7,0,0,Midtown,Soho,24.76882534,76,1,Lyft,SUV,Clear,Medium,5,1.5,47.84
4082,16-08-2023 06:00,6,2,8,0,0,Midtown,Soho,15.03201927,47,1,UberXL,Hatchback,Snowy,Very Heavy,3.9,2,43.83
4083,21-06-2023 13:00,13,2,6,0,0,Chinatown,Brooklyn,13.13451647,43,1,Lyft,Sedan,Clear,High,5,1.5,31.83
4084,26-03-2023 12:00,12,6,3,1,0,Downtown,East Village,24.2267745,73,3,Standard,Sedan,Cloudy,Medium,4.9,1,41.39
4085,13-10-2023 05:00,5,4,10,0,0,Chinatown,Chinatown,6.64249502,24,1,UberX,Van,Clear,Low,4.3,1,13.47
4086,06-06-2023 14:00,14,1,6,0,0,Downtown,Queens,8.464738619,33,1,Lyft,Sedan,Snowy,Medium,3.6,2,31.26
4087,04-09-2023 00:00,0,0,9,0,0,Financial District,Brooklyn,22.30915358,75,2,LyftPlus,Van,Clear,High,4.5,1,38.05
4088,12-07-2023 16:00,16,2,7,0,0,Lower East Side,Downtown,10.24047798,37,3,Lyft,Hatchback,Snowy,Medium,4.8,1.5,30.7
4089,07-01-2023 21:00,21,5,1,1,0,Upper East,Upper East,19.78526246,64,1,LyftPlus,SUV,Clear,Low,4.2,2.5,47.41
4090,11-07-2023 07:00,7,1,7,0,1,Chinatown,Chinatown,9.7314618,33,3,LyftPlus,Sedan,Clear,Low,3.9,1,19.39
4091,25-01-2023 13:00,13,2,1,0,0,Brooklyn,Queens,4.236192003,17,1,Lyft,Sedan,Clear,Medium,4.7,1,13.54
4092,08-07-2023 12:00,12,5,7,1,0,Downtown,Downtown,13.72536914,43,2,Lyft,SUV,Clear,Medium,4.3,1,27.8
4093,28-04-2023 13:00,13,4,4,0,0,Chinatown,Tribeca,6.440748073,22,2,Standard,Sedan,Clear,High,3.8,1,16.45
4094,29-09-2023 05:00,5,4,9,0,0,Tribeca,East Village,19.29591796,58,1,LyftPlus,Sedan,Snowy,High,4.9,1,36.12
4095,17-11-2023 13:00,13,4,11,0,0,Upper West,East Village,16.04550851,55,1,LyftPlus,Sedan,Clear,Medium,4.9,1,29.42
4096,03-01-2023 23:00,23,1,1,0,0,Chinatown,East Village,21.92997743,70,1,UberX,Sedan,Rainy,High,4.1,1,41.46
4097,30-05-2023 04:00,4,1,5,0,0,Downtown,Brooklyn,8.497382087,35,1,UberX,Sedan,Clear,Very Heavy,3.6,1,24.25
4098,28-11-2023 18:00,18,1,11,0,1,Soho,Upper West,20.25847634,64,3,Lyft,Sedan,Cloudy,High,4.4,1,42.21
4099,12-01-2023 04:00,4,3,1,0,0,Midtown,Lower East Side,7.004657358,25,1,Lyft,Hatchback,Clear,High,4,1.5,21.33
4100,13-04-2023 14:00,14,3,4,0,0,Downtown,Lower East Side,21.53017794,71,4,UberX,SUV,Snowy,Very Heavy,3.6,2,57.2
4101,12-02-2023 07:00,7,6,2,1,1,Lower East Side,Financial District,16.9223406,56,1,UberX,Van,Clear,Medium,4.8,1,34.03
4102,29-11-2023 16:00,16,2,11,0,0,Financial District,Soho,18.54730307,60,4,UberX,Sedan,Clear,Low,5,1.5,34.71
4103,17-01-2023 22:00,22,1,1,0,0,Upper West,Upper East,20.57080681,71,2,Lyft,Hatchback,Clear,Very Heavy,4,1,40.25
4104,04-11-2023 16:00,16,5,11,1,0,Upper West,Soho,14.87891224,47,2,LyftPlus,SUV,Rainy,Medium,4.6,1,31.35
4105,10-09-2023 01:00,1,6,9,1,0,Upper East,Upper West,13.26606543,46,1,Standard,SUV,Rainy,High,3.6,2,38
4106,15-09-2023 01:00,1,4,9,0,0,Chinatown,Tribeca,19.12741871,61,1,UberX,SUV,Rainy,High,4.1,1,35.3
4107,29-11-2023 14:00,14,2,11,0,0,Queens,Tribeca,10.84046578,37,1,UberX,Hatchback,Clear,Medium,3.7,1,25.94
4108,11-02-2023 01:00,1,5,2,1,0,Chinatown,Tribeca,8.115160433,30,1,UberXL,Sedan,Clear,Medium,3.6,1,19.78
4109,06-07-2023 21:00,21,3,7,0,0,Queens,Queens,15.19299109,50,1,UberX,Sedan,Cloudy,Medium,4.4,1.5,33.53
4110,20-04-2023 02:00,2,3,4,0,0,Brooklyn,Downtown,8.145103794,28,2,Lyft,Sedan,Clear,Low,4.7,1,12.71
4111,20-09-2023 01:00,1,2,9,0,0,Tribeca,Downtown,8.965770874,27,1,UberX,Sedan,Clear,Low,4.2,1.5,21.29
4112,16-10-2023 16:00,16,0,10,0,0,East Village,Tribeca,6.843460206,27,1,UberX,SUV,Rainy,Medium,4.3,1,20.13
4113,12-08-2023 16:00,16,5,8,1,0,Financial District,Upper East,1.328464368,5,1,UberXL,SUV,Clear,Low,3.9,1.5,12.62
4114,12-07-2023 13:00,13,2,7,0,0,Soho,Brooklyn,17.1139862,60,1,UberX,Hatchback,Rainy,Medium,4.6,1,32.04
4115,12-11-2023 06:00,6,6,11,1,0,Downtown,Upper East,11.06437358,37,1,UberX,Sedan,Clear,Low,4,1,19.41
4116,14-07-2023 14:00,14,4,7,0,0,Financial District,Upper East,11.41901545,41,2,UberXL,SUV,Snowy,High,3.6,1,29.59
4117,16-11-2023 02:00,2,3,11,0,0,Tribeca,Downtown,18.20052354,53,1,UberX,Sedan,Cloudy,High,3.7,1,34.16
4118,11-02-2023 19:00,19,5,2,1,1,Queens,East Village,11.50713939,39,2,UberXL,Sedan,Rainy,Medium,3.7,1,26.8
4119,09-11-2023 16:00,16,3,11,0,0,Financial District,Upper East,14.12089842,47,1,UberX,SUV,Clear,Medium,4.2,1,26.81
4120,13-04-2023 18:00,18,3,4,0,1,Lower East Side,Upper East,12.13365396,39,2,Lyft,Hatchback,Clear,Very Heavy,3.6,1,29.87
4121,22-03-2023 19:00,19,2,3,0,1,Downtown,Soho,16.62767893,57,1,Standard,SUV,Cloudy,Low,4.7,1.5,34.02
4122,10-03-2023 03:00,3,4,3,0,0,Upper East,East Village,10.02621641,33,2,UberXL,Sedan,Clear,Medium,4.9,2,31.1
4123,04-12-2023 07:00,7,0,12,0,1,Brooklyn,Downtown,8.456166127,27,1,Lyft,Van,Rainy,Medium,3.9,1.5,25.32
4124,19-09-2023 01:00,1,1,9,0,0,Upper East,Brooklyn,23.52652254,74,1,Standard,Hatchback,Clear,Medium,4.2,1.5,47.22
4125,20-03-2023 23:00,23,0,3,0,0,Queens,Lower East Side,22.94168324,76,1,UberX,SUV,Clear,Low,4.3,1,37.34
4126,29-09-2023 20:00,20,4,9,0,1,Midtown,Financial District,21.51697022,70,3,UberX,Van,Clear,Medium,5,1,40.3
4127,14-02-2023 17:00,17,1,2,0,1,Chinatown,Downtown,23.40637609,76,2,UberX,Sedan,Clear,Medium,3.6,2,48.58
4128,05-08-2023 00:00,0,5,8,1,0,Queens,Downtown,13.91980789,48,1,UberXL,SUV,Rainy,Medium,4.5,1.5,33.97
4129,11-04-2023 02:00,2,1,4,0,0,Brooklyn,Upper East,13.60541036,45,1,Lyft,Van,Rainy,Medium,4,1,28.96
4130,23-07-2023 23:00,23,6,7,1,0,Downtown,Soho,18.03117138,61,1,UberX,SUV,Clear,Medium,4.3,1,31.2
4131,02-11-2023 11:00,11,3,11,0,0,Lower East Side,Upper West,17.93311575,59,1,LyftPlus,SUV,Rainy,Medium,3.8,1,32.03
4132,23-03-2023 12:00,12,3,3,0,0,Tribeca,Tribeca,20.79474525,69,1,UberX,Sedan,Cloudy,Low,3.7,1,33.32
4133,20-10-2023 15:00,15,4,10,0,0,East Village,Midtown,19.34584191,60,1,Standard,Sedan,Rainy,High,3.9,1,37.66
4134,12-06-2023 19:00,19,0,6,0,1,Upper East,Chinatown,22.9598852,74,4,Standard,Sedan,Clear,Medium,3.6,2,51.55
4135,03-02-2023 15:00,15,4,2,0,0,Queens,Soho,11.37450111,41,4,Standard,SUV,Clear,Low,3.9,1,22.1
4136,16-12-2023 02:00,2,5,12,1,0,Tribeca,Upper West,22.43495777,77,1,LyftPlus,Sedan,Cloudy,Low,4.5,1,37.66
4137,21-07-2023 03:00,3,4,7,0,0,Lower East Side,Upper East,18.60767428,63,1,UberX,Sedan,Clear,High,4.5,1,34.59
4138,08-07-2023 12:00,12,5,7,1,0,Upper East,Upper East,16.35318284,57,1,Lyft,SUV,Cloudy,High,4.3,1.5,38.62
4139,06-04-2023 04:00,4,3,4,0,0,Queens,Lower East Side,10.27450749,31,1,UberX,SUV,Rainy,Medium,3.5,1,24.71
4140,10-08-2023 09:00,9,3,8,0,1,Brooklyn,Brooklyn,19.48649921,62,1,LyftPlus,Hatchback,Cloudy,Medium,3.7,1,37.2
4141,01-02-2023 13:00,13,2,2,0,0,Upper East,Upper West,21.60626915,71,1,UberX,Hatchback,Snowy,Medium,4.8,1,41.1
4142,23-07-2023 15:00,15,6,7,1,0,Queens,Queens,8.387499246,26,4,UberX,SUV,Rainy,Medium,3.9,1,21.82
4143,10-06-2023 14:00,14,5,6,1,0,Downtown,Lower East Side,17.52779128,58,3,Standard,Sedan,Clear,High,4.9,1,35.63
4144,29-05-2023 06:00,6,0,5,0,0,Lower East Side,Tribeca,12.91265869,42,1,UberX,SUV,Clear,Medium,4.8,2,34.28
4145,10-02-2023 01:00,1,4,2,0,0,Brooklyn,Midtown,24.48526817,77,1,UberX,Sedan,Clear,Medium,3.7,1,43.36
4146,10-06-2023 07:00,7,5,6,1,1,Tribeca,Brooklyn,13.70626335,46,2,UberXL,SUV,Clear,Low,4.8,1,29.57
4147,08-10-2023 06:00,6,6,10,1,0,Tribeca,Soho,9.688402636,35,2,Lyft,Sedan,Clear,Low,4.4,1,19.07
4148,29-05-2023 23:00,23,0,5,0,0,East Village,Chinatown,13.49615627,47,1,Lyft,SUV,Clear,High,4.4,1,25.93
4149,11-04-2023 18:00,18,1,4,0,1,Financial District,Chinatown,18.46481526,57,2,Lyft,Sedan,Clear,Low,4.8,1.5,37.75
4150,24-06-2023 22:00,22,5,6,1,0,Midtown,Soho,4.324007891,20,1,LyftPlus,Sedan,Clear,Medium,4.1,1,10.44
4151,11-02-2023 17:00,17,5,2,1,1,Downtown,Upper West,16.28649742,55,1,UberX,Sedan,Cloudy,High,4.6,1,34.38
4152,07-08-2023 12:00,12,0,8,0,0,Brooklyn,Tribeca,23.30874928,74,1,UberXL,Sedan,Rainy,Medium,4.5,1.5,47.37
4153,24-10-2023 15:00,15,1,10,0,0,Upper East,Tribeca,22.41361256,75,3,Lyft,Van,Cloudy,High,4.7,1.5,45.84
4154,19-06-2023 10:00,10,0,6,0,1,Tribeca,Soho,3.669161045,11,1,Lyft,Van,Clear,Medium,4.5,1.5,19.68
4155,29-04-2023 13:00,13,5,4,1,0,Chinatown,Queens,25.17591051,81,1,UberXL,SUV,Clear,Medium,3.6,1,42.48
4156,10-08-2023 12:00,12,3,8,0,0,Lower East Side,Chinatown,18.69837064,59,2,UberX,Van,Clear,High,3.9,1.5,40.35
4157,18-01-2023 14:00,14,2,1,0,0,Downtown,Upper East,10.38375053,33,2,UberX,Hatchback,Clear,High,4.9,1,21.06
4158,07-10-2023 19:00,19,5,10,1,1,Brooklyn,Tribeca,5.547782844,17,3,UberX,Sedan,Clear,Medium,3.8,1,16.37
4159,27-06-2023 18:00,18,1,6,0,1,Brooklyn,Upper West,3.520357361,17,1,UberX,SUV,Clear,High,4.2,1.5,17.59
4160,11-11-2023 13:00,13,5,11,1,0,Upper East,Soho,8.537515745,32,5,UberX,Sedan,Clear,High,4,1,21.26
4161,21-09-2023 04:00,4,3,9,0,0,Brooklyn,Upper East,20.9829177,71,1,UberXL,SUV,Rainy,High,3.6,1,38.71
4162,23-04-2023 22:00,22,6,4,1,0,Soho,East Village,3.735802895,18,1,UberX,Sedan,Rainy,Medium,3.8,1.5,17.05
4163,27-12-2023 04:00,4,2,12,0,0,Downtown,Chinatown,6.287206934,22,1,Lyft,Hatchback,Clear,Medium,3.9,1,13.52
4164,03-12-2023 05:00,5,6,12,1,0,Queens,Downtown,19.91361751,72,1,LyftPlus,SUV,Clear,Medium,4.2,1,33.89
4165,11-03-2023 01:00,1,5,3,1,0,Tribeca,Upper East,16.1110011,56,1,UberX,Sedan,Clear,High,4.8,1,29.02
4166,16-04-2023 21:00,21,6,4,1,0,Tribeca,Tribeca,20.33665971,62,3,UberXL,Hatchback,Clear,Low,4.3,1,34.45
4167,09-10-2023 19:00,19,0,10,0,1,Queens,Downtown,20.14567561,65,1,Standard,Hatchback,Snowy,High,4.5,1,37.79
4168,09-05-2023 03:00,3,1,5,0,0,Downtown,Tribeca,3.834193783,17,1,UberXL,Hatchback,Cloudy,Medium,4.1,2,22.3
4169,12-05-2023 20:00,20,4,5,0,1,Midtown,Upper West,23.81165276,75,1,Standard,Hatchback,Clear,Medium,4.8,2,52.83
4170,27-03-2023 13:00,13,0,3,0,0,Chinatown,Financial District,7.111569301,32,1,UberX,SUV,Clear,Medium,4.5,1,15.95
4171,20-12-2023 07:00,7,2,12,0,1,Downtown,Lower East Side,16.61791722,53,1,LyftPlus,Sedan,Clear,Medium,3.6,1,31.94
4172,28-08-2023 01:00,1,0,8,0,0,Upper West,Upper East,17.38699453,56,4,UberXL,Sedan,Clear,High,4.2,1,35.94
4173,15-05-2023 01:00,1,0,5,0,0,Brooklyn,Downtown,7.928359587,31,2,UberX,Sedan,Cloudy,Medium,4.7,1,16.54
4174,02-03-2023 07:00,7,3,3,0,1,Financial District,Upper West,5.278020033,21,4,Standard,Sedan,Rainy,Medium,4.6,1,15.64
4175,08-09-2023 09:00,9,4,9,0,1,Upper East,Tribeca,23.36738868,74,1,Standard,Sedan,Clear,Low,4.9,1,40.56
4176,26-01-2023 07:00,7,3,1,0,1,Soho,Upper East,14.09027051,53,1,UberX,SUV,Clear,High,3.8,1.5,37.65
4177,09-07-2023 16:00,16,6,7,1,0,Financial District,Upper West,3.551331205,20,1,Standard,Sedan,Rainy,High,5,1.5,20.55
4178,15-03-2023 12:00,12,2,3,0,0,Queens,Chinatown,24.61481773,74,2,UberX,Sedan,Clear,Low,3.9,1,42.4
4179,22-04-2023 07:00,7,5,4,1,1,Upper East,Tribeca,16.1853283,59,1,Lyft,Hatchback,Rainy,Medium,3.6,1,36.93
4180,29-09-2023 15:00,15,4,9,0,0,Upper East,Financial District,16.95723602,55,1,UberX,Sedan,Clear,Medium,4.2,1,29.77
4181,15-06-2023 02:00,2,3,6,0,0,Chinatown,Financial District,15.31495398,54,1,UberX,Sedan,Clear,Very Heavy,3.7,1,30.49
4182,13-05-2023 09:00,9,5,5,1,1,Upper East,Midtown,21.20182392,74,1,Lyft,Sedan,Rainy,Low,4.5,1.5,43.71
4183,05-06-2023 02:00,2,0,6,0,0,Tribeca,Lower East Side,3.683176199,18,1,UberX,Sedan,Clear,Low,4.9,1,4.88
4184,24-07-2023 10:00,10,0,7,0,1,Soho,Brooklyn,9.948909641,41,1,UberX,Van,Clear,Low,4.9,1,22.21
4185,30-10-2023 15:00,15,0,10,0,0,Tribeca,Lower East Side,11.93796407,43,2,UberXL,SUV,Clear,High,4.4,1,24.75
4186,30-07-2023 14:00,14,6,7,1,0,Brooklyn,Upper West,3.560645119,17,6,UberX,Sedan,Clear,High,4.3,2,23.28
4187,03-02-2023 16:00,16,4,2,0,0,Upper West,Brooklyn,18.85552626,64,1,Lyft,Sedan,Rainy,Medium,5,1,34.51
4188,31-01-2023 05:00,5,1,1,0,0,East Village,Midtown,9.961825803,31,1,UberX,Sedan,Clear,Low,4.4,1,16.85
4189,17-11-2023 21:00,21,4,11,0,0,Chinatown,Queens,8.391548109,29,2,LyftPlus,SUV,Rainy,Medium,4.9,1.5,24.73
4190,20-02-2023 16:00,16,0,2,0,0,Soho,Upper East,4.05279443,13,1,UberX,Van,Clear,Low,4.9,1,8.38
4191,18-06-2023 19:00,19,6,6,1,1,Financial District,Chinatown,18.72753775,60,1,UberX,SUV,Clear,Low,3.9,2,42.96
4192,02-04-2023 13:00,13,6,4,1,0,Lower East Side,Tribeca,19.96937469,66,2,UberX,SUV,Rainy,High,3.5,1,37.89
4193,27-04-2023 22:00,22,3,4,0,0,Brooklyn,Soho,11.87998942,40,1,Lyft,Sedan,Rainy,High,4.2,1,26.29
4194,10-02-2023 12:00,12,4,2,0,0,Downtown,Brooklyn,7.59511639,27,1,UberX,SUV,Clear,Very Heavy,4.8,1.5,23.24
4195,23-08-2023 18:00,18,2,8,0,1,Queens,Brooklyn,14.71050459,45,1,UberXL,Sedan,Clear,Medium,4.8,1,30.71
4196,08-11-2023 19:00,19,2,11,0,1,Upper West,Upper West,11.56556384,38,1,UberX,Sedan,Clear,Medium,4.4,2,34.96
4197,30-03-2023 11:00,11,3,3,0,0,Brooklyn,Upper East,17.2631761,61,1,LyftPlus,SUV,Cloudy,High,3.7,1.5,36.08
4198,10-01-2023 08:00,8,1,1,0,1,Downtown,Upper West,2.983562038,12,1,UberX,Sedan,Clear,Low,3.7,1,11.05
4199,17-03-2023 14:00,14,4,3,0,0,Upper West,Financial District,14.64847125,47,1,LyftPlus,Hatchback,Clear,Low,4.9,1,25.54
4200,16-02-2023 02:00,2,3,2,0,0,Downtown,Chinatown,16.88153386,56,1,UberX,Van,Clear,Medium,4.1,1,30.38
4201,06-01-2023 04:00,4,4,1,0,0,Soho,Brooklyn,22.68208324,74,1,UberX,Sedan,Clear,Very Heavy,4.5,1,41.54
4202,16-05-2023 06:00,6,1,5,0,0,Chinatown,Upper East,11.68883398,39,1,UberX,Sedan,Rainy,High,4.9,1,27.35
4203,03-05-2023 03:00,3,2,5,0,0,Lower East Side,East Village,20.34287455,61,1,UberX,Sedan,Clear,Low,4.8,1,31.95
4204,04-05-2023 19:00,19,3,5,0,1,Downtown,Queens,17.07485926,57,1,UberXL,Sedan,Clear,Low,4.4,1,30.81
4205,26-03-2023 01:00,1,6,3,1,0,Upper West,Tribeca,24.81793206,85,1,Standard,SUV,Clear,High,4.2,1.5,46.11
4206,05-11-2023 23:00,23,6,11,1,0,Downtown,Midtown,6.187505521,29,1,UberX,Sedan,Clear,High,4.6,1.5,21.28
4207,11-04-2023 15:00,15,1,4,0,0,Lower East Side,Queens,12.62087898,40,1,UberXL,SUV,Clear,High,4,1,25.33
4208,10-05-2023 00:00,0,2,5,0,0,Financial District,Midtown,10.97936494,39,1,UberX,SUV,Clear,Low,4.4,1,18.3
4209,09-03-2023 01:00,1,3,3,0,0,Brooklyn,Brooklyn,23.70182398,83,1,UberX,Sedan,Clear,Medium,3.5,1,41.08
4210,30-01-2023 21:00,21,0,1,0,0,Upper West,Queens,4.79320282,19,1,UberX,SUV,Rainy,Medium,4.7,2,25.89
4211,29-05-2023 09:00,9,0,5,0,1,Financial District,Queens,4.415078008,19,4,LyftPlus,Van,Rainy,Very Heavy,5,1,19.79
4212,10-10-2023 14:00,14,1,10,0,0,Downtown,Tribeca,5.310542373,16,1,UberX,Sedan,Clear,Low,4.9,2.5,23.65
4213,13-02-2023 16:00,16,0,2,0,0,Downtown,Soho,22.92539617,76,1,Lyft,SUV,Clear,Medium,4,2,49.36
4214,13-12-2023 03:00,3,2,12,0,0,Upper East,Tribeca,2.430544141,13,1,UberX,SUV,Clear,Low,4.3,2,17.44
4215,26-11-2023 09:00,9,6,11,1,1,Upper West,Upper West,21.56440226,67,2,UberX,Hatchback,Clear,Medium,3.9,1,38.86
4216,21-08-2023 10:00,10,0,8,0,1,Soho,Soho,12.86778856,45,1,UberXL,Sedan,Cloudy,Low,4,1,28.63
4217,09-03-2023 12:00,12,3,3,0,0,Downtown,Queens,3.278660196,17,1,UberX,Hatchback,Snowy,High,4.2,2.5,27.14
4218,30-09-2023 20:00,20,5,9,1,1,Queens,Soho,11.28109262,36,1,UberX,SUV,Rainy,Medium,4.6,1,21.81
4219,04-11-2023 13:00,13,5,11,1,0,Tribeca,Chinatown,7.166880617,21,1,UberX,Sedan,Clear,Medium,3.5,1,14.59
4220,19-07-2023 04:00,4,2,7,0,0,East Village,Soho,17.25006301,57,3,UberX,Hatchback,Rainy,Medium,4.1,1,30.9
4221,08-06-2023 00:00,0,3,6,0,0,Tribeca,Upper West,15.93561911,54,4,LyftPlus,Van,Clear,High,4.3,1,33.17
4222,03-05-2023 13:00,13,2,5,0,0,Soho,Upper East,13.8003834,47,1,UberX,Hatchback,Rainy,High,3.8,2,40.89
4223,26-08-2023 07:00,7,5,8,1,1,Brooklyn,Brooklyn,3.508852106,19,1,Lyft,Van,Clear,Low,3.6,1,8.55
4224,24-09-2023 17:00,17,6,9,1,1,Chinatown,Upper East,15.72795413,47,2,UberX,Sedan,Clear,Low,4.3,1.5,32.81
4225,16-09-2023 05:00,5,5,9,1,0,Midtown,Brooklyn,22.08905293,68,1,LyftPlus,Sedan,Clear,Medium,4.5,1,36.06
4226,16-08-2023 02:00,2,2,8,0,0,Queens,Upper East,19.15842575,63,1,UberXL,SUV,Clear,Medium,4.5,1,33.45
4227,18-12-2023 08:00,8,0,12,0,1,Midtown,Upper East,21.42400347,64,2,UberX,Sedan,Rainy,Medium,4,1.5,47.34
4228,02-09-2023 18:00,18,5,9,1,1,Downtown,Midtown,5.610485302,19,1,Standard,SUV,Rainy,High,3.9,2.5,36.21
4229,06-03-2023 17:00,17,0,3,0,1,Lower East Side,Soho,7.732459442,26,5,UberX,Sedan,Cloudy,Low,3.8,2.5,35.34
4230,12-02-2023 04:00,4,6,2,1,0,Brooklyn,Financial District,21.81763634,73,1,Lyft,SUV,Snowy,Very Heavy,3.6,1.5,48.42
4231,16-12-2023 02:00,2,5,12,1,0,Financial District,Upper West,10.81123873,41,1,Lyft,SUV,Clear,Low,3.8,1,19.24
4232,20-03-2023 09:00,9,0,3,0,1,Downtown,Upper East,10.89423751,39,1,UberX,SUV,Clear,Low,4.7,1,21.64
4233,11-10-2023 07:00,7,2,10,0,1,Midtown,Queens,10.91419259,43,2,Standard,Sedan,Clear,Medium,3.5,1,24.36
4234,11-07-2023 02:00,2,1,7,0,0,Downtown,East Village,4.175420488,21,1,LyftPlus,Hatchback,Cloudy,Medium,3.6,1,11.78
4235,26-12-2023 06:00,6,1,12,0,0,East Village,Midtown,21.27107634,71,1,LyftPlus,Hatchback,Clear,Low,3.7,1,35.7
4236,18-12-2023 06:00,6,0,12,0,0,Upper East,East Village,24.33288896,80,5,Standard,SUV,Clear,High,4.1,1,44.91
4237,26-09-2023 15:00,15,1,9,0,0,East Village,Downtown,17.57423222,55,1,UberXL,SUV,Clear,Medium,4,1,29.18
4238,08-04-2023 17:00,17,5,4,1,1,Brooklyn,Tribeca,7.919581823,24,1,UberX,Sedan,Snowy,Low,3.8,1,20.7
4239,04-01-2023 03:00,3,2,1,0,0,Lower East Side,Downtown,9.077588348,30,1,Lyft,Sedan,Cloudy,High,3.7,1,19.45
4240,02-09-2023 21:00,21,5,9,1,0,Financial District,Brooklyn,12.93190889,46,1,UberX,Sedan,Clear,Very Heavy,4.9,1,27.26
4241,10-10-2023 17:00,17,1,10,0,1,East Village,Upper East,23.83257651,75,1,UberX,Hatchback,Cloudy,Medium,4.9,1.5,48.53
4242,25-07-2023 02:00,2,1,7,0,0,Upper West,Upper West,7.535879603,29,1,UberXL,Sedan,Clear,High,4.7,1,19.22
4243,04-12-2023 02:00,2,0,12,0,0,Financial District,Queens,20.62434687,61,2,Standard,SUV,Clear,Low,3.9,1,34.94
4244,08-04-2023 02:00,2,5,4,1,0,Lower East Side,Financial District,9.241433822,34,1,UberX,Sedan,Rainy,Medium,4,2,29.9
4245,15-07-2023 06:00,6,5,7,1,0,Midtown,Financial District,20.41475109,63,2,LyftPlus,Hatchback,Clear,Medium,4.5,1,37.14
4246,21-03-2023 06:00,6,1,3,0,0,East Village,Midtown,23.6212216,73,1,UberXL,Sedan,Clear,Very Heavy,3.9,2.5,58.58
4247,14-07-2023 14:00,14,4,7,0,0,Upper East,Midtown,13.7149214,51,5,UberX,SUV,Cloudy,Medium,4.3,1,30.87
4248,25-10-2023 15:00,15,2,10,0,0,Financial District,Midtown,9.363545414,39,1,LyftPlus,Hatchback,Rainy,Low,4.5,1,17.17
4249,27-03-2023 19:00,19,0,3,0,1,Downtown,Midtown,3.581697092,12,1,Standard,SUV,Snowy,Medium,4.3,1,14.35
4250,06-01-2023 20:00,20,4,1,0,1,Upper East,Soho,20.56534334,66,1,UberX,SUV,Clear,Low,4.1,2,45.23
4251,16-03-2023 13:00,13,3,3,0,0,Downtown,Upper East,10.1859303,35,1,UberX,SUV,Clear,Low,4,1,21.55
4252,01-01-2023 16:00,16,6,1,1,0,Lower East Side,Chinatown,13.70733028,48,1,UberX,SUV,Clear,Medium,4.7,1,25.89
4253,20-01-2023 08:00,8,4,1,0,1,East Village,East Village,18.23861928,58,1,LyftPlus,Sedan,Cloudy,Medium,4.6,2,41.75
4254,06-07-2023 07:00,7,3,7,0,1,Queens,Upper East,15.96128655,50,1,UberX,Sedan,Clear,Low,4.5,1.5,31.5
4255,18-03-2023 03:00,3,5,3,1,0,Queens,Chinatown,5.916777175,23,1,UberX,Hatchback,Clear,Low,4.1,1.5,18.61
4256,29-12-2023 23:00,23,4,12,0,0,Midtown,Upper East,22.85501715,73,1,Lyft,Van,Clear,Medium,4.7,2,47.35
4257,06-09-2023 04:00,4,2,9,0,0,Upper East,Downtown,9.656866887,36,2,UberXL,SUV,Rainy,High,4.9,1.5,28.04
4258,04-01-2023 17:00,17,2,1,0,1,Downtown,Upper West,6.946327631,23,2,UberX,Hatchback,Clear,Medium,4.5,1,17.36
4259,20-07-2023 15:00,15,3,7,0,0,Soho,Queens,23.64196905,75,1,LyftPlus,SUV,Clear,High,4.1,1,44.88
4260,29-04-2023 19:00,19,5,4,1,1,Upper East,Brooklyn,9.604859113,36,1,Standard,Van,Clear,Low,4.7,1.5,24.2
4261,29-04-2023 11:00,11,5,4,1,0,Upper West,Upper West,19.10235909,62,1,Standard,Hatchback,Clear,Low,4.4,1,31.32
4262,30-09-2023 15:00,15,5,9,1,0,Midtown,Midtown,8.7041776,26,3,UberX,SUV,Clear,High,4.8,1,21
4263,03-09-2023 21:00,21,6,9,1,0,Tribeca,East Village,10.57040438,41,3,Standard,Sedan,Clear,Medium,4.6,1,23.22
4264,10-02-2023 09:00,9,4,2,0,1,Tribeca,Downtown,10.63277643,36,1,Lyft,Sedan,Cloudy,Medium,4.7,1,23.28
4265,15-02-2023 14:00,14,2,2,0,0,Downtown,Lower East Side,20.59829105,66,1,UberX,Sedan,Clear,Very Heavy,4.5,1,35.2
4266,13-09-2023 04:00,4,2,9,0,0,Queens,Soho,15.21426994,58,1,Lyft,Hatchback,Clear,Medium,3.6,1.5,34.23
4267,03-11-2023 03:00,3,4,11,0,0,Financial District,East Village,22.90012919,80,1,UberX,Sedan,Clear,Low,4.2,1.5,40.71
4268,14-05-2023 03:00,3,6,5,1,0,Upper West,Downtown,10.55259143,39,1,Lyft,SUV,Snowy,Very Heavy,3.6,1,24.73
4269,28-02-2023 12:00,12,1,2,0,0,Tribeca,Tribeca,18.4056984,56,1,Lyft,Van,Clear,Low,4.2,1.5,35.27
4270,17-10-2023 04:00,4,1,10,0,0,Downtown,Lower East Side,20.88431053,71,1,Lyft,Hatchback,Cloudy,High,4.6,1,38.21
4271,28-06-2023 18:00,18,2,6,0,1,Downtown,Soho,6.983990647,20,1,UberX,Hatchback,Cloudy,Medium,4.1,1,20.11
4272,15-06-2023 22:00,22,3,6,0,0,East Village,Midtown,13.69583161,46,4,Lyft,Sedan,Clear,Medium,3.5,1,24.24
4273,20-08-2023 11:00,11,6,8,1,0,Queens,Brooklyn,14.5396954,47,1,UberX,Sedan,Clear,Medium,4.1,1,26.99
4274,28-11-2023 10:00,10,1,11,0,1,Upper East,Midtown,8.898412981,29,1,Standard,Sedan,Rainy,Medium,3.6,1.5,29.76
4275,16-07-2023 09:00,9,6,7,1,1,Financial District,East Village,9.688104974,34,1,Lyft,Hatchback,Rainy,High,4.7,1,24.53
4276,09-05-2023 20:00,20,1,5,0,1,East Village,Midtown,16.48339252,56,1,UberX,Sedan,Rainy,Very Heavy,4.7,1,37.53
4277,23-06-2023 07:00,7,4,6,0,1,Tribeca,Tribeca,7.110240114,28,3,UberX,Sedan,Cloudy,Low,4.7,1,18.35
4278,20-09-2023 20:00,20,2,9,0,1,Financial District,Midtown,18.23523427,59,1,Lyft,Hatchback,Clear,High,3.5,2,45.25
4279,08-11-2023 14:00,14,2,11,0,0,Midtown,Downtown,5.868726025,21,1,UberXL,Sedan,Rainy,Low,3.5,1.5,20.46
4280,20-12-2023 04:00,4,2,12,0,0,Queens,Financial District,23.13131647,76,1,Lyft,SUV,Clear,Low,4.9,1,37.92
4281,25-07-2023 13:00,13,1,7,0,0,Tribeca,Lower East Side,16.82855372,58,1,UberX,Hatchback,Clear,Very Heavy,3.7,2,42.92
4282,25-07-2023 06:00,6,1,7,0,0,Lower East Side,Midtown,15.78302203,52,2,Lyft,SUV,Rainy,Medium,4.5,1,33.32
4283,15-06-2023 09:00,9,3,6,0,1,Downtown,Tribeca,4.228041244,15,1,UberX,Van,Clear,Low,4.7,1,11.23
4284,04-05-2023 13:00,13,3,5,0,0,Tribeca,Upper East,20.77878168,62,1,UberXL,Sedan,Clear,Medium,4.2,1,38.33
4285,29-06-2023 23:00,23,3,6,0,0,Soho,Upper East,10.72439939,39,1,Standard,Sedan,Clear,Medium,4.3,1,20.43
4286,24-10-2023 04:00,4,1,10,0,0,Brooklyn,Brooklyn,18.10946234,62,1,Lyft,Sedan,Clear,Medium,3.8,1.5,37.07
4287,14-06-2023 03:00,3,2,6,0,0,Lower East Side,Brooklyn,24.40834286,77,1,UberX,SUV,Cloudy,Medium,4.9,1.5,46.31
4288,02-01-2023 20:00,20,0,1,0,1,Brooklyn,Lower East Side,14.62039143,49,1,Standard,Hatchback,Clear,High,4,1,32.01
4289,17-03-2023 10:00,10,4,3,0,1,Tribeca,Brooklyn,18.73542158,65,1,UberX,Van,Rainy,Low,3.8,1,34.41
4290,10-07-2023 06:00,6,0,7,0,0,Soho,Upper West,13.02918637,50,2,Lyft,Van,Clear,Low,4.3,1,24.09
4291,21-03-2023 13:00,13,1,3,0,0,Tribeca,Queens,3.693186181,14,1,UberXL,SUV,Clear,Low,3.8,1.5,14.73
4292,23-09-2023 04:00,4,5,9,1,0,Brooklyn,Brooklyn,22.89803772,73,1,UberX,SUV,Clear,Low,4.5,1,38.2
4293,18-04-2023 13:00,13,1,4,0,0,East Village,Midtown,5.595315973,23,1,UberX,SUV,Clear,Very Heavy,4.3,1,19.32
4294,29-01-2023 19:00,19,6,1,1,1,Midtown,Brooklyn,16.665651,51,1,UberX,SUV,Clear,Very Heavy,3.7,2,44.83
4295,08-02-2023 19:00,19,2,2,0,1,Brooklyn,Queens,2.350470916,5,1,LyftPlus,Sedan,Cloudy,High,3.6,1,16.82
4296,26-11-2023 14:00,14,6,11,1,0,Midtown,Upper West,22.42943805,68,1,LyftPlus,Sedan,Clear,Medium,3.7,2,50.48
4297,23-09-2023 22:00,22,5,9,1,0,Downtown,Queens,5.396114428,20,1,UberXL,Sedan,Clear,High,3.7,1,12.57
4298,22-05-2023 22:00,22,0,5,0,0,Midtown,East Village,14.49687806,46,6,UberX,Sedan,Clear,Low,4,1,26.04
4299,14-12-2023 11:00,11,3,12,0,0,East Village,Brooklyn,16.14801983,50,1,LyftPlus,Hatchback,Clear,Low,4.7,1.5,33.91
4300,13-02-2023 00:00,0,0,2,0,0,Soho,Lower East Side,13.02643114,44,2,UberXL,Hatchback,Clear,Medium,3.6,1,24.12
4301,24-02-2023 15:00,15,4,2,0,0,Midtown,Brooklyn,11.51559675,39,2,UberXL,SUV,Rainy,High,3.7,1,26.79
4302,24-12-2023 11:00,11,6,12,1,0,Financial District,Brooklyn,15.0993339,48,6,UberXL,Sedan,Clear,Medium,4,2,39.11
4303,11-05-2023 01:00,1,3,5,0,0,Upper East,East Village,10.24722411,30,1,UberX,SUV,Clear,Medium,4.3,1,19.53
4304,20-03-2023 01:00,1,0,3,0,0,Brooklyn,Queens,11.42661234,40,3,UberXL,SUV,Clear,Low,4.6,1,20.96
4305,10-10-2023 13:00,13,1,10,0,0,Soho,Downtown,11.03997143,41,4,Lyft,Sedan,Clear,Medium,4.9,1,24.09
4306,06-06-2023 04:00,4,1,6,0,0,Upper West,Midtown,14.87235506,47,1,UberXL,SUV,Clear,High,4.1,1,28.42
4307,12-01-2023 13:00,13,3,1,0,0,Chinatown,Tribeca,10.22660504,34,1,LyftPlus,Hatchback,Rainy,Medium,3.7,1,24.63
4308,19-03-2023 11:00,11,6,3,1,0,Downtown,Midtown,5.693161518,24,1,UberX,Hatchback,Rainy,Medium,3.8,1,14.18
4309,05-09-2023 01:00,1,1,9,0,0,Upper East,Brooklyn,25.15296365,83,1,Lyft,SUV,Clear,Medium,3.9,1,43.97
4310,11-10-2023 00:00,0,2,10,0,0,Financial District,Upper West,14.66874489,47,1,UberX,Sedan,Rainy,High,4.7,1,30.47
4311,16-07-2023 09:00,9,6,7,1,1,Queens,East Village,7.233202396,26,1,Lyft,SUV,Clear,Medium,4.5,1,15.75
4312,14-07-2023 19:00,19,4,7,0,1,East Village,Lower East Side,14.74752358,53,2,UberX,Van,Rainy,Medium,3.8,1,30.84
4313,18-02-2023 18:00,18,5,2,1,1,Tribeca,Downtown,21.49024385,72,1,UberX,Hatchback,Cloudy,Medium,4.8,1,39.16
4314,28-12-2023 17:00,17,3,12,0,1,Upper East,Soho,4.439787054,14,2,LyftPlus,Sedan,Clear,Low,4.8,1,14.12
4315,10-08-2023 04:00,4,3,8,0,0,Soho,Downtown,19.54219336,58,1,UberX,Hatchback,Clear,High,4.8,1,35.22
4316,13-04-2023 14:00,14,3,4,0,0,Soho,Tribeca,14.24134291,46,1,Lyft,Sedan,Clear,Very Heavy,3.9,1,32.51
4317,12-01-2023 23:00,23,3,1,0,0,Soho,Midtown,7.067932674,23,1,Standard,SUV,Clear,Medium,3.7,1,15.27
4318,06-09-2023 01:00,1,2,9,0,0,Downtown,Brooklyn,8.416553762,31,1,UberXL,Hatchback,Clear,Low,3.7,1,16.42
4319,28-06-2023 10:00,10,2,6,0,1,Midtown,Financial District,19.90996691,66,2,UberX,SUV,Rainy,High,4.1,1,42.8
4320,21-03-2023 11:00,11,1,3,0,0,Brooklyn,Soho,9.746480207,35,1,UberX,Sedan,Clear,Medium,4.1,2.5,32.68
4321,18-02-2023 09:00,9,5,2,1,1,Queens,Brooklyn,8.547646764,28,1,LyftPlus,Sedan,Clear,Medium,4.8,1,21.22
4322,06-01-2023 09:00,9,4,1,0,1,Tribeca,East Village,21.16667906,64,3,UberX,Sedan,Rainy,Low,3.9,1.5,44.32
4323,22-09-2023 01:00,1,4,9,0,0,Soho,Soho,17.46641794,59,1,Lyft,Hatchback,Rainy,High,4.4,1,34.15
4324,09-04-2023 11:00,11,6,4,1,0,Tribeca,Tribeca,22.39207861,74,2,Lyft,Hatchback,Clear,High,4.7,1.5,45.61
4325,06-12-2023 15:00,15,2,12,0,0,Upper West,Financial District,18.78808348,64,1,UberXL,Hatchback,Rainy,High,3.9,1,35.52
4326,07-09-2023 07:00,7,3,9,0,1,Downtown,Queens,20.32416444,65,1,Lyft,Sedan,Cloudy,Medium,3.9,1,42.03
4327,06-01-2023 23:00,23,4,1,0,0,Lower East Side,Queens,21.85448889,70,1,UberX,Hatchback,Clear,High,4.5,2,49.37
4328,08-12-2023 23:00,23,4,12,0,0,Soho,Queens,3.773824651,18,6,UberXL,Sedan,Clear,Medium,4.6,1,13.07
4329,08-11-2023 05:00,5,2,11,0,0,Upper West,Upper West,20.1429087,65,1,Lyft,Sedan,Rainy,Medium,4.9,1,35.88
4330,11-01-2023 04:00,4,2,1,0,0,Queens,Queens,17.60309725,56,3,UberX,SUV,Rainy,High,4.8,1,33.49
4331,08-02-2023 14:00,14,2,2,0,0,Queens,Upper East,5.449185329,18,6,UberX,Sedan,Clear,Very Heavy,4.7,1.5,25.03
4332,13-05-2023 10:00,10,5,5,1,1,Brooklyn,Soho,15.09791263,52,1,Lyft,Sedan,Clear,High,4.5,1.5,35.49
4333,01-04-2023 16:00,16,5,4,1,0,Financial District,Lower East Side,4.510411937,17,1,Lyft,Sedan,Rainy,High,3.7,1,15.91
4334,28-07-2023 10:00,10,4,7,0,1,Brooklyn,Financial District,18.66794428,59,2,UberXL,SUV,Snowy,High,4.7,1,38.19
4335,06-02-2023 22:00,22,0,2,0,0,Midtown,East Village,13.59566274,47,1,Lyft,Sedan,Rainy,High,4.9,1,29.66
4336,22-12-2023 12:00,12,4,12,0,0,Tribeca,Upper East,24.50716292,76,1,UberXL,Sedan,Snowy,High,4.1,1,45.74
4337,22-05-2023 14:00,14,0,5,0,0,East Village,Upper East,5.510454379,19,1,LyftPlus,Sedan,Rainy,Medium,4,1,12.79
4338,21-12-2023 01:00,1,3,12,0,0,Queens,Chinatown,16.31722559,54,2,Lyft,Sedan,Cloudy,Low,4.3,1,28.39
4339,21-04-2023 14:00,14,4,4,0,0,East Village,Financial District,7.234543906,25,2,UberX,SUV,Rainy,High,4.9,1,20.57
4340,05-11-2023 00:00,0,6,11,1,0,Downtown,Chinatown,16.73189453,59,1,UberX,Van,Cloudy,Very Heavy,3.6,1,34.68
4341,27-02-2023 03:00,3,0,2,0,0,Upper East,Lower East Side,20.0638469,66,1,Lyft,Sedan,Clear,Medium,4.6,1,35.37
4342,25-10-2023 07:00,7,2,10,0,1,Soho,East Village,20.24434585,66,3,LyftPlus,Van,Cloudy,High,4.7,1,39.96
4343,14-01-2023 08:00,8,5,1,1,1,Downtown,Soho,21.63401352,74,1,UberX,Sedan,Clear,Medium,4.7,2,49.16
4344,13-07-2023 22:00,22,3,7,0,0,Chinatown,Midtown,21.01385161,68,2,UberXL,Sedan,Clear,Very Heavy,4.4,1,38.99
4345,09-08-2023 20:00,20,2,8,0,1,Queens,Brooklyn,4.67764416,22,1,UberX,Hatchback,Clear,High,4.9,1,16.81
4346,09-10-2023 17:00,17,0,10,0,1,Upper West,Lower East Side,9.678113363,31,2,UberX,Hatchback,Clear,Medium,3.7,1,22.09
4347,13-10-2023 14:00,14,4,10,0,0,Tribeca,Lower East Side,17.46248333,55,3,Lyft,Sedan,Clear,High,3.9,2,42.95
4348,18-08-2023 09:00,9,4,8,0,1,East Village,Midtown,14.45131655,45,1,UberX,Sedan,Snowy,High,4,1,35.86
4349,01-10-2023 01:00,1,6,10,1,0,Brooklyn,Tribeca,6.220661255,25,1,Lyft,Hatchback,Rainy,High,3.5,1,19.94
4350,18-06-2023 10:00,10,6,6,1,1,Upper East,Financial District,14.70520403,44,1,Standard,Van,Cloudy,Very Heavy,4.1,1.5,37.65
4351,09-11-2023 10:00,10,3,11,0,1,Financial District,Lower East Side,10.89379866,38,1,Standard,Van,Snowy,Low,3.7,1,24.46
4352,04-10-2023 12:00,12,2,10,0,0,Downtown,Midtown,5.658297225,20,1,UberX,SUV,Clear,Low,4.6,1,11.21
4353,03-11-2023 18:00,18,4,11,0,1,Financial District,Lower East Side,11.22029308,39,1,Lyft,Hatchback,Clear,High,4.1,1,23.84
4354,01-01-2023 11:00,11,6,1,1,0,Lower East Side,Midtown,18.59823283,60,1,Standard,Hatchback,Clear,Very Heavy,4.6,1,37.03
4355,09-01-2023 02:00,2,0,1,0,0,Chinatown,Midtown,13.60080433,47,1,UberX,Hatchback,Clear,Medium,3.9,1,28.21
4356,16-04-2023 17:00,17,6,4,1,1,East Village,Lower East Side,4.595376242,25,2,UberXL,Van,Rainy,Low,3.7,1,15.9
4357,29-04-2023 10:00,10,5,4,1,1,East Village,Queens,2.262088556,17,1,Standard,Hatchback,Clear,Medium,3.7,1,12.87
4358,03-04-2023 21:00,21,0,4,0,0,Soho,Downtown,22.57220019,75,1,UberX,SUV,Clear,Medium,3.8,1.5,45.25
4359,06-05-2023 09:00,9,5,5,1,1,Upper West,Midtown,25.65591479,80,1,Standard,Sedan,Clear,High,3.7,2,54.93
4360,29-11-2023 16:00,16,2,11,0,0,Lower East Side,Brooklyn,17.95854546,59,2,UberXL,SUV,Clear,Low,3.8,1,33.23
4361,28-03-2023 13:00,13,1,3,0,0,Upper West,Financial District,11.1651336,37,1,UberX,Hatchback,Clear,Low,4.4,1,19.71
4362,23-11-2023 21:00,21,3,11,0,0,Midtown,Tribeca,23.33049084,72,1,UberXL,Sedan,Cloudy,High,3.9,2.5,57.37
4363,11-06-2023 03:00,3,6,6,1,0,Brooklyn,Downtown,8.519739245,24,1,UberX,Sedan,Clear,Low,4,1,14.91
4364,23-07-2023 01:00,1,6,7,1,0,Queens,Upper West,18.61484166,60,2,UberX,Sedan,Clear,High,3.6,2,42.49
4365,26-12-2023 19:00,19,1,12,0,1,Queens,Brooklyn,20.38424492,66,2,UberXL,Van,Clear,Medium,4.8,1,36.74
4366,13-01-2023 09:00,9,4,1,0,1,East Village,Brooklyn,19.14258848,64,1,UberXL,Hatchback,,High,3.7,1.5,44.78
4367,02-09-2023 00:00,0,5,9,1,0,Downtown,Queens,11.44271203,39,1,UberXL,Sedan,Clear,Low,4,1.5,25.86
4368,12-02-2023 07:00,7,6,2,1,1,Tribeca,Queens,13.84166694,44,1,UberX,Sedan,Clear,Medium,4.1,1,28.91
4369,27-02-2023 16:00,16,0,2,0,0,Queens,Financial District,7.502363692,26,2,LyftPlus,SUV,Clear,Medium,4.7,1,16.84
4370,31-12-2023 09:00,9,6,12,1,1,Chinatown,Brooklyn,9.231789979,35,1,UberXL,SUV,Cloudy,High,4.2,1,22.98
4371,08-04-2023 22:00,22,5,4,1,0,Lower East Side,East Village,19.23670528,57,1,LyftPlus,Sedan,Cloudy,Medium,4.1,1,33.49
4372,22-02-2023 21:00,21,2,2,0,0,Chinatown,East Village,23.65278669,74,1,LyftPlus,Van,Clear,Low,4.5,2.5,56.77
4373,22-02-2023 12:00,12,2,2,0,0,Chinatown,Chinatown,17.71648145,58,2,UberX,SUV,Rainy,High,4.4,1,38.33
4374,17-11-2023 21:00,21,4,11,0,0,Queens,Financial District,12.74154495,41,1,UberX,SUV,Clear,Low,3.6,1.5,28.21
4375,16-12-2023 00:00,0,5,12,1,0,Downtown,Midtown,5.017812923,15,1,Standard,Hatchback,Clear,Very Heavy,4,1.5,18.45
4376,10-07-2023 03:00,3,0,7,0,0,Brooklyn,Upper East,5.388342916,23,1,Lyft,Sedan,Clear,Low,5,1,11.64
4377,15-10-2023 09:00,9,6,10,1,1,Upper East,Upper West,3.96098435,20,1,UberX,SUV,Clear,Medium,4.2,1,10.95
4378,25-08-2023 08:00,8,4,8,0,1,Upper West,Lower East Side,11.98823799,38,1,Lyft,SUV,Rainy,Low,4.1,1,23.34
4379,22-08-2023 01:00,1,1,8,0,0,Soho,Tribeca,14.45486651,38,1,UberX,Van,Cloudy,Medium,3.7,1,28.83
4380,14-09-2023 11:00,11,3,9,0,0,Soho,Queens,15.77782731,58,1,UberX,Sedan,Clear,Medium,4.8,2.5,41.99
4381,19-08-2023 23:00,23,5,8,1,0,Soho,Tribeca,3.534341174,14,1,UberXL,Hatchback,Clear,Medium,3.7,1,9.71
4382,29-10-2023 16:00,16,6,10,1,0,Chinatown,Upper East,25.02007402,77,1,UberX,SUV,Clear,Low,3.7,1,42.56
4383,15-07-2023 03:00,3,5,7,1,0,Downtown,Soho,10.66565322,36,1,Standard,Hatchback,Clear,High,4.2,1.5,28.11
4384,20-03-2023 09:00,9,0,3,0,1,Lower East Side,Chinatown,19.75186192,65,1,LyftPlus,Hatchback,Cloudy,High,4.2,1,39.58
4385,30-12-2023 01:00,1,5,12,1,0,Soho,Financial District,15.12345662,48,1,Lyft,Sedan,Cloudy,Medium,5,1,30.38
4386,08-06-2023 17:00,17,3,6,0,1,East Village,Midtown,6.333732667,24,1,UberX,Sedan,Rainy,Medium,3.7,2,27.85
4387,30-08-2023 23:00,23,2,8,0,0,Midtown,Chinatown,21.6337235,69,1,UberX,Sedan,Clear,High,4.2,1,39.36
4388,23-07-2023 11:00,11,6,7,1,0,Chinatown,Downtown,18.28115603,57,1,UberX,SUV,Rainy,Low,3.8,1.5,40.28
4389,28-10-2023 06:00,6,5,10,1,0,Downtown,Midtown,4.332934717,13,1,UberXL,Van,Clear,Very Heavy,4.6,2,22.81
4390,23-06-2023 03:00,3,4,6,0,0,Downtown,Brooklyn,7.08543508,30,1,UberX,Sedan,Snowy,Medium,4.1,1,18.38
4391,14-07-2023 17:00,17,4,7,0,1,Lower East Side,Chinatown,11.60538671,41,3,Lyft,SUV,Clear,High,4.5,1,27.95
4392,28-02-2023 17:00,17,1,2,0,1,Upper West,Midtown,13.91545096,44,1,UberXL,Hatchback,Clear,Medium,4,1,26.03
4393,05-08-2023 13:00,13,5,8,1,0,Soho,Chinatown,7.691048816,29,1,Standard,Van,Clear,Medium,4.3,1,16.73
4394,07-11-2023 12:00,12,1,11,0,0,Financial District,Brooklyn,18.69961806,58,1,Standard,SUV,Clear,High,4.2,1,34.02
4395,30-12-2023 06:00,6,5,12,1,0,Upper East,Tribeca,22.0552087,71,1,Lyft,Hatchback,Rainy,Medium,4.1,1,38.67
4396,01-04-2023 12:00,12,5,4,1,0,Chinatown,Chinatown,4.536702839,20,1,Lyft,Sedan,Rainy,High,4.3,2,26.96
4397,12-01-2023 15:00,15,3,1,0,0,Midtown,Chinatown,8.276222637,31,2,UberX,Sedan,Rainy,Medium,4.1,1,21.24
4398,15-06-2023 17:00,17,3,6,0,1,Downtown,Lower East Side,24.24930766,76,1,UberX,Sedan,,Low,4.7,2,52.33
4399,22-04-2023 05:00,5,5,4,1,0,Midtown,Lower East Side,11.48010035,41,1,Standard,SUV,Clear,Medium,4.2,1,23.18
4400,23-11-2023 01:00,1,3,11,0,0,Downtown,Soho,17.47655687,57,2,Lyft,SUV,Cloudy,High,4.9,1,32.66
4401,15-06-2023 21:00,21,3,6,0,0,Brooklyn,Queens,15.02966897,48,1,UberX,Sedan,Cloudy,Medium,3.8,2.5,43.22
4402,18-07-2023 17:00,17,1,7,0,1,Upper West,Lower East Side,16.63959993,59,1,Lyft,Sedan,Clear,Medium,3.7,2,40.88
4403,07-08-2023 15:00,15,0,8,0,0,East Village,Soho,12.1315007,38,1,Standard,Sedan,Cloudy,Medium,4.1,1,24.81
4404,04-07-2023 11:00,11,1,7,0,0,Brooklyn,Chinatown,9.881796595,35,1,UberX,Sedan,Snowy,Medium,3.8,1,21.57
4405,13-09-2023 15:00,15,2,9,0,0,Tribeca,Brooklyn,4.11590922,21,1,UberX,Van,Rainy,High,4.1,1,13.88
4406,21-08-2023 05:00,5,0,8,0,0,Soho,Lower East Side,19.85215064,59,1,Standard,Van,Clear,Low,3.8,1,31.84
4407,22-06-2023 03:00,3,3,6,0,0,Tribeca,Downtown,17.41232004,62,1,UberXL,Sedan,Rainy,Medium,4.8,2,43.04
4408,27-10-2023 13:00,13,4,10,0,0,Upper East,Chinatown,17.27648583,61,3,UberXL,Sedan,Clear,Medium,4.4,1.5,36.33
4409,08-07-2023 23:00,23,5,7,1,0,Financial District,Upper East,15.97654916,51,3,UberX,Hatchback,Rainy,Medium,4.2,1,32.47
4410,26-04-2023 16:00,16,2,4,0,0,East Village,Tribeca,9.051871705,33,2,LyftPlus,Sedan,Clear,Very Heavy,4.7,1,20.73
4411,17-11-2023 17:00,17,4,11,0,1,Brooklyn,Tribeca,2.705981262,10,3,LyftPlus,Van,Cloudy,Low,3.7,1,10.08
4412,16-12-2023 10:00,10,5,12,1,1,Midtown,Midtown,19.22684381,60,1,UberXL,Sedan,Rainy,Low,4.8,1.5,41.6
4413,28-01-2023 14:00,14,5,1,1,0,Midtown,Queens,10.21161107,32,1,UberX,SUV,Clear,High,4.2,1,21.52
4414,28-12-2023 07:00,7,3,12,0,1,Upper East,Midtown,14.25442442,52,1,UberXL,Hatchback,Rainy,Medium,3.7,2.5,49.79
4415,02-12-2023 04:00,4,5,12,1,0,Downtown,Midtown,4.07124344,16,2,UberX,Sedan,Clear,High,4.7,1.5,18.74
4416,25-06-2023 18:00,18,6,6,1,1,Midtown,Brooklyn,9.612258382,29,1,UberX,Sedan,Clear,High,4.2,1,23.03
4417,30-07-2023 20:00,20,6,7,1,1,Soho,Upper East,6.825381994,28,1,UberX,Hatchback,Clear,Medium,4.4,1.5,23.98
4418,02-09-2023 18:00,18,5,9,1,1,Financial District,Queens,4.755057312,21,2,UberX,Van,Clear,Low,4.8,1,14.24
4419,21-08-2023 13:00,13,0,8,0,0,Upper West,Midtown,10.16494283,36,2,Standard,SUV,Snowy,Low,4.8,1,22.12
4420,25-03-2023 22:00,22,5,3,1,0,Soho,Chinatown,19.52905343,61,2,UberX,Hatchback,Clear,Low,4.8,1,37.46
4421,07-06-2023 21:00,21,2,6,0,0,Financial District,Tribeca,23.64689396,74,1,UberXL,Van,Rainy,Medium,4.1,2.5,59.15
4422,25-10-2023 20:00,20,2,10,0,1,Chinatown,Midtown,22.59942731,79,1,UberX,Sedan,Clear,High,4.6,1,40.43
4423,20-11-2023 14:00,14,0,11,0,0,Upper East,Upper West,23.81860367,77,1,Lyft,Sedan,Rainy,High,3.8,1.5,48.83
4424,09-04-2023 12:00,12,6,4,1,0,Soho,Financial District,20.58633629,65,1,UberX,Sedan,Clear,Low,4.7,1,31.34
4425,01-06-2023 05:00,5,3,6,0,0,Upper West,Lower East Side,15.73639844,54,1,UberXL,Sedan,Clear,High,4,1,27.91
4426,04-09-2023 15:00,15,0,9,0,0,Upper West,Tribeca,6.114336435,25,1,Lyft,Hatchback,Snowy,Low,4.2,1.5,25.05
4427,25-08-2023 11:00,11,4,8,0,0,Chinatown,Upper West,20.07286432,70,1,Standard,Sedan,Clear,High,4.8,1.5,43.24
4428,04-10-2023 14:00,14,2,10,0,0,Queens,Financial District,9.09167049,32,1,Lyft,Sedan,Rainy,Low,4.7,1,16.26
4429,13-07-2023 19:00,19,3,7,0,1,Lower East Side,Downtown,6.644954843,27,2,UberX,Sedan,Clear,Low,4.9,1,15.51
4430,26-01-2023 09:00,9,3,1,0,1,Downtown,Upper West,8.044791278,30,3,UberX,Sedan,Clear,High,4,1,21.03
4431,27-11-2023 20:00,20,0,11,0,1,Upper East,Chinatown,14.05484991,45,1,Lyft,Sedan,Cloudy,Medium,3.7,1,32.71
4432,11-06-2023 02:00,2,6,6,1,0,Chinatown,Brooklyn,10.0514448,31,1,UberX,Sedan,Rainy,Medium,4.9,1.5,23.09
4433,16-01-2023 11:00,11,0,1,0,0,Soho,Downtown,6.74763368,27,1,UberXL,Hatchback,Clear,Medium,4.2,1,14.07
4434,19-10-2023 14:00,14,3,10,0,0,East Village,East Village,12.9848921,46,1,Standard,Hatchback,Cloudy,Low,4.8,1.5,27.14
4435,26-01-2023 15:00,15,3,1,0,0,East Village,Queens,20.88595526,60,2,LyftPlus,Hatchback,Clear,High,4.6,1,36.96
4436,15-10-2023 23:00,23,6,10,1,0,Upper East,Tribeca,15.64946856,53,2,LyftPlus,Hatchback,Clear,High,4.8,1,30.46
4437,08-09-2023 10:00,10,4,9,0,1,Lower East Side,East Village,22.3050767,71,2,LyftPlus,Van,Clear,Low,4.5,1,40.54
4438,04-04-2023 21:00,21,1,4,0,0,Soho,Tribeca,7.248974192,28,1,Lyft,Sedan,Rainy,Medium,4.7,1,16.74
4439,25-07-2023 22:00,22,1,7,0,0,Brooklyn,Chinatown,8.759430406,29,3,Lyft,Van,Clear,Medium,3.7,1,19.17
4440,06-02-2023 00:00,0,0,2,0,0,Brooklyn,Queens,17.00012302,60,1,UberX,SUV,Clear,Medium,5,1.5,33.57
4441,22-02-2023 20:00,20,2,2,0,1,Downtown,Queens,15.02039259,53,1,Standard,Sedan,Snowy,Medium,3.8,1,31.32
4442,07-11-2023 14:00,14,1,11,0,0,Soho,Lower East Side,17.86789255,54,1,UberX,SUV,Clear,High,3.5,1,34.17
4443,10-07-2023 11:00,11,0,7,0,0,Upper West,Tribeca,22.26712854,68,2,Lyft,Sedan,Clear,Very Heavy,4.3,1,42.62
4444,06-08-2023 21:00,21,6,8,1,0,Midtown,Queens,11.14399896,38,1,UberX,Sedan,Clear,Medium,4.6,1,18.65
4445,04-04-2023 05:00,5,1,4,0,0,East Village,Upper West,19.16952395,60,1,UberX,Sedan,Clear,Medium,4.6,1,32.36
4446,18-06-2023 22:00,22,6,6,1,0,Lower East Side,Soho,23.14960056,77,1,Lyft,Sedan,Clear,High,4,1.5,45.74
4447,08-02-2023 23:00,23,2,2,0,0,Soho,Upper East,11.26574285,35,1,UberX,Hatchback,Clear,Medium,4.6,1,21.02
4448,24-09-2023 10:00,10,6,9,1,1,Soho,Lower East Side,7.581809747,30,1,Lyft,Sedan,Clear,Medium,4.8,1,17.58
4449,25-11-2023 19:00,19,5,11,1,1,Midtown,Tribeca,15.32404368,43,1,Lyft,Hatchback,Clear,Medium,4.4,1,26.02
4450,14-01-2023 13:00,13,5,1,1,0,Midtown,East Village,5.867339863,21,1,UberXL,Sedan,Rainy,High,4.1,1,18.86
4451,20-11-2023 22:00,22,0,11,0,0,Financial District,East Village,11.09937978,42,1,UberX,Sedan,Snowy,Medium,4.4,1,24.33
4452,10-06-2023 21:00,21,5,6,1,0,Chinatown,Queens,6.048905896,22,1,UberXL,Sedan,Rainy,Low,4.8,1,18.39
4453,24-03-2023 17:00,17,4,3,0,1,Queens,Chinatown,10.51915461,36,1,LyftPlus,Hatchback,Clear,Medium,4.9,1.5,28.27
4454,25-07-2023 12:00,12,1,7,0,0,Downtown,Tribeca,3.004849087,16,1,UberX,Van,Clear,High,3.5,1,11.83
4455,11-07-2023 19:00,19,1,7,0,1,East Village,Soho,2.858541851,15,2,UberXL,Sedan,Rainy,High,3.7,1,14.15
4456,26-04-2023 18:00,18,2,4,0,1,Midtown,Soho,17.00530068,55,1,UberXL,Van,Rainy,High,3.5,1,35.39
4457,20-11-2023 02:00,2,0,11,0,0,Brooklyn,Upper East,15.72705508,56,1,LyftPlus,Hatchback,Clear,High,4.2,1,31.19
4458,19-06-2023 22:00,22,0,6,0,0,Upper East,Upper West,17.44494839,57,1,Lyft,Sedan,Clear,Low,4.2,1,29.15
4459,26-02-2023 23:00,23,6,2,1,0,Brooklyn,Upper East,17.61757546,59,1,UberX,SUV,Rainy,Medium,4.3,1.5,37.24
4460,18-06-2023 10:00,10,6,6,1,1,Financial District,Brooklyn,5.127796663,23,5,LyftPlus,Hatchback,Clear,Low,4.5,1,17.78
4461,18-04-2023 07:00,7,1,4,0,1,Financial District,Chinatown,8.519000553,23,1,LyftPlus,SUV,Clear,High,4,2,31.84
4462,09-10-2023 10:00,10,0,10,0,1,Midtown,East Village,6.000641175,20,1,Lyft,SUV,Clear,Medium,3.8,1,17.29
4463,07-03-2023 21:00,21,1,3,0,0,Financial District,Soho,20.97219704,66,1,UberXL,Sedan,Rainy,High,4.1,1,39.45
4464,24-03-2023 18:00,18,4,3,0,1,Chinatown,Queens,20.5884085,68,1,Lyft,Sedan,Rainy,High,3.5,2,53.46
4465,04-04-2023 08:00,8,1,4,0,1,Upper West,Soho,7.26996661,32,1,UberXL,Sedan,Cloudy,High,4.7,1.5,23.76
4466,15-06-2023 06:00,6,3,6,0,0,Tribeca,Soho,10.15883888,29,4,Lyft,SUV,Rainy,High,4.1,1,26.97
4467,13-11-2023 20:00,20,0,11,0,1,Soho,Financial District,24.52707212,77,3,LyftPlus,Hatchback,Clear,Medium,4.4,1,43.92
4468,13-12-2023 16:00,16,2,12,0,0,Soho,East Village,14.06569965,50,1,LyftPlus,Hatchback,Rainy,Medium,4,1,30.55
4469,06-09-2023 16:00,16,2,9,0,0,Midtown,Brooklyn,21.83897609,65,1,UberXL,SUV,Clear,Medium,4.4,1,39.52
4470,09-11-2023 05:00,5,3,11,0,0,Financial District,Upper East,9.605902485,34,2,LyftPlus,Sedan,Clear,Low,4.3,1.5,22.63
4471,20-06-2023 23:00,23,1,6,0,0,Upper East,Brooklyn,6.828095853,26,1,UberX,Sedan,Cloudy,Low,3.8,1,17.75
4472,28-03-2023 12:00,12,1,3,0,0,Upper West,Financial District,19.11551592,63,1,UberX,Hatchback,Clear,Low,4.4,1,32.19
4473,06-08-2023 23:00,23,6,8,1,0,Downtown,Upper West,17.07919828,52,1,UberXL,Sedan,Clear,Very Heavy,3.7,1,36.35
4474,05-05-2023 18:00,18,4,5,0,1,Financial District,Chinatown,16.57156804,54,1,Lyft,SUV,,Low,4.2,1,31.58
4475,06-06-2023 00:00,0,1,6,0,0,Upper West,Brooklyn,13.46122486,41,2,UberX,Sedan,Snowy,High,4.6,1,30.95
4476,22-08-2023 02:00,2,1,8,0,0,Queens,Soho,13.95631556,50,2,UberXL,Sedan,Clear,Low,4.3,1,25.39
4477,10-11-2023 19:00,19,4,11,0,1,Downtown,Lower East Side,16.53823301,51,4,UberX,Sedan,Clear,Very Heavy,4.6,1,35.43
4478,04-11-2023 03:00,3,5,11,1,0,Soho,Downtown,8.576444448,30,1,Lyft,Hatchback,Clear,Medium,3.9,1,19.36
4479,10-03-2023 12:00,12,4,3,0,0,Queens,Tribeca,10.62434971,43,3,LyftPlus,SUV,Cloudy,Medium,3.6,1,24.6
4480,12-05-2023 00:00,0,4,5,0,0,Midtown,Brooklyn,23.45708534,78,1,Lyft,SUV,Clear,Medium,3.6,2,51.19
4481,11-01-2023 02:00,2,2,1,0,0,East Village,Chinatown,10.78211876,32,1,UberX,Van,Snowy,High,3.9,1,26.32
4482,20-06-2023 05:00,5,1,6,0,0,Midtown,Tribeca,14.28481629,46,1,Standard,Sedan,Clear,Low,4.1,1,25.28
4483,28-11-2023 10:00,10,1,11,0,1,Upper East,Chinatown,18.2104126,59,1,Lyft,Sedan,Clear,High,4.3,2.5,51.46
4484,30-10-2023 21:00,21,0,10,0,0,Chinatown,Financial District,26.10143842,82,1,LyftPlus,Sedan,Clear,High,4.6,2,56.56
4485,25-10-2023 02:00,2,2,10,0,0,Upper West,Brooklyn,12.12790676,42,2,Lyft,Sedan,Clear,Low,4.8,1,22.92
4486,12-10-2023 12:00,12,3,10,0,0,Chinatown,Brooklyn,12.5886311,44,1,Standard,Hatchback,Cloudy,Low,4.5,1,23.55
4487,15-12-2023 10:00,10,4,12,0,1,East Village,Midtown,20.93100018,73,1,LyftPlus,Hatchback,Rainy,High,4.2,1,41.13
4488,21-09-2023 19:00,19,3,9,0,1,Chinatown,Soho,20.7603065,65,2,UberXL,SUV,Clear,Low,3.9,1,38.71
4489,27-05-2023 08:00,8,5,5,1,1,Downtown,Chinatown,19.16735922,64,3,UberX,SUV,Clear,High,4.1,1,39.07
4490,04-03-2023 11:00,11,5,3,1,0,Downtown,Queens,12.8421303,42,1,Lyft,Hatchback,Rainy,Low,3.9,1,25.4
4491,31-03-2023 22:00,22,4,3,0,0,Lower East Side,Tribeca,11.19257043,43,1,Lyft,SUV,Clear,,4.4,1,21.26
4492,04-08-2023 02:00,2,4,8,0,0,Queens,Upper West,15.5277629,52,3,Lyft,Sedan,Cloudy,High,4.7,1.5,37.43
4493,18-06-2023 07:00,7,6,6,1,1,Upper East,Midtown,22.39225224,72,2,UberX,Hatchback,Clear,High,4.3,1,39.38
4494,26-03-2023 19:00,19,6,3,1,1,Soho,Soho,24.22660409,76,1,UberXL,Hatchback,Clear,Medium,3.6,2,53.46
4495,29-11-2023 09:00,9,2,11,0,1,Chinatown,Financial District,5.698262209,19,1,Lyft,SUV,Clear,High,4.9,1.5,21.02
4496,05-02-2023 17:00,17,6,2,1,1,Financial District,Tribeca,11.62718494,42,1,LyftPlus,Sedan,Clear,High,3.9,1.5,30.28
4497,09-06-2023 07:00,7,4,6,0,1,Financial District,Upper East,13.57139883,43,3,Lyft,Sedan,Clear,Medium,4.9,1,27.52
4498,10-10-2023 02:00,2,1,10,0,0,East Village,Financial District,26.93956506,80,1,UberX,SUV,Snowy,Medium,4.7,1.5,51.51
4499,13-01-2023 10:00,10,4,1,0,1,Upper East,Queens,17.95518357,55,1,UberX,Sedan,Clear,Medium,4.1,1,33.37
4500,29-10-2023 20:00,20,6,10,1,1,Upper East,Tribeca,12.75304193,43,3,UberX,SUV,Clear,Very Heavy,3.6,1,28.57
4501,08-02-2023 11:00,11,2,2,0,0,Downtown,Financial District,3.578455976,12,1,UberX,Sedan,Clear,High,4.9,1,12.04
4502,26-06-2023 08:00,8,0,6,0,1,Soho,Midtown,15.71392462,49,3,UberX,SUV,Rainy,Low,4.5,1.5,38.23
4503,29-06-2023 10:00,10,3,6,0,1,Upper West,Financial District,5.035416249,14,1,Lyft,Sedan,Rainy,Medium,3.9,1,18.18
4504,27-04-2023 15:00,15,3,4,0,0,Soho,Queens,20.33985452,63,1,Standard,Van,Rainy,Very Heavy,4.3,1,41.18
4505,02-10-2023 02:00,2,0,10,0,0,Brooklyn,Queens,19.9293684,69,1,UberX,Sedan,Clear,Low,4.5,1.5,37.3
4506,23-07-2023 03:00,3,6,7,1,0,Upper East,Downtown,8.776985539,29,3,Lyft,SUV,Rainy,Very Heavy,3.8,1,22.61
4507,10-08-2023 22:00,22,3,8,0,0,Midtown,Lower East Side,12.81876138,43,2,Lyft,Sedan,Rainy,Medium,3.6,1,25.95
4508,02-10-2023 06:00,6,0,10,0,0,Tribeca,Brooklyn,14.35433609,54,3,Standard,Sedan,Clear,Low,3.9,1,25.61
4509,17-03-2023 02:00,2,4,3,0,0,Upper East,Upper East,22.66949159,74,1,Standard,SUV,Clear,Medium,3.6,1,38.26
4510,21-04-2023 17:00,17,4,4,0,1,East Village,Upper East,8.422842005,31,1,UberX,Sedan,Rainy,Medium,3.6,1,25.48
4511,20-05-2023 10:00,10,5,5,1,1,Chinatown,Midtown,8.719324767,28,1,UberX,SUV,Clear,High,3.7,1,22.79
4512,03-05-2023 21:00,21,2,5,0,0,Midtown,Queens,11.44641799,40,1,UberX,Sedan,Clear,Medium,3.7,1,23.19
4513,09-02-2023 05:00,5,3,2,0,0,East Village,Downtown,23.77095488,81,1,Lyft,SUV,Clear,Medium,3.9,1.5,46.17
4514,21-03-2023 11:00,11,1,3,0,0,Queens,Soho,19.62686043,60,3,Lyft,Hatchback,Clear,Very Heavy,4.9,1,37.24
4515,21-07-2023 13:00,13,4,7,0,0,Tribeca,Downtown,21.83343806,69,1,UberX,Van,Clear,Low,4.4,2,46.26
4516,04-12-2023 17:00,17,0,12,0,1,Tribeca,Upper West,7.418903258,23,2,LyftPlus,SUV,Rainy,Medium,4.1,1,21.62
4517,21-02-2023 19:00,19,1,2,0,1,Downtown,Financial District,5.150613061,25,4,UberXL,Hatchback,Cloudy,Medium,4.3,1.5,23.02
4518,26-08-2023 08:00,8,5,8,1,1,Upper East,Brooklyn,3.932373021,13,1,Standard,Hatchback,Clear,Low,3.5,1,12.09
4519,03-03-2023 02:00,2,4,3,0,0,Downtown,Lower East Side,10.1500907,33,3,UberX,Sedan,Clear,Low,4.8,2,30.47
4520,14-06-2023 21:00,21,2,6,0,0,Financial District,Downtown,19.23631673,59,1,UberX,Hatchback,Rainy,Medium,4.3,1,34.98
4521,23-03-2023 22:00,22,3,3,0,0,East Village,Financial District,9.038473785,27,2,UberX,SUV,Rainy,Low,4.2,1,17.1
4522,16-01-2023 15:00,15,0,1,0,0,Brooklyn,Brooklyn,19.4582069,63,1,UberX,Sedan,Clear,Medium,4.9,1,35.71
4523,11-01-2023 22:00,22,2,1,0,0,Brooklyn,Tribeca,8.945280581,30,1,Lyft,Van,Rainy,Medium,4.6,1,19.23
4524,01-07-2023 18:00,18,5,7,1,1,Financial District,Lower East Side,12.59669398,43,1,UberX,Sedan,Rainy,High,4,1,28.5
4525,28-09-2023 22:00,22,3,9,0,0,Queens,Lower East Side,24.3525692,79,5,Lyft,SUV,Clear,Medium,4.9,1.5,46.76
4526,23-11-2023 09:00,9,3,11,0,1,Brooklyn,Upper West,8.538193248,25,2,UberX,SUV,Clear,Medium,4.8,1,20.37
4527,20-03-2023 21:00,21,0,3,0,0,East Village,Lower East Side,11.37841282,40,1,UberX,SUV,Clear,Low,4.9,1.5,24.31
4528,04-12-2023 18:00,18,0,12,0,1,Brooklyn,Upper West,8.768186382,28,6,LyftPlus,SUV,Snowy,Low,3.6,1.5,31.58
4529,10-03-2023 20:00,20,4,3,0,1,Financial District,Lower East Side,5.870547199,23,1,Standard,Sedan,Clear,Medium,4.9,2,27.55
4530,19-08-2023 20:00,20,5,8,1,1,Midtown,Queens,11.63755818,40,3,UberXL,Sedan,Clear,Very Heavy,4.3,1,28.89
4531,12-06-2023 04:00,4,0,6,0,0,Chinatown,Lower East Side,15.60788954,51,1,Standard,Sedan,Clear,Low,4.5,1,25.61
4532,25-01-2023 23:00,23,2,1,0,0,Chinatown,Chinatown,10.82333501,41,1,Lyft,Sedan,Cloudy,Medium,3.8,1,24.62
4533,20-07-2023 15:00,15,3,7,0,0,Downtown,Upper West,16.96720781,51,1,UberXL,Hatchback,Clear,High,3.7,1,33.83
4534,21-03-2023 16:00,16,1,3,0,0,Lower East Side,Chinatown,22.10749626,67,1,LyftPlus,Hatchback,Rainy,High,3.6,1,40.86
4535,24-12-2023 04:00,4,6,12,1,0,Upper West,Tribeca,14.22924766,48,1,UberX,Sedan,Rainy,Very Heavy,4.1,1,31.93
4536,25-06-2023 13:00,13,6,6,1,0,East Village,Queens,2.49502933,18,1,UberX,Sedan,Rainy,Low,3.8,1,9.77
4537,01-06-2023 13:00,13,3,6,0,0,Downtown,East Village,17.0038198,53,1,Lyft,Sedan,Cloudy,Low,3.6,1,30.59
4538,22-08-2023 07:00,7,1,8,0,1,Tribeca,Soho,5.55109042,21,1,UberX,Sedan,Clear,Medium,4.9,1,15.1
4539,26-09-2023 16:00,16,1,9,0,0,Lower East Side,Midtown,17.29718688,60,4,UberX,Hatchback,Cloudy,Low,4.6,1,31.18
4540,23-12-2023 13:00,13,5,12,1,0,Soho,Financial District,17.49891199,60,1,UberX,Sedan,Cloudy,Medium,4.3,1,36.01
4541,04-11-2023 14:00,14,5,11,1,0,Brooklyn,Soho,7.479446729,29,1,Lyft,SUV,Cloudy,High,4.6,1,18.82
4542,29-05-2023 17:00,17,0,5,0,1,Brooklyn,Soho,20.73824363,65,1,Lyft,SUV,Rainy,High,4.4,1,40.43
4543,18-11-2023 03:00,3,5,11,1,0,Queens,Lower East Side,24.70472781,79,1,UberXL,Van,Cloudy,Low,3.8,1.5,45.58
4544,01-02-2023 02:00,2,2,2,0,0,Chinatown,Upper East,20.45060698,66,2,LyftPlus,Sedan,Clear,Low,4.5,2,47.27
4545,21-12-2023 08:00,8,3,12,0,1,Downtown,Downtown,9.811400242,37,2,UberXL,Sedan,Clear,Very Heavy,4.5,1.5,29.54
4546,13-07-2023 01:00,1,3,7,0,0,Soho,Upper West,16.07539454,52,1,Lyft,Van,Clear,Medium,3.9,1,27.85
4547,08-02-2023 08:00,8,2,2,0,1,Chinatown,East Village,21.96571623,74,1,Standard,Sedan,Clear,Very Heavy,4,1,43.13
4548,20-10-2023 00:00,0,4,10,0,0,Brooklyn,Downtown,7.807082827,28,2,LyftPlus,Hatchback,Rainy,High,4.1,2,30.49
4549,10-04-2023 05:00,5,0,4,0,0,Tribeca,Midtown,9.878022258,35,3,UberXL,Hatchback,Clear,Very Heavy,4.4,1.5,30.83
4550,31-05-2023 18:00,18,2,5,0,1,Queens,Downtown,22.41744971,71,1,Lyft,Sedan,Clear,High,3.7,1.5,49.77
4551,05-07-2023 03:00,3,2,7,0,0,Downtown,Upper East,10.19514005,35,1,UberXL,Sedan,Rainy,Medium,4.6,1.5,26.67
4552,12-01-2023 08:00,8,3,1,0,1,Queens,Midtown,11.62167755,39,1,Lyft,Sedan,Cloudy,High,4,1,27.8
4553,15-03-2023 21:00,21,2,3,0,0,Downtown,Tribeca,3.063334324,14,1,UberX,Hatchback,Rainy,Medium,4.5,1.5,16.27
4554,17-04-2023 03:00,3,0,4,0,0,Upper East,Tribeca,3.013268127,9,2,UberXL,Hatchback,Cloudy,Low,4.9,1,7.49
4555,12-05-2023 20:00,20,4,5,0,1,Upper East,Queens,19.67474278,63,1,UberX,SUV,Clear,Low,4.8,1,37.43
4556,19-07-2023 04:00,4,2,7,0,0,Chinatown,Downtown,20.67927658,72,1,UberX,Sedan,Cloudy,Medium,4.6,1,39.28
4557,09-02-2023 10:00,10,3,2,0,1,Financial District,Financial District,21.33620426,63,1,Lyft,Sedan,Clear,Low,3.8,1,38.27
4558,22-01-2023 02:00,2,6,1,1,0,East Village,East Village,22.46988767,71,1,LyftPlus,Sedan,Snowy,Low,4.6,1,39.11
4559,07-10-2023 23:00,23,5,10,1,0,Queens,Upper East,6.661898535,23,1,UberX,Van,Clear,Medium,4.5,1,13.42
4560,18-12-2023 11:00,11,0,12,0,0,Financial District,Midtown,8.855017131,32,1,UberX,Hatchback,Cloudy,Very Heavy,4.7,1,22.57
4561,29-12-2023 09:00,9,4,12,0,1,Queens,East Village,22.82922316,75,2,UberXL,Sedan,Rainy,Medium,4.8,1,45.49
4562,23-09-2023 00:00,0,5,9,1,0,Brooklyn,Downtown,6.52603582,25,1,Lyft,Sedan,Clear,Medium,4,1,15.17
4563,16-11-2023 01:00,1,3,11,0,0,Upper West,Financial District,7.111838833,20,1,UberX,Hatchback,Rainy,Low,4.5,1,17.73
4564,30-05-2023 14:00,14,1,5,0,0,Queens,Downtown,17.6551014,51,1,UberX,Sedan,Cloudy,Low,3.9,1.5,35.39
4565,19-02-2023 16:00,16,6,2,1,0,Brooklyn,Lower East Side,15.22506831,42,1,UberXL,SUV,Cloudy,High,4,1,29.18
4566,03-03-2023 00:00,0,4,3,0,0,Soho,Upper West,5.476864288,21,1,LyftPlus,Sedan,Clear,High,4.3,1,15.13
4567,17-01-2023 06:00,6,1,1,0,0,Upper East,Upper West,10.59487619,31,1,UberX,Sedan,Clear,Medium,4.2,1,17.96
4568,22-08-2023 23:00,23,1,8,0,0,Financial District,Upper East,13.38700106,38,2,UberX,Sedan,Clear,Medium,4.4,1,24.84
4569,12-09-2023 10:00,10,1,9,0,1,Lower East Side,Midtown,23.89006981,73,1,Lyft,Sedan,Clear,High,4.6,1,45.46
4570,17-04-2023 16:00,16,0,4,0,0,Upper West,Midtown,19.4611341,61,2,UberX,Sedan,Clear,Low,4.4,1,29.54
4571,02-09-2023 11:00,11,5,9,1,0,Tribeca,Soho,17.3956804,56,1,UberX,Sedan,Rainy,Medium,5,1,30.86
4572,20-02-2023 11:00,11,0,2,0,0,Upper East,Upper East,15.82913239,52,1,UberXL,Sedan,Clear,High,4.6,1,29.94
4573,06-03-2023 03:00,3,0,3,0,0,Financial District,Upper East,9.888885276,34,1,Standard,Sedan,Rainy,High,5,1,21.24
4574,27-01-2023 19:00,19,4,1,0,1,Chinatown,Financial District,6.657035227,27,1,UberX,Sedan,Clear,Low,4.6,1,14.67
4575,29-12-2023 05:00,5,4,12,0,0,Upper West,Upper West,12.16944416,40,1,UberXL,Sedan,Clear,Low,4.3,2,28.75
4576,23-02-2023 11:00,11,3,2,0,0,Tribeca,Midtown,4.468225772,20,1,UberX,SUV,Clear,High,4.1,1,14.31
4577,17-11-2023 00:00,0,4,11,0,0,Midtown,Chinatown,8.804836504,30,1,LyftPlus,Van,Rainy,Medium,4.6,2.5,36.75
4578,03-11-2023 01:00,1,4,11,0,0,Brooklyn,Downtown,9.058928064,30,1,UberX,Sedan,Rainy,High,4.5,2.5,34.76
4579,02-07-2023 18:00,18,6,7,1,1,Midtown,Upper East,11.00264898,36,1,Lyft,Sedan,Clear,Low,4.5,1.5,27.28
4580,08-02-2023 07:00,7,2,2,0,1,Lower East Side,Queens,11.79549645,40,4,LyftPlus,Sedan,Clear,Low,4.6,1.5,29.29
4581,08-04-2023 11:00,11,5,4,1,0,Brooklyn,Lower East Side,5.146301652,22,3,Standard,Hatchback,Clear,Medium,4.8,1,14.21
4582,05-09-2023 02:00,2,1,9,0,0,Downtown,Brooklyn,8.498136227,32,1,Lyft,Sedan,Cloudy,Very Heavy,3.8,1,23.76
4583,14-08-2023 02:00,2,0,8,0,0,East Village,Midtown,15.90989434,54,1,UberX,Sedan,Rainy,High,4.3,2.5,45.7
4584,24-08-2023 23:00,23,3,8,0,0,Upper West,Tribeca,15.60070373,52,1,UberXL,Van,Rainy,High,4.4,1,33.79
4585,08-08-2023 19:00,19,1,8,0,1,Midtown,Midtown,3.614599918,12,1,UberX,Sedan,Clear,Medium,3.9,1,15.21
4586,22-01-2023 03:00,3,6,1,1,0,East Village,Queens,24.53606567,86,2,Lyft,Van,Clear,High,5,1,40.91
4587,01-03-2023 20:00,20,2,3,0,1,Upper West,Midtown,5.557880191,17,1,Lyft,Hatchback,Clear,High,4.7,1.5,23.17
4588,31-12-2023 14:00,14,6,12,1,0,Financial District,Queens,21.8916013,71,1,LyftPlus,SUV,Clear,Medium,4,1,36.75
4589,03-11-2023 10:00,10,4,11,0,1,Chinatown,Brooklyn,2.82790226,22,4,UberXL,SUV,Clear,Very Heavy,4,1,16.9
4590,08-07-2023 04:00,4,5,7,1,0,Downtown,Soho,22.64124214,75,2,Lyft,Sedan,Clear,High,4.6,1.5,44.69
4591,31-05-2023 22:00,22,2,5,0,0,Financial District,Financial District,3.159560968,12,2,Standard,Hatchback,Clear,Very Heavy,3.5,1,12.86
4592,03-07-2023 07:00,7,0,7,0,1,Brooklyn,Chinatown,19.34798246,66,3,Standard,Sedan,Clear,High,4.2,1,37.65
4593,29-07-2023 21:00,21,5,7,1,0,Chinatown,Lower East Side,12.74606434,43,2,Lyft,SUV,Clear,High,4,1,24.88
4594,04-12-2023 23:00,23,0,12,0,0,Lower East Side,Brooklyn,17.65424196,55,1,Lyft,Sedan,Clear,Very Heavy,4.8,1,35.41
4595,04-06-2023 19:00,19,6,6,1,1,East Village,East Village,10.27242572,36,1,UberXL,Sedan,Rainy,Medium,4.7,1,24.99
4596,23-11-2023 13:00,13,3,11,0,0,Upper West,Soho,5.341492444,19,1,UberX,SUV,Rainy,High,4,1,17.48
4597,24-02-2023 05:00,5,4,2,0,0,Queens,Financial District,18.66541169,60,1,UberX,SUV,Clear,Low,4.8,1.5,35.75
4598,04-11-2023 02:00,2,5,11,1,0,Chinatown,Upper West,2.564028658,12,2,UberXL,Sedan,Cloudy,High,4.9,1.5,15.7
4599,05-08-2023 01:00,1,5,8,1,0,East Village,Queens,24.30091658,80,1,UberX,SUV,Cloudy,High,4.3,1,44.07
4600,31-03-2023 19:00,19,4,3,0,1,Soho,Upper East,5.381498184,23,1,Lyft,Hatchback,Clear,High,3.7,2,25.71
4601,25-09-2023 03:00,3,0,9,0,0,Tribeca,East Village,12.23712033,39,1,Lyft,SUV,Clear,High,4.7,1,23.97
4602,23-09-2023 05:00,5,5,9,1,0,Midtown,Brooklyn,17.11142926,57,1,UberXL,SUV,Cloudy,Medium,4,1,32.75
4603,29-01-2023 20:00,20,6,1,1,1,Upper West,Midtown,10.43264599,35,3,UberX,Hatchback,Cloudy,Medium,4.3,1.5,29.78
4604,03-03-2023 14:00,14,4,3,0,0,Upper East,Brooklyn,7.079227029,28,1,UberX,Hatchback,Clear,Low,3.6,1,16.26
4605,24-09-2023 12:00,12,6,9,1,0,Upper East,Lower East Side,21.613914,66,1,UberX,SUV,Clear,Low,4.3,1.5,37.18
4606,19-12-2023 00:00,0,1,12,0,0,Tribeca,Financial District,19.82473642,64,1,UberX,Van,Cloudy,Medium,4.1,1,37.59
4607,19-01-2023 09:00,9,3,1,0,1,Chinatown,East Village,24.13114735,71,1,Standard,Sedan,Clear,Medium,4.5,1,44.53
4608,21-04-2023 06:00,6,4,4,0,0,Brooklyn,Downtown,8.721767256,33,2,UberX,Sedan,Cloudy,Low,3.6,1,19.4
4609,06-08-2023 01:00,1,6,8,1,0,Lower East Side,Financial District,12.59805361,48,1,UberX,SUV,Clear,Low,4.4,1,19.97
4610,30-09-2023 05:00,5,5,9,1,0,East Village,Soho,13.51155741,50,4,UberX,Sedan,Cloudy,Medium,4.7,1,26.29
4611,14-07-2023 21:00,21,4,7,0,0,East Village,Lower East Side,10.97863161,40,5,Lyft,Hatchback,Clear,High,3.5,1,24.78
4612,28-10-2023 11:00,11,5,10,1,0,Lower East Side,Brooklyn,8.43660086,32,6,Lyft,Sedan,Clear,Medium,4.6,1,20.3
4613,21-04-2023 05:00,5,4,4,0,0,Upper East,Brooklyn,20.0607208,71,1,UberX,SUV,Snowy,Low,3.7,1.5,44.6
4614,09-12-2023 02:00,2,5,12,1,0,East Village,East Village,11.68822454,38,4,Standard,SUV,Clear,High,4.5,1.5,30.79
4615,27-11-2023 13:00,13,0,11,0,0,Tribeca,Queens,14.59770393,48,1,LyftPlus,Sedan,Clear,Medium,4.2,1,28.75
4616,17-08-2023 04:00,4,3,8,0,0,East Village,East Village,11.49019182,43,3,UberX,Hatchback,Cloudy,High,4.3,1,27.37
4617,27-11-2023 08:00,8,0,11,0,1,Brooklyn,Upper East,18.81992764,61,3,UberXL,Hatchback,Clear,Low,4,1,35.96
4618,28-03-2023 16:00,16,1,3,0,0,Midtown,Brooklyn,24.05822177,74,3,UberXL,Van,Clear,Very Heavy,3.9,1.5,50.67
4619,11-09-2023 17:00,17,0,9,0,1,Soho,Queens,18.28040186,55,2,UberX,Sedan,Clear,Low,3.6,1,35.68
4620,05-11-2023 04:00,4,6,11,1,0,Midtown,Queens,13.7150882,43,1,LyftPlus,SUV,Rainy,High,4.8,1,26.5
4621,21-11-2023 21:00,21,1,11,0,0,Soho,East Village,13.26695609,50,1,UberX,Hatchback,Rainy,Medium,4.4,1.5,32.84
4622,05-02-2023 21:00,21,6,2,1,0,Queens,Upper West,19.74507462,63,1,UberXL,Sedan,Cloudy,Low,5,1,35.61
4623,14-12-2023 18:00,18,3,12,0,1,Lower East Side,Financial District,18.47766521,58,2,UberXL,Sedan,Clear,Low,4.8,1,33.73
4624,26-05-2023 14:00,14,4,5,0,0,Midtown,Soho,4.63647828,18,1,UberXL,Sedan,Clear,Medium,4.8,1,12.63
4625,07-02-2023 16:00,16,1,2,0,0,Tribeca,Upper West,5.644839445,22,1,LyftPlus,Van,Clear,High,4.4,1.5,21.49
4626,22-02-2023 21:00,21,2,2,0,0,Downtown,Brooklyn,7.927317247,23,1,UberX,Sedan,Cloudy,Low,3.6,1,15.71
4627,17-01-2023 20:00,20,1,1,0,1,Queens,Brooklyn,4.761270249,16,1,UberX,Hatchback,Rainy,High,4.9,2,31.89
4628,19-02-2023 08:00,8,6,2,1,1,Soho,Chinatown,12.18488225,37,4,Lyft,Sedan,Cloudy,High,3.7,1,27.3
4629,13-03-2023 21:00,21,0,3,0,0,Lower East Side,Brooklyn,20.71050164,71,1,UberX,Sedan,Snowy,Medium,4.3,2,46.28
4630,19-12-2023 14:00,14,1,12,0,0,Soho,Lower East Side,7.239592554,26,2,UberX,Van,Clear,Low,4.8,1,15.68
4631,31-08-2023 03:00,3,3,8,0,0,Queens,Tribeca,10.82395235,36,1,UberXL,SUV,Clear,Very Heavy,4.2,1,23.37
4632,22-08-2023 14:00,14,1,8,0,0,Soho,Midtown,23.94007601,76,2,UberX,SUV,Rainy,Medium,3.7,1.5,48.98
4633,14-06-2023 20:00,20,2,6,0,1,Lower East Side,Downtown,21.45829213,66,1,UberX,Sedan,Clear,Low,4.1,1,38.2
4634,08-01-2023 03:00,3,6,1,1,0,Upper West,Chinatown,16.70714008,56,1,UberX,Sedan,Clear,High,5,1,31.88
4635,19-12-2023 17:00,17,1,12,0,1,Downtown,Tribeca,10.29914792,41,3,UberX,Hatchback,Cloudy,Low,5,2,30.12
4636,07-04-2023 02:00,2,4,4,0,0,Tribeca,Downtown,5.713423202,20,1,Lyft,Sedan,Clear,Medium,4.6,1,12.29
4637,18-01-2023 13:00,13,2,1,0,0,Upper West,Queens,5.047044723,22,1,UberX,SUV,Clear,Low,4.8,1.5,17.52
4638,19-08-2023 20:00,20,5,8,1,1,Soho,Brooklyn,6.210922587,23,1,Standard,Sedan,Clear,Very Heavy,3.6,1,18.84
4639,14-07-2023 19:00,19,4,7,0,1,Midtown,Upper East,9.625323848,31,1,UberX,Hatchback,Rainy,Medium,3.9,1,23.44
4640,09-10-2023 04:00,4,0,10,0,0,Upper West,Lower East Side,16.97438635,58,1,Lyft,Hatchback,Clear,Very Heavy,4.1,1,32.66
4641,12-09-2023 07:00,7,1,9,0,1,Midtown,Soho,4.033340258,12,1,LyftPlus,Hatchback,Rainy,Medium,3.5,1.5,21.13
4642,03-03-2023 09:00,9,4,3,0,1,Queens,Lower East Side,4.902120737,15,1,UberX,Sedan,Clear,Medium,4.1,1,13.76
4643,16-05-2023 03:00,3,1,5,0,0,East Village,East Village,8.583126322,36,1,Lyft,SUV,Cloudy,Very Heavy,3.6,1,24.1
4644,01-04-2023 21:00,21,5,4,1,0,Financial District,Lower East Side,17.50813635,56,1,LyftPlus,Sedan,Clear,Medium,4.3,1,30.01
4645,10-05-2023 00:00,0,2,5,0,0,Chinatown,Soho,17.94117793,62,1,UberX,Sedan,Cloudy,Medium,3.5,1,30.59
4646,04-10-2023 22:00,22,2,10,0,0,Lower East Side,Upper East,15.99821041,52,4,Standard,Sedan,Clear,Low,3.9,1,27.31
4647,03-09-2023 02:00,2,6,9,1,0,Soho,East Village,10.15450761,27,1,UberX,Van,Snowy,Very Heavy,4.8,1,27.62
4648,07-09-2023 06:00,6,3,9,0,0,Financial District,Queens,10.65311204,38,3,UberX,Van,Cloudy,Low,3.8,1,19.33
4649,30-08-2023 14:00,14,2,8,0,0,Downtown,Upper East,9.811365336,35,1,Lyft,SUV,Clear,High,3.6,1,19.44
4650,17-12-2023 15:00,15,6,12,1,0,Midtown,Lower East Side,4.928003569,17,1,UberX,SUV,Clear,Medium,3.9,2,23.65
4651,17-12-2023 11:00,11,6,12,1,0,Upper West,Brooklyn,7.796448787,31,1,Lyft,Sedan,Clear,Low,4.7,1.5,22.61
4652,19-12-2023 08:00,8,1,12,0,1,Financial District,Upper East,21.18246841,71,1,LyftPlus,Sedan,Rainy,Low,4.4,1,42.36
4653,08-07-2023 12:00,12,5,7,1,0,Brooklyn,Lower East Side,24.71665574,76,1,Standard,Hatchback,Clear,Very Heavy,4.4,1,44.75
4654,01-10-2023 07:00,7,6,10,1,1,Soho,Brooklyn,18.03958633,62,1,UberXL,SUV,Clear,High,3.5,1,31.26
4655,14-11-2023 12:00,12,1,11,0,0,Financial District,Upper East,22.48959435,73,2,Standard,SUV,Rainy,High,4.2,1,42.42
4656,26-04-2023 14:00,14,2,4,0,0,Upper West,Chinatown,16.22665311,53,1,UberXL,Hatchback,Rainy,Medium,3.9,1.5,38.29
4657,25-08-2023 09:00,9,4,8,0,1,Upper West,Upper East,3.594374736,13,3,UberX,Van,Clear,Low,4,1,10.38
4658,11-05-2023 04:00,4,3,5,0,0,Downtown,Upper West,25.71332174,79,5,UberXL,Sedan,Clear,High,4.4,1,46.09
4659,28-12-2023 07:00,7,3,12,0,1,Upper East,Soho,4.101260212,21,1,Lyft,Sedan,Clear,Medium,4.8,1,13.3
4660,26-02-2023 09:00,9,6,2,1,1,Tribeca,Downtown,20.35339742,67,1,UberXL,Van,Clear,High,3.8,2.5,56
4661,10-06-2023 14:00,14,5,6,1,0,Brooklyn,Lower East Side,7.263250526,29,1,Lyft,SUV,Clear,Medium,4.7,1.5,19.17
4662,05-12-2023 22:00,22,1,12,0,0,Financial District,Tribeca,11.05287703,36,1,UberXL,Hatchback,Cloudy,Very Heavy,3.6,1,26.98
4663,08-02-2023 12:00,12,2,2,0,0,Tribeca,Upper West,18.34463236,61,1,UberXL,Sedan,Clear,Low,4,2.5,47.17
4664,01-04-2023 10:00,10,5,4,1,1,Brooklyn,Downtown,8.967531853,30,2,Standard,Sedan,Clear,Low,3.8,1,19.25
4665,18-08-2023 10:00,10,4,8,0,1,Upper East,Upper West,13.4827092,47,5,UberXL,Sedan,Clear,Very Heavy,4.9,1.5,38.02
4666,10-04-2023 19:00,19,0,4,0,1,Financial District,Midtown,7.826577737,24,2,UberX,Sedan,Snowy,Medium,3.8,1,23.94
4667,09-12-2023 12:00,12,5,12,1,0,Brooklyn,East Village,9.862155697,30,1,Lyft,Hatchback,Clear,Medium,4.4,1.5,27.17
4668,09-12-2023 18:00,18,5,12,1,1,Tribeca,Chinatown,9.657638999,30,1,UberX,SUV,Snowy,High,3.7,1,28.5
4669,18-08-2023 19:00,19,4,8,0,1,Midtown,Brooklyn,23.78493288,76,1,LyftPlus,Van,Clear,Medium,4.2,1,40.96
4670,22-04-2023 06:00,6,5,4,1,0,Upper West,Tribeca,20.95223267,61,1,UberX,Sedan,Clear,Low,4.1,1,35.69
4671,21-05-2023 05:00,5,6,5,1,0,East Village,Upper West,12.2268001,43,1,UberX,Sedan,Rainy,High,3.6,1,27.07
4672,25-01-2023 12:00,12,2,1,0,0,Queens,Upper West,5.6478724,23,1,UberX,Sedan,Clear,Low,4.7,1,12.26
4673,11-05-2023 18:00,18,3,5,0,1,Soho,Queens,22.01157403,65,3,UberX,Sedan,Rainy,Low,4.7,1.5,46.33
4674,05-10-2023 15:00,15,3,10,0,0,Lower East Side,Upper East,6.277848182,22,2,Lyft,SUV,Cloudy,Low,3.9,1,14.3
4675,20-06-2023 06:00,6,1,6,0,0,Lower East Side,Midtown,8.378255724,35,1,UberX,Sedan,Clear,Medium,4.4,1,17.44
4676,22-12-2023 11:00,11,4,12,0,0,East Village,Tribeca,10.74315114,35,4,LyftPlus,Sedan,Rainy,Low,4,1,22.27
4677,27-06-2023 22:00,22,1,6,0,0,Financial District,Tribeca,22.91045616,70,1,UberXL,Hatchback,Rainy,High,4.7,1,42.97
4678,08-09-2023 19:00,19,4,9,0,1,Financial District,East Village,8.225495769,28,1,UberX,Sedan,Cloudy,Medium,4.5,1.5,26.06
4679,24-01-2023 04:00,4,1,1,0,0,Brooklyn,Tribeca,4.545865776,22,2,Lyft,Sedan,Clear,Medium,3.6,1.5,17.33
4680,01-12-2023 06:00,6,4,12,0,0,Upper West,Financial District,13.08952671,40,6,Lyft,SUV,Clear,High,4.8,1.5,32.55
4681,16-08-2023 04:00,4,2,8,0,0,Upper East,Tribeca,8.180293467,31,1,Lyft,SUV,Clear,High,3.8,1.5,24.28
4682,29-05-2023 15:00,15,0,5,0,0,Downtown,Upper West,17.61619399,59,1,Lyft,Van,Snowy,Medium,3.8,1.5,40.18
4683,12-06-2023 11:00,11,0,6,0,0,Chinatown,Financial District,12.91793115,43,2,UberX,SUV,Clear,Low,4.6,1,22.13
4684,27-09-2023 21:00,21,2,9,0,0,Brooklyn,Lower East Side,13.4565779,44,1,Lyft,Van,,Low,3.8,1,23.27
4685,09-11-2023 12:00,12,3,11,0,0,Lower East Side,Downtown,2.819579913,16,1,UberX,Sedan,Clear,High,3.7,1.5,14.28
4686,12-02-2023 08:00,8,6,2,1,1,Downtown,Upper East,10.37445881,32,1,UberXL,Sedan,Rainy,Low,4,1,23.65
4687,27-09-2023 14:00,14,2,9,0,0,Queens,Financial District,5.742283036,23,3,Standard,Hatchback,Clear,Low,4.8,2.5,27.31
4688,27-03-2023 22:00,22,0,3,0,0,Tribeca,Downtown,22.45233849,67,1,UberX,Hatchback,Clear,Medium,3.8,2,50.94
4689,30-06-2023 01:00,1,4,6,0,0,Brooklyn,Midtown,23.14818108,77,3,Lyft,SUV,Rainy,Low,4,1,42.1
4690,26-05-2023 16:00,16,4,5,0,0,Chinatown,Soho,7.743326387,30,1,UberX,SUV,Clear,Very Heavy,3.9,1,20.8
4691,17-03-2023 13:00,13,4,3,0,0,Queens,Lower East Side,7.075950278,24,1,UberX,Sedan,Clear,High,4,1,17.45
4692,18-09-2023 16:00,16,0,9,0,0,Soho,Brooklyn,5.84679524,21,4,UberXL,Sedan,Clear,Medium,4.6,1.5,21.39
4693,07-04-2023 09:00,9,4,4,0,1,Brooklyn,Upper West,17.88823635,60,1,Lyft,Sedan,Clear,High,4.1,1.5,37.95
4694,21-02-2023 07:00,7,1,2,0,1,Lower East Side,Financial District,19.50026361,59,1,UberXL,Sedan,Clear,Medium,4.6,1,36.02
4695,31-08-2023 23:00,23,3,8,0,0,Upper West,Soho,10.92453644,36,1,UberX,Hatchback,Clear,High,4.5,1.5,27.27
4696,05-05-2023 23:00,23,4,5,0,0,Upper West,Upper East,18.18494528,59,2,LyftPlus,Sedan,Clear,Medium,4,1,34.59
4697,24-05-2023 08:00,8,2,5,0,1,Financial District,Queens,18.26837869,54,1,UberX,Sedan,Rainy,Low,4.1,1,33.04
4698,19-06-2023 00:00,0,0,6,0,0,Soho,Chinatown,23.79883508,79,1,UberX,Van,Clear,Very Heavy,4.6,1,43.83
4699,13-01-2023 17:00,17,4,1,0,1,Lower East Side,Lower East Side,3.832590324,22,1,LyftPlus,Sedan,Clear,High,4.3,1,16.13
4700,12-03-2023 09:00,9,6,3,1,1,Financial District,Midtown,7.060738083,33,1,Standard,Sedan,Clear,Very Heavy,4.8,1,20.15
4701,13-06-2023 05:00,5,1,6,0,0,Downtown,Brooklyn,10.14354876,29,1,UberXL,SUV,Clear,High,4.9,1,21.22
4702,23-10-2023 00:00,0,0,10,0,0,East Village,Upper East,4.818512173,22,2,LyftPlus,Hatchback,Cloudy,Medium,4.6,1,13.45
4703,25-12-2023 19:00,19,0,12,0,1,Upper East,Chinatown,21.6659938,68,1,UberX,Sedan,Clear,Low,5,2,47.29
4704,03-05-2023 08:00,8,2,5,0,1,Soho,Midtown,19.3366658,62,1,UberX,Hatchback,Clear,Low,4.4,1,35.02
4705,10-06-2023 22:00,22,5,6,1,0,Tribeca,Queens,15.54231884,48,1,LyftPlus,Sedan,Cloudy,Low,3.6,1,29.29
4706,24-08-2023 09:00,9,3,8,0,1,Lower East Side,Downtown,5.585953996,23,3,Standard,SUV,Rainy,Low,4.3,1,17.32
4707,16-05-2023 21:00,21,1,5,0,0,Upper East,Queens,9.149577213,24,1,UberX,Sedan,Rainy,Medium,3.8,1.5,25.9
4708,17-03-2023 19:00,19,4,3,0,1,Upper East,Financial District,9.495873997,29,1,UberX,Sedan,Rainy,High,4,1.5,31.04
4709,25-02-2023 22:00,22,5,2,1,0,Lower East Side,Lower East Side,15.76191636,45,2,UberX,SUV,Clear,Medium,4.2,1.5,36.44
4710,20-08-2023 16:00,16,6,8,1,0,Lower East Side,Brooklyn,9.071255215,30,1,UberX,Hatchback,Snowy,Medium,3.9,1,20.79
4711,03-04-2023 18:00,18,0,4,0,1,Midtown,Tribeca,5.310400496,19,1,Lyft,SUV,Cloudy,Medium,4,1,18.42
4712,14-02-2023 23:00,23,1,2,0,0,Lower East Side,East Village,19.80869689,59,1,UberXL,Hatchback,Clear,High,4.1,1,35.4
4713,25-06-2023 06:00,6,6,6,1,0,Chinatown,Upper West,9.491194399,35,2,UberXL,Sedan,Cloudy,Very Heavy,3.9,1,23.96
4714,19-09-2023 16:00,16,1,9,0,0,Brooklyn,Upper West,12.81363765,44,1,Lyft,SUV,Clear,High,3.8,1,26.42
4715,29-10-2023 11:00,11,6,10,1,0,Tribeca,Downtown,5.809486598,25,2,LyftPlus,Sedan,Rainy,Low,4.6,1,15.1
4716,03-02-2023 21:00,21,4,2,0,0,Soho,Upper East,21.21633315,72,1,UberX,SUV,Clear,Medium,4.1,1,34.42
4717,01-08-2023 01:00,1,1,8,0,0,Financial District,Brooklyn,16.56285672,53,1,Lyft,SUV,Clear,High,4.7,2,39.24
4718,26-03-2023 15:00,15,6,3,1,0,Downtown,Tribeca,22.49801032,73,1,Standard,Sedan,Clear,Medium,4.8,1,37.86
4719,21-12-2023 18:00,18,3,12,0,1,Brooklyn,Downtown,7.836272047,25,4,UberX,Sedan,Clear,Very Heavy,4.6,1,22.07
4720,04-09-2023 07:00,7,0,9,0,1,Lower East Side,East Village,13.08691966,44,1,LyftPlus,Hatchback,Clear,Low,4.1,1,25.95
4721,21-04-2023 13:00,13,4,4,0,0,Midtown,Financial District,22.21611026,71,1,Lyft,Sedan,,Medium,4.6,1.5,44.91
4722,20-05-2023 04:00,4,5,5,1,0,Downtown,Financial District,21.38326703,73,1,UberX,Sedan,Rainy,Low,3.7,1,34.74
4723,25-11-2023 04:00,4,5,11,1,0,Soho,Lower East Side,14.67839785,50,1,UberX,SUV,Cloudy,High,4.5,1,27.13
4724,17-02-2023 13:00,13,4,2,0,0,East Village,Tribeca,22.87988718,75,1,Lyft,Sedan,Clear,Medium,4.1,1,38.55
4725,23-12-2023 14:00,14,5,12,1,0,Upper East,Tribeca,10.56783468,35,1,UberXL,Sedan,Cloudy,Low,4.5,1,18
4726,01-05-2023 17:00,17,0,5,0,1,Chinatown,Tribeca,9.972788829,25,1,UberXL,Sedan,Clear,Medium,4.6,1,21.24
4727,18-06-2023 09:00,9,6,6,1,1,Lower East Side,Queens,4.018198199,17,1,UberX,Sedan,Cloudy,Medium,4.3,1,12.16
4728,26-03-2023 22:00,22,6,3,1,0,Midtown,Chinatown,16.80026105,53,2,Lyft,Van,Clear,Very Heavy,4.5,2,44.26
4729,27-06-2023 22:00,22,1,6,0,0,Downtown,Upper West,18.05247057,55,6,UberX,Van,Cloudy,Medium,3.8,1.5,44.33
4730,15-07-2023 03:00,3,5,7,1,0,Financial District,Soho,19.52554247,65,1,UberX,Sedan,Rainy,Low,4.4,1,33.38
4731,21-01-2023 14:00,14,5,1,1,0,Chinatown,Brooklyn,4.975899727,22,1,UberX,Sedan,Clear,Medium,4.2,1,14.32
4732,24-10-2023 12:00,12,1,10,0,0,Chinatown,Soho,11.81898053,37,1,Lyft,SUV,Clear,Medium,4.1,1,26.71
4733,16-03-2023 08:00,8,3,3,0,1,Midtown,Queens,13.36993672,45,1,UberX,Sedan,Snowy,Medium,4.1,1,29.07
4734,27-05-2023 06:00,6,5,5,1,0,Downtown,Upper East,10.50499196,36,1,UberX,Sedan,Cloudy,Medium,4,1.5,29.57
4735,07-06-2023 18:00,18,2,6,0,1,Midtown,Financial District,9.040545755,35,1,UberX,Sedan,Clear,High,4,1,20.82
4736,08-08-2023 10:00,10,1,8,0,1,Financial District,Upper West,16.82979999,56,4,UberX,Hatchback,Clear,Very Heavy,4.5,2,48.42
4737,15-08-2023 04:00,4,1,8,0,0,Financial District,Tribeca,7.983243322,31,1,UberX,Sedan,Rainy,Low,4.3,1,16.19
4738,06-10-2023 09:00,9,4,10,0,1,Tribeca,East Village,22.16277806,70,1,Lyft,SUV,Snowy,High,3.5,1,42.27
4739,15-10-2023 05:00,5,6,10,1,0,Upper West,East Village,7.572788671,28,1,Lyft,Sedan,Clear,Very Heavy,3.6,2,31.18
4740,14-07-2023 02:00,2,4,7,0,0,Upper East,East Village,12.13316079,44,1,Lyft,SUV,Cloudy,Medium,4.4,1,24.34
4741,23-10-2023 02:00,2,0,10,0,0,Brooklyn,Brooklyn,20.88488286,74,3,UberXL,Sedan,Clear,Low,4.8,1,35.36
4742,14-10-2023 05:00,5,5,10,1,0,Lower East Side,Tribeca,14.6729558,47,1,UberX,Van,Snowy,High,3.6,1,29.28
4743,13-11-2023 23:00,23,0,11,0,0,Brooklyn,Upper West,3.495919711,14,4,Standard,SUV,Rainy,High,4.3,1,17.12
4744,16-11-2023 13:00,13,3,11,0,0,Chinatown,Financial District,12.80395827,41,1,UberX,Sedan,Clear,Low,4.8,1,23.99
4745,17-09-2023 03:00,3,6,9,1,0,Lower East Side,Soho,3.429254007,13,1,Lyft,Sedan,Clear,Medium,3.5,2,17.71
4746,08-07-2023 22:00,22,5,7,1,0,Soho,Tribeca,24.78276747,83,6,Standard,Sedan,Rainy,Medium,3.9,2,57.11
4747,07-09-2023 03:00,3,3,9,0,0,Queens,Tribeca,14.8149442,46,1,Lyft,SUV,Clear,Low,4.9,1.5,31.14
4748,24-02-2023 16:00,16,4,2,0,0,Soho,Lower East Side,8.348172786,31,1,UberX,Sedan,Cloudy,High,3.6,1,18.06
4749,04-05-2023 10:00,10,3,5,0,1,Queens,Queens,13.49726443,48,2,UberX,SUV,Rainy,High,4.4,2.5,47.6
4750,03-05-2023 10:00,10,2,5,0,1,Midtown,Upper East,5.045488536,23,1,UberX,Sedan,Clear,High,4.3,1.5,24.71
4751,14-05-2023 05:00,5,6,5,1,0,Queens,East Village,19.05516361,66,1,Lyft,Hatchback,Cloudy,Medium,3.7,1,35.89
4752,09-08-2023 16:00,16,2,8,0,0,Upper West,Downtown,23.29713162,76,1,Lyft,SUV,Clear,Medium,3.6,1,42.82
4753,28-10-2023 04:00,4,5,10,1,0,Upper West,Lower East Side,20.85398301,68,1,Lyft,Hatchback,Cloudy,Medium,4.3,1,38.03
4754,27-08-2023 18:00,18,6,8,1,1,Upper East,Upper West,11.7445463,38,1,UberX,Van,Cloudy,Medium,4.6,1.5,28.16
4755,06-01-2023 06:00,6,4,1,0,0,Downtown,Queens,8.056990796,23,3,LyftPlus,Van,Cloudy,High,3.8,1,21.48
4756,22-08-2023 10:00,10,1,8,0,1,Brooklyn,Upper East,3.488982471,13,1,Lyft,Sedan,Clear,High,4.5,1,11.55
4757,19-02-2023 15:00,15,6,2,1,0,Upper East,Chinatown,17.89021613,59,1,UberX,Hatchback,Clear,High,4.3,2.5,47.44
4758,20-04-2023 23:00,23,3,4,0,0,Upper West,Upper East,15.12679087,53,1,UberX,Sedan,Clear,High,4,1,28.83
4759,26-02-2023 22:00,22,6,2,1,0,Downtown,Midtown,3.75316948,20,1,Lyft,Sedan,Clear,Medium,4.5,1,9.85
4760,26-09-2023 21:00,21,1,9,0,0,Soho,East Village,11.36587484,39,1,UberXL,Hatchback,Clear,Low,3.8,2,29.47
4761,05-10-2023 23:00,23,3,10,0,0,Brooklyn,Midtown,23.74927247,79,1,UberX,Sedan,Cloudy,Very Heavy,4.2,1,43.65
4762,06-10-2023 11:00,11,4,10,0,0,Tribeca,Queens,6.569663678,25,2,UberX,SUV,Clear,Medium,4.3,2,25.02
4763,09-07-2023 03:00,3,6,7,1,0,Brooklyn,Lower East Side,2.140939788,12,1,Lyft,SUV,Clear,Very Heavy,4.2,1.5,18.05
4764,01-05-2023 07:00,7,0,5,0,1,Chinatown,Upper East,5.430759195,20,1,UberX,Sedan,Clear,Medium,4.1,1,15.74
4765,20-06-2023 06:00,6,1,6,0,0,Midtown,Downtown,4.437297834,16,1,UberX,Hatchback,Clear,Low,4.6,1,11.35
4766,05-04-2023 05:00,5,2,4,0,0,East Village,Upper West,7.256789974,25,1,LyftPlus,Sedan,Rainy,High,4.5,1,18.79
4767,24-06-2023 04:00,4,5,6,1,0,Brooklyn,Midtown,2.865603462,11,2,Lyft,SUV,Clear,High,4.5,1,12.5
4768,29-04-2023 09:00,9,5,4,1,1,Upper West,Upper East,13.30310431,42,1,Lyft,Van,Clear,High,4.8,1.5,30.17
4769,09-09-2023 16:00,16,5,9,1,0,Midtown,Upper West,9.114490611,34,1,UberXL,Hatchback,Clear,Low,5,1,14.75
4770,29-05-2023 08:00,8,0,5,0,1,Financial District,Chinatown,7.298933353,30,1,Lyft,Hatchback,Clear,High,4.4,1.5,25.76
4771,18-07-2023 06:00,6,1,7,0,0,Queens,East Village,21.05248589,65,1,Lyft,Sedan,Clear,Medium,4,1,35.69
4772,27-01-2023 02:00,2,4,1,0,0,Soho,Soho,6.10119973,20,5,Standard,SUV,Cloudy,Medium,4.7,1,16.46
4773,28-07-2023 22:00,22,4,7,0,0,Tribeca,Lower East Side,17.78630556,57,1,UberX,SUV,Cloudy,Very Heavy,3.7,2.5,46.82
4774,27-02-2023 07:00,7,0,2,0,1,Soho,Upper West,10.5197747,33,1,UberX,SUV,Clear,High,4.3,1.5,28.56
4775,19-02-2023 05:00,5,6,2,1,0,Financial District,Upper East,14.72477346,46,1,UberX,Sedan,Clear,Low,4.3,2,33.56
4776,26-08-2023 20:00,20,5,8,1,1,Lower East Side,Lower East Side,24.53339799,77,1,Lyft,SUV,Cloudy,Medium,5,1,42.78
4777,21-01-2023 10:00,10,5,1,1,1,East Village,Queens,3.662373867,16,1,UberXL,Sedan,Clear,Medium,5,1.5,17.18
4778,05-06-2023 09:00,9,0,6,0,1,Brooklyn,Midtown,13.36873196,45,3,UberX,Sedan,Clear,High,4.7,1,29.36
4779,06-09-2023 22:00,22,2,9,0,0,Chinatown,Midtown,22.37537573,71,1,UberX,SUV,Clear,Medium,4.2,2,48.1
4780,28-05-2023 06:00,6,6,5,1,0,Upper East,Financial District,14.29533584,46,2,UberX,SUV,Rainy,High,4.3,1,31.65
4781,18-05-2023 08:00,8,3,5,0,1,Midtown,Upper East,6.947156111,27,1,UberX,Van,Snowy,High,4,1,21.26
4782,22-03-2023 20:00,20,2,3,0,1,Tribeca,Financial District,14.33935945,49,2,Standard,SUV,Clear,Low,4.7,1,26.76
4783,28-07-2023 22:00,22,4,7,0,0,Financial District,Chinatown,17.15796567,56,1,Lyft,SUV,Clear,Low,4.6,1,27.14
4784,20-03-2023 10:00,10,0,3,0,1,East Village,Downtown,22.18413635,69,1,UberX,Sedan,Rainy,Medium,4.7,1,43.75
4785,24-07-2023 12:00,12,0,7,0,0,Soho,Downtown,4.44727607,22,4,UberX,Sedan,Snowy,High,3.7,1,16.6
4786,05-05-2023 11:00,11,4,5,0,0,Chinatown,Upper East,4.920848341,15,1,UberX,SUV,Cloudy,Medium,4.1,2,20.71
4787,21-08-2023 17:00,17,0,8,0,1,Chinatown,Midtown,11.03637183,36,1,Lyft,Sedan,Rainy,High,4.3,1,25.08
4788,12-05-2023 15:00,15,4,5,0,0,Financial District,East Village,9.058782805,29,3,UberXL,Hatchback,Cloudy,Medium,3.7,1,20.53
4789,08-07-2023 18:00,18,5,7,1,1,Tribeca,Brooklyn,7.386025039,27,1,Standard,Sedan,,High,4.1,2,29.39
4790,29-01-2023 09:00,9,6,1,1,1,Tribeca,Downtown,9.137220648,30,1,Lyft,Sedan,Clear,Low,3.6,1,19.07
4791,07-08-2023 22:00,22,0,8,0,0,East Village,Midtown,7.818860946,28,2,UberXL,Hatchback,Clear,,4.9,2.5,31.79
4792,14-02-2023 17:00,17,1,2,0,1,Lower East Side,Tribeca,6.251742919,25,5,LyftPlus,Hatchback,Clear,High,4.6,1,18.1
4793,10-04-2023 11:00,11,0,4,0,0,Soho,Tribeca,23.96950904,80,2,Lyft,Sedan,Rainy,High,4.4,1,45.5
4794,23-04-2023 05:00,5,6,4,1,0,Upper West,Financial District,3.93987885,17,1,UberX,Sedan,Cloudy,Medium,3.8,1,11.65
4795,30-06-2023 20:00,20,4,6,0,1,Lower East Side,Upper West,7.286960055,27,1,UberXL,Van,Rainy,Medium,4,2.5,35.54
4796,31-03-2023 20:00,20,4,3,0,1,Lower East Side,Lower East Side,7.45127053,28,2,Lyft,Hatchback,Rainy,Medium,3.7,2,31
4797,28-11-2023 22:00,22,1,11,0,0,Tribeca,East Village,22.41571368,65,1,UberXL,Hatchback,Clear,Low,4.3,1.5,40.85
4798,18-04-2023 12:00,12,1,4,0,0,Midtown,Financial District,19.13783334,62,3,UberX,Sedan,Rainy,High,4.7,1,34.52
4799,30-10-2023 09:00,9,0,10,0,1,Midtown,Tribeca,21.19883962,65,1,UberX,Sedan,Clear,Medium,3.5,2.5,55.27
4800,31-03-2023 23:00,23,4,3,0,0,Queens,East Village,5.591874988,19,1,UberX,Sedan,Rainy,Medium,3.7,2,25.52
4801,10-10-2023 04:00,4,1,10,0,0,Soho,Brooklyn,21.83629191,70,1,UberX,Sedan,Clear,Medium,3.8,1,38.04
4802,09-03-2023 19:00,19,3,3,0,1,Financial District,Upper West,11.533915,42,4,Standard,Sedan,Clear,High,4.6,1,26.96
4803,09-12-2023 11:00,11,5,12,1,0,Midtown,Financial District,9.158404356,27,1,Lyft,Sedan,Clear,Medium,4.8,2.5,31.12
4804,23-10-2023 00:00,0,0,10,0,0,East Village,Tribeca,15.46745222,52,4,Lyft,Van,Clear,Medium,4.6,1,29.74
4805,24-03-2023 17:00,17,4,3,0,1,Chinatown,Chinatown,22.03714752,71,4,Lyft,Sedan,Clear,Medium,4.3,1,41.45
4806,20-12-2023 16:00,16,2,12,0,0,Financial District,Downtown,20.82600687,68,3,Lyft,SUV,Clear,High,3.7,2,48.78
4807,01-04-2023 21:00,21,5,4,1,0,Soho,Downtown,22.73976224,79,3,Standard,Van,Clear,Medium,4.6,1,42.38
4808,06-04-2023 16:00,16,3,4,0,0,East Village,Financial District,22.61761484,77,3,UberX,Sedan,Rainy,Low,3.7,2.5,55.76
4809,26-10-2023 12:00,12,3,10,0,0,Brooklyn,Chinatown,8.511675476,31,2,Lyft,Sedan,Rainy,Very Heavy,4,1,23.08
4810,19-04-2023 05:00,5,2,4,0,0,Downtown,Brooklyn,8.242452703,31,1,UberX,Sedan,Cloudy,Medium,4,1,17.64
4811,07-02-2023 13:00,13,1,2,0,0,Midtown,Brooklyn,12.44420766,42,1,LyftPlus,Hatchback,Rainy,Low,4,1,22.56
4812,10-09-2023 12:00,12,6,9,1,0,Midtown,Upper East,2.845964799,15,1,LyftPlus,SUV,Clear,High,4,1.5,15.98
4813,11-03-2023 21:00,21,5,3,1,0,Queens,Chinatown,21.69053452,70,1,Standard,SUV,Rainy,High,4.7,1,41.09
4814,01-05-2023 01:00,1,0,5,0,0,Upper West,Upper West,6.722957732,26,1,UberX,Hatchback,Clear,Medium,3.8,1,14.19
4815,23-08-2023 06:00,6,2,8,0,0,Queens,Midtown,11.14230533,36,1,UberX,Sedan,Clear,Medium,4.8,1,22.43
4816,02-12-2023 12:00,12,5,12,1,0,Soho,Brooklyn,21.7006756,70,3,UberX,Sedan,Rainy,Low,4.8,1,39.38
4817,27-02-2023 10:00,10,0,2,0,1,Queens,Upper West,10.83338902,41,1,UberXL,SUV,Clear,Medium,4.2,2.5,37.98
4818,22-02-2023 00:00,0,2,2,0,0,Upper West,Brooklyn,11.54042702,41,1,UberXL,Hatchback,Clear,Low,3.7,1,22.2
4819,24-08-2023 10:00,10,3,8,0,1,Upper West,Upper East,2.703642288,13,2,UberX,Sedan,Rainy,Medium,4.4,1,12.78
4820,11-09-2023 07:00,7,0,9,0,1,Tribeca,Soho,10.48985808,27,1,Lyft,Sedan,Rainy,Medium,4.7,1,25.58
4821,21-10-2023 04:00,4,5,10,1,0,Chinatown,Lower East Side,24.57588242,79,1,UberX,SUV,Rainy,Medium,3.9,1,43.18
4822,28-09-2023 07:00,7,3,9,0,1,Tribeca,Brooklyn,4.237638341,17,3,LyftPlus,Sedan,Clear,Medium,4.8,1,16.33
4823,14-02-2023 02:00,2,1,2,0,0,Downtown,Lower East Side,11.66461616,36,1,UberX,Hatchback,Cloudy,Medium,4.5,1.5,26.87
4824,27-03-2023 08:00,8,0,3,0,1,East Village,Chinatown,4.998286497,19,1,UberX,SUV,Rainy,Medium,5,2,25.76
4825,12-09-2023 19:00,19,1,9,0,1,Lower East Side,Upper West,13.35950339,44,1,Lyft,SUV,Cloudy,Low,4.7,1,24.39
4826,27-06-2023 00:00,0,1,6,0,0,Brooklyn,Chinatown,7.661450612,28,1,Lyft,Hatchback,Rainy,Medium,3.8,2.5,34.42
4827,14-04-2023 04:00,4,4,4,0,0,Upper West,Upper East,6.817247662,27,2,UberX,Hatchback,Clear,Low,4.2,1.5,17.42
4828,11-07-2023 19:00,19,1,7,0,1,Brooklyn,Upper East,22.92397729,73,1,LyftPlus,Sedan,Clear,High,3.7,1,42.86
4829,29-05-2023 01:00,1,0,5,0,0,Chinatown,Chinatown,13.94187048,46,5,Lyft,Sedan,Rainy,High,3.6,1,29.54
4830,10-01-2023 04:00,4,1,1,0,0,Midtown,Upper West,6.959617381,24,1,LyftPlus,Sedan,Rainy,High,4.6,2,29.44
4831,20-07-2023 18:00,18,3,7,0,1,Upper East,Upper West,16.90255982,56,1,LyftPlus,Hatchback,Clear,Medium,4.9,2,42.79
4832,27-10-2023 16:00,16,4,10,0,0,Downtown,Downtown,5.92323138,24,3,UberXL,Hatchback,Rainy,Medium,5,1,16.57
4833,12-07-2023 15:00,15,2,7,0,0,Soho,Chinatown,10.02205383,38,4,Standard,SUV,Clear,High,3.9,1.5,27.29
4834,03-11-2023 05:00,5,4,11,0,0,Chinatown,Soho,14.94629926,51,1,LyftPlus,Hatchback,Clear,Medium,3.8,1,28.56
4835,23-08-2023 02:00,2,2,8,0,0,Financial District,Upper East,8.568732639,33,1,Standard,Sedan,Clear,Low,4.3,1,14.79
4836,28-10-2023 09:00,9,5,10,1,1,Brooklyn,Downtown,8.359992639,32,2,LyftPlus,Hatchback,Clear,Very Heavy,3.8,2,32.02
4837,10-07-2023 16:00,16,0,7,0,0,Queens,East Village,18.65492091,61,1,LyftPlus,Sedan,Clear,Low,3.9,2,42.57
4838,19-03-2023 23:00,23,6,3,1,0,Upper West,Financial District,14.2599127,45,1,UberXL,Sedan,Rainy,Medium,4.8,1,28.81
4839,26-11-2023 19:00,19,6,11,1,1,Brooklyn,Financial District,19.08466241,63,2,UberX,Hatchback,Clear,Medium,4.7,1,36.6
4840,02-03-2023 22:00,22,3,3,0,0,Lower East Side,Upper East,23.59825526,80,1,Standard,Sedan,Clear,High,4.8,1.5,49.94
4841,19-08-2023 01:00,1,5,8,1,0,Financial District,Downtown,5.541127112,24,1,Lyft,SUV,Snowy,Very Heavy,4.2,1,19.47
4842,22-12-2023 16:00,16,4,12,0,0,Upper West,Soho,11.59298794,43,1,UberX,Hatchback,Clear,Very Heavy,4.3,1,24.64
4843,10-12-2023 04:00,4,6,12,1,0,Soho,Chinatown,10.51440482,31,3,UberX,SUV,Rainy,Medium,4.7,1,23.21
4844,22-11-2023 13:00,13,2,11,0,0,Lower East Side,Soho,5.668433943,16,1,Lyft,Hatchback,Cloudy,High,3.9,1,12.4
4845,28-03-2023 04:00,4,1,3,0,0,Upper East,East Village,19.9069737,63,2,UberXL,SUV,Clear,Low,4.7,1,34.09
4846,28-08-2023 17:00,17,0,8,0,1,Queens,Upper East,20.37207871,67,1,UberX,Hatchback,Rainy,Medium,3.5,1,41.93
4847,29-10-2023 13:00,13,6,10,1,0,Brooklyn,Brooklyn,13.18253657,43,1,UberX,SUV,Snowy,High,4.7,1,28.4
4848,20-10-2023 08:00,8,4,10,0,1,Tribeca,East Village,15.58415131,51,1,Lyft,SUV,Cloudy,Medium,4.7,2,42.49
4849,15-09-2023 23:00,23,4,9,0,0,Downtown,Downtown,4.254184809,13,1,UberX,SUV,Clear,Low,4,2.5,23.43
4850,05-03-2023 02:00,2,6,3,1,0,Brooklyn,Brooklyn,16.68126766,53,1,UberXL,Van,Clear,Low,4.6,1,27.06
4851,19-04-2023 06:00,6,2,4,0,0,Brooklyn,Lower East Side,19.67249765,61,1,Lyft,Sedan,Clear,Medium,3.8,1,33.44
4852,11-02-2023 17:00,17,5,2,1,1,Financial District,Chinatown,17.06296973,53,2,Lyft,SUV,Cloudy,Low,4.4,1,29.7
4853,13-02-2023 01:00,1,0,2,0,0,Financial District,Financial District,9.820216583,32,2,UberX,Sedan,Cloudy,Medium,4.6,1,22.62
4854,15-10-2023 11:00,11,6,10,1,0,Lower East Side,Queens,17.24566535,53,1,UberX,Sedan,Cloudy,Medium,4.6,1,31.84
4855,19-12-2023 17:00,17,1,12,0,1,Downtown,Financial District,10.07441266,28,2,Lyft,Van,Clear,Medium,5,1,23.04
4856,30-07-2023 11:00,11,6,7,1,0,Brooklyn,Lower East Side,16.91490031,59,1,Lyft,Sedan,Clear,Low,3.8,2,37.89
4857,06-07-2023 12:00,12,3,7,0,0,East Village,Chinatown,12.82380937,43,1,UberX,SUV,Clear,High,4.2,2.5,41.83
4858,20-01-2023 22:00,22,4,1,0,0,Soho,Upper East,11.69223282,38,1,UberX,Sedan,Clear,High,4.8,1.5,27.88
4859,22-01-2023 11:00,11,6,1,1,0,Financial District,Upper West,19.16067243,62,1,LyftPlus,Hatchback,Rainy,Medium,4.3,1,34.9
4860,19-02-2023 15:00,15,6,2,1,0,Financial District,Financial District,22.45527891,73,1,Standard,Hatchback,Clear,Medium,4.8,1.5,44.89
4861,20-09-2023 09:00,9,2,9,0,1,Lower East Side,Tribeca,3.896018846,17,1,UberXL,Sedan,Clear,Medium,4.2,1,11.47
4862,12-01-2023 07:00,7,3,1,0,1,Chinatown,Lower East Side,22.60899272,70,1,UberX,SUV,Cloudy,High,4.7,1,41.07
4863,14-12-2023 06:00,6,3,12,0,0,East Village,Financial District,16.18639822,56,1,UberX,Sedan,Clear,Very Heavy,4.8,1,30.2
4864,21-11-2023 02:00,2,1,11,0,0,Upper West,Financial District,17.59158281,55,4,UberX,Sedan,Cloudy,Low,4.8,1.5,36.27
4865,08-09-2023 08:00,8,4,9,0,1,Chinatown,Financial District,21.67980707,69,2,UberX,Hatchback,Clear,Low,4.8,1,41.21
4866,29-11-2023 19:00,19,2,11,0,1,Brooklyn,Chinatown,11.83810433,45,1,UberXL,Sedan,Cloudy,High,3.8,1,26.47
4867,19-05-2023 20:00,20,4,5,0,1,Downtown,Financial District,22.41554272,78,4,Lyft,Hatchback,Clear,Low,4.2,2.5,53.57
4868,02-02-2023 19:00,19,3,2,0,1,Financial District,Brooklyn,8.795746907,34,1,UberX,Sedan,Clear,Very Heavy,3.8,1,22.36
4869,17-09-2023 06:00,6,6,9,1,0,Downtown,Lower East Side,8.509827695,28,2,LyftPlus,Sedan,Rainy,High,3.8,1,21.17
4870,26-01-2023 22:00,22,3,1,0,0,Downtown,Brooklyn,9.134721035,31,1,Lyft,Sedan,Cloudy,Medium,4.2,1,19.17
4871,10-06-2023 01:00,1,5,6,1,0,Soho,Financial District,17.09322804,53,1,Lyft,Sedan,Clear,Medium,4.9,1,30.73
4872,03-06-2023 04:00,4,5,6,1,0,Tribeca,Midtown,22.14486556,70,1,Standard,SUV,Rainy,High,4.4,1,38.38
4873,18-04-2023 04:00,4,1,4,0,0,Financial District,Midtown,22.31047146,73,1,Lyft,Sedan,Snowy,Low,4.8,1,37.73
4874,16-10-2023 03:00,3,0,10,0,0,Chinatown,Brooklyn,15.9491394,47,1,Standard,Van,Clear,High,4.9,1,28.02
4875,29-07-2023 17:00,17,5,7,1,1,Queens,Queens,14.26528233,44,1,UberX,Van,Cloudy,Low,3.6,1,29.13
4876,21-11-2023 12:00,12,1,11,0,0,Upper West,Upper West,11.19940941,38,1,UberX,SUV,Clear,Very Heavy,3.7,1,23.43
4877,06-08-2023 06:00,6,6,8,1,0,Downtown,East Village,23.69302512,75,1,UberXL,SUV,Clear,,3.9,1,39.51
4878,16-07-2023 08:00,8,6,7,1,1,Financial District,Tribeca,7.752318176,26,2,UberXL,Van,Clear,High,4.4,1,21.13
4879,03-01-2023 18:00,18,1,1,0,1,Lower East Side,Tribeca,18.11909104,55,1,UberX,Hatchback,Clear,Low,3.6,2,42.12
4880,10-11-2023 21:00,21,4,11,0,0,Upper West,Financial District,15.52181751,49,2,Lyft,Sedan,Clear,Medium,4.7,1.5,29.79
4881,12-07-2023 08:00,8,2,7,0,1,Queens,Queens,14.66906764,47,1,UberX,Hatchback,Clear,Medium,3.6,1,30.96
4882,17-02-2023 12:00,12,4,2,0,0,Financial District,Midtown,11.18457994,34,1,Lyft,Sedan,Clear,Low,3.7,1,22.39
4883,27-08-2023 18:00,18,6,8,1,1,Brooklyn,Midtown,23.84248683,74,1,UberXL,Sedan,Rainy,Medium,4.1,1,44.68
4884,08-11-2023 01:00,1,2,11,0,0,Downtown,Queens,15.83501217,51,3,Lyft,SUV,Rainy,Medium,4.3,1.5,35.58
4885,06-07-2023 07:00,7,3,7,0,1,Queens,Upper West,23.86593271,78,1,UberXL,Hatchback,Clear,,4.8,1,45.09
4886,20-05-2023 03:00,3,5,5,1,0,Brooklyn,Brooklyn,3.567229547,18,1,Standard,Sedan,Clear,Medium,4.9,1.5,13.83
4887,23-01-2023 20:00,20,0,1,0,1,Downtown,Upper West,15.45007374,48,1,UberX,Sedan,Cloudy,High,4.8,1,32.97
4888,16-11-2023 19:00,19,3,11,0,1,Midtown,Upper East,17.83358212,57,1,Standard,Hatchback,Clear,Low,3.7,1.5,35.16
4889,11-12-2023 08:00,8,0,12,0,1,Chinatown,Upper East,20.29316586,65,1,UberX,Hatchback,Clear,Low,4.4,1,36.43
4890,09-01-2023 06:00,6,0,1,0,0,Upper East,Midtown,21.14576752,67,1,Lyft,SUV,Clear,Medium,4.2,1,34.67
4891,24-01-2023 19:00,19,1,1,0,1,East Village,East Village,3.878092589,15,3,UberXL,SUV,Rainy,High,3.7,1,18.04
4892,02-02-2023 22:00,22,3,2,0,0,Downtown,Upper East,11.14409269,34,2,LyftPlus,Hatchback,Clear,High,4.3,1,23.57
4893,18-02-2023 22:00,22,5,2,1,0,Queens,Chinatown,5.344009958,22,4,Lyft,SUV,Clear,Medium,4,1.5,18.97
4894,08-01-2023 10:00,10,6,1,1,1,Queens,Midtown,11.24580788,37,1,LyftPlus,Sedan,Cloudy,High,4,1,25.28
4895,04-04-2023 12:00,12,1,4,0,0,Upper East,Financial District,12.82960496,43,1,UberX,SUV,Clear,High,3.6,1,27.57
4896,20-06-2023 06:00,6,1,6,0,0,Financial District,Soho,3.697789476,16,1,LyftPlus,Van,Clear,Medium,5,1,9.92
4897,31-01-2023 14:00,14,1,1,0,0,Lower East Side,Soho,24.41845213,76,4,UberX,Hatchback,Cloudy,Low,4.6,1,42.42
4898,17-09-2023 16:00,16,6,9,1,0,East Village,Downtown,8.720057022,33,1,UberX,SUV,Clear,Medium,3.9,1,22.4
4899,03-02-2023 06:00,6,4,2,0,0,Upper West,Financial District,13.92108816,45,1,UberX,Sedan,Rainy,Low,4.9,2,34.06
4900,13-11-2023 17:00,17,0,11,0,1,Downtown,Soho,3.993145686,17,3,UberXL,Hatchback,Clear,Medium,4.9,1,12.38
4901,27-04-2023 11:00,11,3,4,0,0,Financial District,Upper West,14.38697974,48,1,Lyft,SUV,Clear,Medium,4.7,2,33.75
4902,11-07-2023 04:00,4,1,7,0,0,Brooklyn,Downtown,8.933320785,32,1,UberX,Sedan,Clear,Medium,4.5,1.5,20.6
4903,01-11-2023 01:00,1,2,11,0,0,Upper West,Midtown,10.09283884,38,1,UberX,Sedan,Rainy,Low,4.1,1,23.45
4904,09-05-2023 12:00,12,1,5,0,0,East Village,Queens,3.748821822,14,1,Lyft,Hatchback,Clear,High,4.2,1,11.39
4905,31-01-2023 11:00,11,1,1,0,0,Financial District,Queens,10.92745717,37,3,Standard,Sedan,Clear,Medium,4.2,2,28.34
4906,17-02-2023 01:00,1,4,2,0,0,Tribeca,Midtown,10.54492371,36,1,Lyft,SUV,Snowy,Medium,4.9,1,22.94
4907,08-03-2023 21:00,21,2,3,0,0,Upper West,East Village,21.23731166,67,1,Lyft,SUV,Rainy,Very Heavy,4.6,1,40.81
4908,03-05-2023 05:00,5,2,5,0,0,Soho,Midtown,9.020065636,33,1,Lyft,SUV,Clear,Medium,3.9,2,27.01
4909,21-12-2023 20:00,20,3,12,0,1,Soho,Brooklyn,14.96467834,46,1,Lyft,SUV,Clear,Medium,4.4,1,28.59
4910,31-07-2023 10:00,10,0,7,0,1,Downtown,Queens,23.46337515,79,1,Standard,SUV,Clear,High,4.4,1,43.73
4911,23-10-2023 19:00,19,0,10,0,1,Downtown,Soho,21.34484188,73,1,UberXL,Sedan,Clear,High,4.7,1,39.55
4912,04-03-2023 02:00,2,5,3,1,0,Downtown,Tribeca,24.64577686,77,1,UberXL,SUV,Snowy,Low,3.6,1.5,49.95
4913,07-02-2023 05:00,5,1,2,0,0,East Village,Downtown,23.26774803,74,1,LyftPlus,Sedan,Snowy,High,4.6,1,44.01
4914,27-02-2023 22:00,22,0,2,0,0,Lower East Side,East Village,14.13959867,42,2,Standard,Sedan,Clear,Very Heavy,4,1,29.73
4915,22-05-2023 05:00,5,0,5,0,0,Lower East Side,Lower East Side,18.37182188,58,1,UberX,SUV,Clear,Medium,3.7,1,32.42
4916,26-06-2023 15:00,15,0,6,0,0,Tribeca,Upper East,4.816559978,26,2,Lyft,SUV,Cloudy,Medium,4.6,1.5,16.07
4917,06-07-2023 15:00,15,3,7,0,0,Financial District,Financial District,11.93566139,42,1,Lyft,Hatchback,Rainy,High,4,1.5,29.61
4918,05-04-2023 07:00,7,2,4,0,1,Brooklyn,East Village,19.77226835,66,1,UberXL,Hatchback,Clear,Low,4.6,1,35.04
4919,24-05-2023 00:00,0,2,5,0,0,Midtown,Upper East,14.8529292,48,4,UberXL,Sedan,Clear,Medium,3.7,1,27.79
4920,09-04-2023 19:00,19,6,4,1,1,Queens,East Village,17.21102224,56,1,Lyft,Sedan,Clear,High,5,1,34.71
4921,29-06-2023 16:00,16,3,6,0,0,Brooklyn,Tribeca,18.60902268,60,1,UberX,Sedan,Cloudy,Medium,4.7,1,32.56
4922,05-03-2023 03:00,3,6,3,1,0,Financial District,Chinatown,8.677475402,26,1,UberX,Sedan,,Low,3.9,2.5,30.41
4923,21-09-2023 14:00,14,3,9,0,0,Tribeca,East Village,23.72426949,76,1,Standard,SUV,Cloudy,Medium,4.6,1,41.17
4924,23-10-2023 08:00,8,0,10,0,1,East Village,Soho,13.24899347,46,1,Lyft,Sedan,Clear,Medium,3.7,2.5,42.06
4925,21-08-2023 18:00,18,0,8,0,1,Upper West,Midtown,8.212245527,34,1,LyftPlus,SUV,Cloudy,Medium,4.5,1.5,22.08
4926,02-05-2023 13:00,13,1,5,0,0,Brooklyn,Brooklyn,22.1413584,72,1,LyftPlus,Hatchback,Clear,High,3.6,1,37.18
4927,27-08-2023 19:00,19,6,8,1,1,Upper West,Downtown,13.0984506,43,1,Lyft,Hatchback,Clear,High,4,1.5,34
4928,17-11-2023 06:00,6,4,11,0,0,Midtown,Queens,13.93756272,46,2,LyftPlus,Hatchback,Clear,Medium,5,1,24.79
4929,18-02-2023 15:00,15,5,2,1,0,Lower East Side,Upper East,19.06914807,63,1,UberX,Hatchback,Clear,Very Heavy,3.7,1,36.98
4930,12-12-2023 22:00,22,1,12,0,0,Financial District,Chinatown,15.07076841,52,1,Lyft,Sedan,Clear,Very Heavy,4.4,1,30.75
4931,01-08-2023 21:00,21,1,8,0,0,Chinatown,Downtown,11.57470658,42,1,Lyft,Hatchback,Rainy,Low,3.6,2,34.87
4932,30-06-2023 07:00,7,4,6,0,1,Tribeca,East Village,21.3470912,62,1,Lyft,Sedan,Clear,Medium,4.5,1,41.24
4933,31-08-2023 02:00,2,3,8,0,0,Financial District,Midtown,15.99075347,56,1,UberX,Sedan,Clear,Medium,3.9,2,37.32
4934,02-06-2023 07:00,7,4,6,0,1,Queens,Downtown,11.04862514,34,1,UberX,Sedan,Clear,Low,4,2,31.85
4935,08-06-2023 01:00,1,3,6,0,0,East Village,Midtown,5.404057288,18,1,UberX,Sedan,Clear,Medium,4,1,12.92
4936,08-10-2023 18:00,18,6,10,1,1,Queens,Upper East,25.13146925,79,2,Lyft,SUV,Clear,Medium,3.8,2,57.58
4937,07-03-2023 17:00,17,1,3,0,1,Financial District,Soho,4.09421465,18,2,Standard,Sedan,Clear,Low,4.9,1,9.53
4938,03-04-2023 12:00,12,0,4,0,0,Queens,Soho,20.07935123,61,1,Standard,Van,Clear,Low,4.9,1,35.32
4939,12-02-2023 22:00,22,6,2,1,0,Lower East Side,Midtown,10.52425957,34,3,UberX,Hatchback,Clear,Low,4.8,2.5,35.73
4940,06-10-2023 19:00,19,4,10,0,1,Upper East,Midtown,17.07884793,57,2,UberX,Van,Clear,Low,3.7,1,30.94
4941,16-06-2023 08:00,8,4,6,0,1,Financial District,Brooklyn,23.14781948,75,1,UberX,Hatchback,Clear,Medium,3.9,1,43.08
4942,08-02-2023 01:00,1,2,2,0,0,Tribeca,Financial District,6.269107172,25,5,UberX,Van,Clear,Medium,4.4,1,15.64
4943,22-09-2023 22:00,22,4,9,0,0,Brooklyn,Chinatown,15.75917748,55,1,LyftPlus,Sedan,Rainy,Very Heavy,5,1,30.71
4944,01-04-2023 21:00,21,5,4,1,0,Tribeca,Brooklyn,20.32613454,69,1,Standard,SUV,Clear,Low,4.4,1,33.97
4945,14-05-2023 05:00,5,6,5,1,0,Upper East,Downtown,10.25883641,36,1,UberX,Sedan,Clear,Very Heavy,4,1,22.99
4946,09-09-2023 16:00,16,5,9,1,0,Chinatown,Upper West,20.61746886,66,3,UberX,SUV,Rainy,Low,4.7,1,36.35
4947,02-03-2023 22:00,22,3,3,0,0,Brooklyn,Brooklyn,13.06855249,41,1,UberX,Hatchback,Clear,Medium,3.7,2,33.57
4948,21-10-2023 05:00,5,5,10,1,0,Upper East,Downtown,9.747342784,32,1,UberX,SUV,Clear,Low,4.8,2.5,33.64
4949,28-07-2023 02:00,2,4,7,0,0,Brooklyn,Queens,17.17853539,52,1,LyftPlus,Sedan,Clear,High,5,1,31.75
4950,10-08-2023 04:00,4,3,8,0,0,Chinatown,Downtown,19.92175689,68,1,Lyft,SUV,Rainy,Low,5,1,34.17
4951,17-09-2023 05:00,5,6,9,1,0,Tribeca,Downtown,20.85030863,67,1,Lyft,Sedan,Rainy,Very Heavy,3.7,1,40.52
4952,23-10-2023 10:00,10,0,10,0,1,Chinatown,Lower East Side,19.22799339,64,2,Lyft,Hatchback,Cloudy,Low,4.3,2,44.5
4953,20-11-2023 17:00,17,0,11,0,1,Financial District,Midtown,9.946386482,42,1,UberX,SUV,Cloudy,Low,4.4,1,19.85
4954,29-01-2023 15:00,15,6,1,1,0,Downtown,Tribeca,25.90464732,89,1,UberX,Hatchback,Rainy,Medium,3.8,1,45.35
4955,14-07-2023 05:00,5,4,7,0,0,Soho,East Village,10.70695601,40,2,UberX,Van,Cloudy,High,4.3,2,34.5
4956,20-03-2023 22:00,22,0,3,0,0,Soho,Midtown,2.256690013,10,1,Lyft,Sedan,Clear,Very Heavy,4.5,1,10.58
4957,04-11-2023 21:00,21,5,11,1,0,Upper East,Chinatown,11.39621525,41,1,LyftPlus,Van,Clear,Medium,4,1,22.32
4958,25-07-2023 02:00,2,1,7,0,0,Soho,Midtown,6.35440019,24,1,Lyft,Van,Cloudy,High,4,1,15.95
4959,21-09-2023 10:00,10,3,9,0,1,Tribeca,Chinatown,4.087316418,14,3,UberX,SUV,Cloudy,High,3.6,2,23.67
4960,13-05-2023 15:00,15,5,5,1,0,Upper West,Chinatown,9.820210633,31,1,Lyft,Hatchback,Clear,Medium,4.9,1,19.61
4961,08-06-2023 05:00,5,3,6,0,0,Upper East,Tribeca,4.354765506,20,1,UberX,Sedan,Clear,High,4.7,1,11.61
4962,04-08-2023 18:00,18,4,8,0,1,Brooklyn,Tribeca,18.66293095,63,1,UberX,Van,Cloudy,Low,4.6,2,44.7
4963,15-06-2023 08:00,8,3,6,0,1,Chinatown,East Village,4.700208582,22,2,UberXL,SUV,Clear,Medium,3.5,1.5,22.28
4964,24-04-2023 04:00,4,0,4,0,0,Chinatown,Lower East Side,7.897841611,27,1,UberXL,Van,Clear,High,4.4,1,17.15
4965,08-01-2023 22:00,22,6,1,1,0,East Village,Upper West,5.503821804,20,1,LyftPlus,Sedan,Rainy,Medium,3.8,1,16.71
4966,25-02-2023 15:00,15,5,2,1,0,Queens,Lower East Side,4.861600495,16,1,Lyft,Hatchback,Clear,High,4.5,1,12.92
4967,07-12-2023 21:00,21,3,12,0,0,Tribeca,Chinatown,9.134602352,27,1,UberX,Sedan,Clear,High,4.4,1,19.54
4968,16-01-2023 18:00,18,0,1,0,1,Brooklyn,Queens,15.49621545,48,1,UberX,Sedan,Cloudy,High,4.8,1,32.41
4969,09-06-2023 13:00,13,4,6,0,0,Upper West,Brooklyn,24.14344026,75,1,UberX,Van,Clear,Low,3.9,1,36.82
4970,23-09-2023 20:00,20,5,9,1,1,East Village,Downtown,22.4924126,69,2,UberX,SUV,Cloudy,Low,3.5,1,37.9
4971,26-01-2023 15:00,15,3,1,0,0,Soho,Chinatown,23.09596048,72,5,UberX,Hatchback,Snowy,Low,4.9,1,42.78
4972,08-04-2023 02:00,2,5,4,1,0,Upper West,Brooklyn,8.838215794,37,1,Lyft,SUV,Cloudy,Very Heavy,4.9,1,17.38
4973,15-03-2023 02:00,2,2,3,0,0,Upper East,Lower East Side,9.356426562,31,1,UberX,Van,Snowy,Low,4.2,1,22.06
4974,20-01-2023 07:00,7,4,1,0,1,Lower East Side,Soho,5.058060553,14,1,LyftPlus,Hatchback,Clear,Medium,3.6,2.5,31.79
4975,27-06-2023 19:00,19,1,6,0,1,Chinatown,Upper East,21.34173329,69,2,UberXL,Sedan,Clear,Medium,4.2,1,39.94
4976,12-05-2023 14:00,14,4,5,0,0,Midtown,Upper West,4.932418346,21,1,UberX,Hatchback,Cloudy,Low,4.3,1,11.05
4977,01-06-2023 00:00,0,3,6,0,0,Midtown,Upper East,14.18699497,44,1,UberXL,Sedan,Clear,Medium,4.7,1,27.59
4978,25-07-2023 18:00,18,1,7,0,1,Soho,Downtown,7.719931898,30,2,Lyft,Hatchback,Clear,Low,4.6,1,16.58
4979,14-08-2023 17:00,17,0,8,0,1,Midtown,Tribeca,10.18472362,40,2,UberXL,Sedan,Rainy,Medium,3.6,1,24.41
4980,08-09-2023 04:00,4,4,9,0,0,Midtown,Downtown,4.286566599,17,1,UberX,SUV,Rainy,Very Heavy,4.6,1,15.92
4981,22-08-2023 11:00,11,1,8,0,0,Brooklyn,Queens,25.36609854,83,1,Standard,Hatchback,Rainy,High,3.7,1,45.46
4982,03-04-2023 04:00,4,0,4,0,0,Brooklyn,Brooklyn,18.66044964,63,1,UberX,SUV,Rainy,High,3.6,1,38.63
4983,13-09-2023 00:00,0,2,9,0,0,Queens,Chinatown,22.69695963,74,1,Standard,SUV,Rainy,Medium,4.1,1,42.89
4984,31-08-2023 10:00,10,3,8,0,1,Financial District,East Village,15.12344911,53,2,UberX,Hatchback,Rainy,High,3.6,1,32.47
4985,16-01-2023 22:00,22,0,1,0,0,Soho,Lower East Side,22.24509386,73,1,Lyft,Sedan,Clear,Very Heavy,4.7,1,39.89
4986,05-04-2023 00:00,0,2,4,0,0,Midtown,Lower East Side,16.97255091,53,1,UberXL,SUV,Clear,Very Heavy,4.2,1.5,37.83
4987,28-02-2023 20:00,20,1,2,0,1,Queens,Financial District,24.32068814,71,2,UberXL,Sedan,Rainy,Low,4.4,1,46.08
4988,14-09-2023 02:00,2,3,9,0,0,Soho,Chinatown,9.360993944,33,1,UberX,SUV,Clear,High,4.4,1,19.81
4989,16-01-2023 11:00,11,0,1,0,0,Midtown,Financial District,17.00699414,55,1,UberX,Sedan,Snowy,Low,5,1,31.75
4990,30-08-2023 22:00,22,2,8,0,0,Tribeca,East Village,18.83815654,56,1,Lyft,SUV,Cloudy,Medium,4.9,1,31.71
4991,20-08-2023 21:00,21,6,8,1,0,Chinatown,Tribeca,11.92645221,40,3,LyftPlus,Sedan,Rainy,Medium,4.8,1,27.77
4992,13-12-2023 03:00,3,2,12,0,0,Downtown,Financial District,23.00496233,73,1,UberXL,Hatchback,Snowy,High,4.1,1,42.2
4993,06-11-2023 21:00,21,0,11,0,0,Tribeca,Tribeca,25.25603906,81,1,UberX,Sedan,Rainy,Medium,3.7,1,44.42
4994,19-01-2023 14:00,14,3,1,0,0,East Village,Midtown,13.46546964,48,1,UberX,Sedan,Clear,Low,4.4,2,30.94
4995,27-02-2023 23:00,23,0,2,0,0,Soho,Queens,11.12038527,35,2,Lyft,SUV,Clear,High,4.2,1,25.43
4996,25-02-2023 20:00,20,5,2,1,1,Financial District,Chinatown,14.93472944,43,1,UberX,Sedan,Clear,Medium,3.8,2,39.46
4997,03-05-2023 11:00,11,2,5,0,0,East Village,Upper West,22.46649155,71,1,UberX,Sedan,Clear,Low,3.6,1.5,45.07
4998,06-09-2023 17:00,17,2,9,0,1,Queens,Brooklyn,17.60470488,60,5,Lyft,Hatchback,Clear,Medium,4.2,1,33.84
4999,20-07-2023 13:00,13,3,7,0,0,Queens,Brooklyn,3.183313159,18,3,UberXL,SUV,Rainy,Medium,4.5,1,14.1
5000,29-05-2023 17:00,17,0,5,0,1,Midtown,Upper West,13.13949054,42,5,UberX,Sedan,Clear,Low,4.4,1,27.6
